青岛特锐德电气股份有限公司,青岛特来电新能源有限公司,,,,,
青岛特来电新能源有限公司,青岛特锐德电气股份有限公司,,,,,
青岛特锐德电气股份有限公司,青岛特来电新能源有限公司,,,,,
青岛特锐德电气股份有限公司,青岛特来电新能源有限公司,,,,,
青岛特锐德电气股份有限公司,青岛特来电新能源有限公司,,,,,
青岛特锐德电气股份有限公司,青岛特来电新能源有限公司,,,,,
青岛特锐德电气股份有限公司,青岛特来电新能源有限公司,,,,,
青岛特锐德电气股份有限公司,青岛特来电新能源有限公司,,,,,
青岛特来电新能源有限公司,青岛特锐德电气股份有限公司,,,,,
青岛特锐德电气股份有限公司,青岛特来电新能源有限公司,,,,,
青岛特锐德电气股份有限公司,青岛特来电新能源有限公司,,,,,
青岛特来电新能源有限公司,青岛特锐德电气股份有限公司,,,,,
青岛特来电新能源有限公司,青岛特锐德电气股份有限公司,,,,,
青岛特来电新能源有限公司,青岛特锐德电气股份有限公司,,,,,
青岛特锐德电气股份有限公司,青岛特来电新能源有限公司,,,,,
青岛特锐德电气股份有限公司,青岛特来电新能源有限公司,,,,,
青岛特锐德电气股份有限公司,青岛特来电新能源有限公司,,,,,
青岛特锐德电气股份有限公司,青岛特来电新能源有限公司,,,,,
青岛特来电新能源有限公司,青岛特锐德电气股份有限公司,,,,,
青岛特来电新能源有限公司,青岛特锐德电气股份有限公司,,,,,
青岛特来电新能源有限公司,青岛特锐德电气股份有限公司,,,,,
青岛特锐德电气股份有限公司,青岛特来电新能源有限公司,,,,,
青岛特锐德电气股份有限公司,青岛特来电新能源有限公司,,,,,
青岛特来电新能源有限公司,青岛特锐德电气股份有限公司,,,,,
青岛特来电新能源有限公司,青岛特锐德电气股份有限公司,,,,,
青岛特来电新能源有限公司,青岛特锐德电气股份有限公司,,,,,
青岛特来电新能源有限公司,青岛特锐德电气股份有限公司,,,,,
青岛特来电新能源有限公司,青岛特锐德电气股份有限公司,,,,,
青岛特来电新能源有限公司,青岛特锐德电气股份有限公司,,,,,
青岛特来电新能源有限公司,青岛特锐德电气股份有限公司,,,,,
青岛特锐德电气股份有限公司,青岛特来电新能源有限公司,,,,,
青岛特锐德电气股份有限公司,青岛特来电新能源有限公司,,,,,
青岛特来电新能源有限公司,青岛特锐德电气股份有限公司,,,,,
青岛特锐德电气股份有限公司,青岛特来电新能源有限公司,,,,,
青岛特来电新能源有限公司,青岛特锐德电气股份有限公司,,,,,
青岛特来电新能源有限公司,青岛特锐德电气股份有限公司,,,,,
青岛特锐德电气股份有限公司,青岛特来电新能源有限公司,,,,,
青岛特来电新能源有限公司,青岛特锐德电气股份有限公司,,,,,
青岛特来电新能源有限公司,青岛特锐德电气股份有限公司,,,,,
青岛特来电新能源有限公司,青岛特锐德电气股份有限公司,,,,,
青岛特来电新能源有限公司,青岛特锐德电气股份有限公司,,,,,
青岛特锐德电气股份有限公司,青岛特来电新能源有限公司,,,,,
青岛特来电新能源有限公司,青岛特锐德电气股份有限公司,,,,,
青岛特锐德电气股份有限公司,青岛特来电新能源有限公司,,,,,
西安特锐德智能充电科技有限公司,青岛特锐德电气股份有限公司,,,,,
西安特锐德智能充电科技有限公司,青岛特锐德电气股份有限公司,,,,,
西安特锐德智能充电科技有限公司,青岛特锐德电气股份有限公司,,,,,
西安特锐德智能充电科技有限公司,青岛特锐德电气股份有限公司,,,,,
西安特锐德智能充电科技有限公司,青岛特锐德电气股份有限公司,,,,,
青岛特来电新能源有限公司,青岛特锐德电气股份有限公司,,,,,
西安特锐德智能充电科技有限公司,青岛特锐德电气股份有限公司,,,,,
西安特锐德智能充电科技有限公司,青岛特锐德电气股份有限公司,,,,,
西安特锐德智能充电科技有限公司,青岛特锐德电气股份有限公司,,,,,
西安特锐德智能充电科技有限公司,青岛特锐德电气股份有限公司,,,,,
青岛特来电新能源有限公司,青岛特锐德电气股份有限公司,,,,,
西安特锐德智能充电科技有限公司,青岛特锐德电气股份有限公司,,,,,
西安特锐德智能充电科技有限公司,青岛特锐德电气股份有限公司,,,,,
青岛特锐德电气股份有限公司,青岛特来电新能源有限公司,,,,,
西安特锐德智能充电科技有限公司,青岛特锐德电气股份有限公司,,,,,
青岛特来电新能源有限公司,青岛特锐德电气股份有限公司,,,,,
西安特锐德智能充电科技有限公司,青岛特锐德电气股份有限公司,,,,,
西安特锐德智能充电科技有限公司,青岛特锐德电气股份有限公司,,,,,
青岛特锐德电气股份有限公司,青岛特来电新能源有限公司,,,,,
西安特锐德智能充电科技有限公司,青岛特锐德电气股份有限公司,,,,,
西安特锐德智能充电科技有限公司,青岛特锐德电气股份有限公司,,,,,
西安特锐德智能充电科技有限公司,青岛特锐德电气股份有限公司,,,,,
青岛特来电新能源有限公司,青岛特锐德电气股份有限公司,,,,,
西安特锐德智能充电科技有限公司,青岛特锐德电气股份有限公司,,,,,
青岛特来电新能源有限公司,青岛特锐德电气股份有限公司,,,,,
中国海洋石油总公司,中海油能源发展股份有限公司,中海油能源发展股份有限公司采油服务分公司,天海融合防务装备技术股份有限公司,,,
中国海洋石油总公司,中海油能源发展股份有限公司,中海油能源发展股份有限公司采油服务分公司,天海融合防务装备技术股份有限公司,,,
中国海洋石油总公司,中海油能源发展股份有限公司,中海油能源发展股份有限公司采油服务分公司,天海融合防务装备技术股份有限公司,,,
胜利油田胜机石油装备有限公司,沈阳新松机器人自动化股份有限公司,,,,,
中国移动通信集团辽宁有限公司沈阳分公司,沈阳新松机器人自动化股份有限公司,上海柯斯软件股份有限公司,,,,
中国移动通信集团辽宁有限公司沈阳分公司,沈阳新松机器人自动化股份有限公司,上海柯斯软件股份有限公司,,,,
广东电网有限责任公司电力科学研究院,沈阳新松机器人自动化股份有限公司,,,,,
沈阳新松机器人自动化股份有限公司,浙江工业大学,杭州博华激光技术有限公司,,,,
广东电网有限责任公司电力科学研究院,沈阳新松机器人自动化股份有限公司,,,,,
广东电网有限责任公司电力科学研究院,沈阳新松机器人自动化股份有限公司,,,,,
广东电网有限责任公司电力科学研究院,沈阳新松机器人自动化股份有限公司,,,,,
胜利油田胜机石油装备有限公司,沈阳新松机器人自动化股份有限公司,,,,,
广东电网有限责任公司电力科学研究院,沈阳新松机器人自动化股份有限公司,,,,,
沈阳新松机器人自动化股份有限公司,中国科学院国有资产经营有限责任公司,,,,,
沈阳新松机器人自动化股份有限公司,中国科学院国有资产经营有限责任公司,,,,,
沈阳新松机器人自动化股份有限公司,中国科学院国有资产经营有限责任公司,,,,,
沈阳新松机器人自动化股份有限公司,中国科学院国有资产经营有限责任公司,,,,,
沈阳新松机器人自动化股份有限公司,中国科学院国有资产经营有限责任公司,,,,,
沈阳新松机器人自动化股份有限公司,中国科学院国有资产经营有限责任公司,,,,,
沈阳新松机器人自动化股份有限公司,中国科学院国有资产经营有限责任公司,,,,,
沈阳新松机器人自动化股份有限公司,中国科学院国有资产经营有限责任公司,,,,,
沈阳新松机器人自动化股份有限公司,中国科学院国有资产经营有限责任公司,,,,,
沈阳新松机器人自动化股份有限公司,中国科学院国有资产经营有限责任公司,,,,,
沈阳新松机器人自动化股份有限公司,中国科学院国有资产经营有限责任公司,,,,,
沈阳新松机器人自动化股份有限公司,中国科学院国有资产经营有限责任公司,,,,,
沈阳新松机器人自动化股份有限公司,中国科学院国有资产经营有限责任公司,,,,,
沈阳新松机器人自动化股份有限公司,中国科学院国有资产经营有限责任公司,,,,,
沈阳新松机器人自动化股份有限公司,中国科学院国有资产经营有限责任公司,,,,,
沈阳新松机器人自动化股份有限公司,中国科学院国有资产经营有限责任公司,,,,,
沈阳新松机器人自动化股份有限公司,中国科学院国有资产经营有限责任公司,,,,,
沈阳新松机器人自动化股份有限公司,中国科学院国有资产经营有限责任公司,,,,,
沈阳新松机器人自动化股份有限公司,中国科学院国有资产经营有限责任公司,,,,,
沈阳新松机器人自动化股份有限公司,中国科学院国有资产经营有限责任公司,,,,,
沈阳新松机器人自动化股份有限公司,中国科学院国有资产经营有限责任公司,,,,,
沈阳新松机器人自动化股份有限公司,中国科学院国有资产经营有限责任公司,,,,,
沈阳新松机器人自动化股份有限公司,中国科学院国有资产经营有限责任公司,,,,,
沈阳新松机器人自动化股份有限公司,中国科学院国有资产经营有限责任公司,,,,,
沈阳新松机器人自动化股份有限公司,中国科学院国有资产经营有限责任公司,,,,,
沈阳新松机器人自动化股份有限公司,中国科学院国有资产经营有限责任公司,,,,,
沈阳新松机器人自动化股份有限公司,中国科学院国有资产经营有限责任公司,,,,,
沈阳新松机器人自动化股份有限公司,中国科学院国有资产经营有限责任公司,,,,,
沈阳新松机器人自动化股份有限公司,中国科学院国有资产经营有限责任公司,,,,,
中国移动通信集团辽宁有限公司沈阳分公司,沈阳新松机器人自动化股份有限公司,上海柯斯软件股份有限公司,,,,
沈阳新松机器人自动化股份有限公司,中国科学院国有资产经营有限责任公司,,,,,
沈阳新松机器人自动化股份有限公司,中国科学院国有资产经营有限责任公司,,,,,
沈阳新松机器人自动化股份有限公司,中国科学院国有资产经营有限责任公司,,,,,
沈阳新松机器人自动化股份有限公司,中国科学院国有资产经营有限责任公司,,,,,
沈阳新松机器人自动化股份有限公司,中国科学院国有资产经营有限责任公司,,,,,
沈阳新松机器人自动化股份有限公司,中国科学院国有资产经营有限责任公司,,,,,
沈阳新松机器人自动化股份有限公司,中国科学院控股有限公司,,,,,
沈阳新松机器人自动化股份有限公司,新乡化纤股份有限公司,,,,,
辽宁省电能计量器具检定站有限公司,沈阳新松机器人自动化股份有限公司,,,,,
国家电网公司,沈阳新松机器人自动化股份有限公司,,,,,
沈阳新松机器人自动化股份有限公司,辽宁省电能计量器具检定站有限公司,,,,,
沈阳新松机器人自动化股份有限公司,中国科学院控股有限公司,,,,,
沈阳新松机器人自动化股份有限公司,新乡化纤股份有限公司,,,,,
中国人民解放军火箭军工程设计研究院,沈阳新松机器人自动化股份有限公司,,,,,
中国人民解放军火箭军工程设计研究院,沈阳新松机器人自动化股份有限公司,,,,,
沈阳新松机器人自动化股份有限公司,中国科学院控股有限公司,,,,,
沈阳新松机器人自动化股份有限公司,中国科学院控股有限公司,,,,,
沈阳新松机器人自动化股份有限公司,中国科学院控股有限公司,,,,,
沈阳新松机器人自动化股份有限公司,中国科学院控股有限公司,,,,,
上汽通用汽车有限公司,沈阳新松机器人自动化股份有限公司,,,,,
沈阳新松机器人自动化股份有限公司,中国科学院控股有限公司,,,,,
沈阳新松机器人自动化股份有限公司,中国科学院控股有限公司,,,,,
风神物流有限公司,沈阳新松机器人自动化股份有限公司,,,,,
沈阳新松机器人自动化股份有限公司,辽宁省电能计量器具检定站有限公司,,,,,
上汽通用汽车有限公司,沈阳新松机器人自动化股份有限公司,,,,,
风神物流有限公司,沈阳新松机器人自动化股份有限公司,,,,,
沈阳新松机器人自动化股份有限公司,中国科学院控股有限公司,,,,,
沈阳新松机器人自动化股份有限公司,中国科学院控股有限公司,,,,,
华中科技大学,武汉华中数控股份有限公司,,,,,
华中科技大学,武汉华中数控股份有限公司,,,,,
华中科技大学,武汉华中数控股份有限公司,,,,,
华中科技大学,武汉华中数控股份有限公司,,,,,
武汉华中数控股份有限公司,武汉华大新型电机科技股份有限公司,,,,,
华中科技大学,武汉华中数控股份有限公司,,,,,
华中科技大学,武汉华中数控股份有限公司,,,,,
华中科技大学,武汉华中数控股份有限公司,,,,,
华中科技大学,武汉华中数控股份有限公司,襄阳华中科技大学先进制造工程研究院,,,,
湖北工业大学,湖北三环汽车方向机有限公司,武汉华中数控股份有限公司,,,,
华中科技大学,武汉华中数控股份有限公司,,,,,
华中科技大学,武汉华中数控股份有限公司,,,,,
华中科技大学,武汉华中数控股份有限公司,,,,,
华中科技大学,武汉华中数控股份有限公司,,,,,
华中科技大学,武汉华中数控股份有限公司,,,,,
江苏长海复合材料股份有限公司,江南石墨烯研究院,,,,,
深圳市飞荣达科技股份有限公司,天津市飞荣达科技有限公司,,,,,
深圳市飞荣达科技股份有限公司,天津市飞荣达科技有限公司,,,,,
天津市飞荣达科技有限公司,深圳市飞荣达科技股份有限公司,,,,,
国网山西省电力公司信息通信分公司,北京神州泰岳软件股份有限公司,,,,,
国网山西省电力公司信息通信分公司,北京神州泰岳软件股份有限公司,,,,,
?上海形状记忆合金材料有限公司,乐普（北京）医疗器械股份有限公司,,,,,
上海形状记忆合金材料有限公司,乐普（北京）医疗器械股份有限公司,,,,,
?上海形状记忆合金材料有限公司,乐普（北京）医疗器械股份有限公司,,,,,
?上海形状记忆合金材料有限公司,乐普（北京）医疗器械股份有限公司,,,,,
?上海形状记忆合金材料有限公司,乐普（北京）医疗器械股份有限公司,,,,,
?上海形状记忆合金材料有限公司,乐普（北京）医疗器械股份有限公司,,,,,
?上海形状记忆合金材料有限公司,乐普（北京）医疗器械股份有限公司,,,,,
?上海形状记忆合金材料有限公司,乐普（北京）医疗器械股份有限公司,,,,,
?上海形状记忆合金材料有限公司,乐普（北京）医疗器械股份有限公司,,,,,
南方风机股份有限公司,中国核电工程有限公司,,,,,
东华大学,南方风机股份有限公司,,,,,
东华大学,南方风机股份有限公司,,,,,
东华大学,南方风机股份有限公司,,,,,
重庆莱美药业股份有限公司,深圳市固美精塑科技有限公司,,,,,
中国铁路总公司,中国铁道科学研究院,北京鼎汉技术集团股份有限公司,北京铁通康达铁路通信信号设备有限公司,北京国铁路阳技术有限公司,北京津宇嘉信科技开发有限公司,
中国铁路总公司,中国铁道科学研究院,北京鼎汉技术集团股份有限公司,北京铁通康达铁路通信信号设备有限公司,北京国铁路阳技术有限公司,北京津宇嘉信科技开发有限公司,
国家电网公司,江苏省电力公司,江苏省电力公司扬州供电公司,武汉中元华电科技股份有限公司,,,
国家电网公司,国网河南省电力公司电力科学研究院,武汉中元华电科技股份有限公司,,,,
贵州电力试验研究院,武汉中元华电科技股份有限公司,,,,,
国网安徽省电力公司,安徽继远电网技术有限责任公司,武汉中元华电科技股份有限公司,,,,
国家电网公司,江苏省电力公司,江苏省电力公司电力科学研究院,武汉中元华电科技股份有限公司,,,
国家电网公司,江苏省电力公司,江苏省电力公司扬州供电公司,武汉凯默电气有限公司,,,
国网安徽省电力公司,安徽继远电网技术有限责任公司,武汉中元华电科技股份有限公司,,,,
贵州电力试验研究院,武汉中元华电科技股份有限公司,,,,,
贵州电力试验研究院,武汉中元华电科技股份有限公司,,,,,
华北电网有限公司,武汉中元华电科技股份有限公司,,,,,
华中电网有限公司,武汉中元华电科技股份有限公司,,,,,
国家电网公司,江苏省电力公司,江苏省电力公司电力科学研究院,武汉中元华电科技股份有限公司,,,
江苏省电力公司电力科学研究院,武汉中元华电科技股份有限公司,江苏省电力公司,国家电网公司,,,
广东电网有限责任公司电力调度控制中心,武汉中元华电科技股份有限公司,,,,,
广东电网有限责任公司电力调度控制中心,武汉中元华电科技股份有限公司,,,,,
广东电网有限责任公司电力调度控制中心,武汉中元华电科技股份有限公司,,,,,
中国电力科学研究院,国家电网公司,武汉中元华电科技股份有限公司,,,,
国家电网公司,江苏省电力公司,江苏省电力公司电力科学研究院,武汉中元华电科技股份有限公司,,,
中国南方电网有限责任公司电网技术研究中心,南方电网科学研究院有限责任公司,武汉中元华电科技股份有限公司,贵州电网有限责任公司电力科学研究院,广西电网有限责任公司电力科学研究院,,
中国南方电网有限责任公司电网技术研究中心,南方电网科学研究院有限责任公司,中国南方电网有限责任公司,武汉中元华电科技股份有限公司,贵州电网有限责任公司电力科学研究院,广西电网有限责任公司电力科学研究院,
中国南方电网有限责任公司电网技术研究中心,南方电网科学研究院有限责任公司,中国南方电网有限责任公司,武汉中元华电科技股份有限公司,广西电网有限责任公司电力科学研究院,贵州电网有限责任公司电力科学研究院,
国网浙江省电力公司绍兴供电公司,国家电网公司,国网浙江省电力公司,武汉中元华电科技股份有限公司,,,
国网河南省电力公司平顶山供电公司,武汉中元华电科技股份有限公司,,,,,
中国南方电网有限责任公司电网技术研究中心,南方电网科学研究院有限责任公司,中国南方电网有限责任公司,武汉中元华电科技股份有限公司,广西电网有限责任公司电力科学研究院,贵州电网有限责任公司电力科学研究院,
成都硅宝科技股份有限公司,上海小糸车灯有限公司,,,,,
成都硅宝科技股份有限公司,上海小糸车灯有限公司,,,,,
成都硅宝科技股份有限公司,北京化工大学,,,,,
成都硅宝科技股份有限公司,四川大学,,,,,
成都硅宝科技股份有限公司,北京化工大学,,,,,
成都硅宝科技股份有限公司,北京化工大学,,,,,
成都硅宝科技股份有限公司,北京化工大学,,,,,
银江股份有限公司,同济大学,,,,,
杭州市公安局交通警察支队,银江股份有限公司,,,,,
银江股份有限公司,同济大学,,,,,
杭州师范大学,银江股份有限公司,,,,,
银江股份有限公司,杭州师范大学,,,,,
定西大禹节水有限责任公司,大禹节水集团股份有限公司,大禹节水(酒泉)有限公司,,,,
定西大禹节水有限责任公司,大禹节水集团股份有限公司,大禹节水(酒泉)有限公司,,,,
定西大禹节水有限责任公司,大禹节水集团股份有限公司,大禹节水(酒泉)有限公司,,,,
大禹节水集团股份有限公司,玉溪市水利局,,,,,
甘肃大禹黑枸杞农业科技有限公司,大禹节水集团股份有限公司,,,,,
甘肃大禹黑枸杞农业科技有限公司,大禹节水集团股份有限公司,,,,,
甘肃大禹黑枸杞农业科技有限公司,大禹节水集团股份有限公司,,,,,
甘肃大禹黑枸杞农业科技有限公司,大禹节水集团股份有限公司,,,,,
甘肃大禹黑枸杞农业科技有限公司,大禹节水集团股份有限公司,,,,,
甘肃大禹黑枸杞农业科技有限公司,大禹节水集团股份有限公司,,,,,
甘肃大禹黑枸杞农业科技有限公司,大禹节水集团股份有限公司,,,,,
清华大学,天津红日药业股份有限公司,,,,,
天津红日药业股份有限公司,中国科学院上海药物研究所,,,,,
天津红日健达康医药科技有限公司,,,,,,
阳普医疗（湖南）有限公司,广州阳普医疗科技股份有限公司,,,,,
阳普医疗（湖南）有限公司,广州阳普医疗科技股份有限公司,,,,,
无锡宝通科技股份有限公司,北京化工大学,,,,,
北京化工大学,无锡宝通科技股份有限公司,,,,,
北京化工大学,无锡宝通科技股份有限公司,,,,,
无锡宝通科技股份有限公司,北京化工大学,,,,,
无锡宝通科技股份有限公司,北京化工大学,,,,,
无锡宝通科技股份有限公司,北京化工大学,,,,,
无锡宝通科技股份有限公司,北京化工大学,,,,,
北京化工大学,无锡宝通科技股份有限公司,,,,,
无锡宝通科技股份有限公司,北京化工大学,,,,,
北京化工大学,无锡宝通科技股份有限公司,,,,,
无锡宝通科技股份有限公司,北京化工大学,,,,,
无锡宝通科技股份有限公司,北京化工大学,,,,,
无锡宝通科技股份有限公司,北京化工大学,,,,,
无锡宝通科技股份有限公司,北京化工大学,,,,,
浙江核新同花顺网络信息股份有限公司,核新金融信息服务公司,,,,,
浙江核新同花顺网络信息股份有限公司,核新金融信息服务公司,,,,,
浙江核新同花顺网络信息股份有限公司,核新金融信息服务公司,,,,,
浙江核新同花顺网络信息股份有限公司,核新金融信息服务公司,,,,,
浙江核新同花顺网络信息股份有限公司,核新金融信息服务公司,,,,,
钢铁研究总院,北京钢研高纳科技股份有限公司,,,,,
北京钢研高纳科技股份有限公司,贵州航宇科技发展股份有限公司,,,,,
西部钛业有限责任公司,北京钢研高纳科技股份有限公司,,,,,
成都地图慧科技有限公司,北京超图软件股份有限公司,,,,,
深圳新宙邦科技股份有限公司,惠州市宙邦化工有限公司,,,,,
湖北回天新材料股份有限公司,上海回天新材料有限公司,广州回天新材料有限公司,常州回天新材料有限公司,,,
湖北回天新材料股份有限公司,上海回天新材料有限公司,广州回天新材料有限公司,常州回天新材料有限公司,,,
湖北回天新材料股份有限公司,上海回天新材料有限公司,广州回天新材料有限公司,常州回天新材料有限公司,,,
湖北回天新材料股份有限公司,上海回天新材料有限公司,广州回天新材料有限公司,常州回天新材料有限公司,,,
湖北回天新材料股份有限公司,上海回天新材料有限公司,广州回天新材料有限公司,常州回天新材料有限公司,,,
湖北回天新材料股份有限公司,上海回天新材料有限公司,广州回天新材料有限公司,常州回天新材料有限公司,,,
湖北回天新材料股份有限公司,上海回天新材料有限公司,广州回天新材料有限公司,常州回天新材料有限公司,,,
湖北回天新材料股份有限公司,上海回天新材料有限公司,广州回天新材料有限公司,常州回天新材料有限公司,,,
湖北回天新材料股份有限公司,上海回天新材料有限公司,广州回天新材料有限公司,常州回天新材料有限公司,,,
湖北台基半导体股份有限公司,襄阳市百泰电力电子有限公司,,,,,
湖北台基半导体股份有限公司,襄阳市百泰电力电子有限公司,,,,,
襄阳市百泰电力电子有限公司,湖北台基半导体股份有限公司,,,,,
湖北台基半导体股份有限公司,襄阳市百泰电力电子有限公司,,,,,
湖北台基半导体股份有限公司,襄阳市百泰电力电子有限公司,,,,,
华中科技大学,湖北台基半导体股份有限公司,,,,,
北京万邦达环保技术股份有限公司,北京化工大学,,,,,
北京万邦达环保技术股份有限公司,晋纬工程股份有限公司,,,,,
北京万邦达环保技术股份有限公司,晋纬工程股份有限公司,,,,,
北京万邦达环保技术股份有限公司,晋纬工程股份有限公司,,,,,
北京万邦达环保技术股份有限公司,北京化工大学,,,,,
北京万邦达环保技术股份有限公司,晋纬工程股份有限公司,,,,,
北京万邦达环保技术股份有限公司,晋纬工程股份有限公司,,,,,
北京万邦达环保技术股份有限公司,晋纬工程股份有限公司,,,,,
北京万邦达环保技术股份有限公司,晋纬工程股份有限公司,,,,,
北京万邦达环保技术股份有限公司,晋纬工程股份有限公司,,,,,
北京万邦达环保技术股份有限公司,北京化工大学,,,,,
北京万邦达环保技术股份有限公司,晋纬工程股份有限公司,,,,,
北京万邦达环保技术股份有限公司,晋纬工程股份有限公司,,,,,
北京万邦达环保技术股份有限公司,晋纬工程股份有限公司,,,,,
北京万邦达环保技术股份有限公司,晋纬工程股份有限公司,,,,,
北京万邦达环保技术股份有限公司,北京化工大学,,,,,
北京万邦达环保技术股份有限公司,晋纬工程股份有限公司,,,,,
北京万邦达环保技术股份有限公司,北京化工大学,,,,,
北京万邦达环保技术股份有限公司,晋纬工程股份有限公司,,,,,
北京万邦达环保技术股份有限公司,北京化工大学,,,,,
北京万邦达环保技术股份有限公司,晋纬工程股份有限公司,,,,,
北京万邦达环保技术股份有限公司,晋纬工程股份有限公司,,,,,
北京万邦达环保技术股份有限公司,晋纬工程股份有限公司,,,,,
北京万邦达环保技术股份有限公司,晋纬工程股份有限公司,,,,,
北京万邦达环保技术股份有限公司,晋纬工程股份有限公司,,,,,
北京万邦达环保技术股份有限公司,晋纬工程股份有限公司,,,,,
北京万邦达环保技术股份有限公司,北京化工大学,,,,,
北京万邦达环保技术股份有限公司,北京化工大学,,,,,
汕头万顺新材集团股份有限公司,汕头万顺新材集团股份有限公司光电薄膜分公司,,,,,
汕头万顺新材集团股份有限公司,汕头万顺新材集团股份有限公司光电薄膜分公司,,,,,
汕头万顺新材集团股份有限公司,汕头万顺新材集团股份有限公司光电薄膜分公司,,,,,
汕头万顺新材集团股份有限公司,汕头万顺新材集团股份有限公司光电薄膜分公司,,,,,
汕头万顺新材集团股份有限公司,汕头万顺新材集团股份有限公司光电薄膜分公司,,,,,
汕头万顺新材集团股份有限公司,汕头万顺新材集团股份有限公司光电薄膜分公司,,,,,
汕头万顺新材集团股份有限公司,汕头万顺新材集团股份有限公司光电薄膜分公司,,,,,
汕头万顺新材集团股份有限公司,汕头万顺新材集团股份有限公司光电薄膜分公司,,,,,
汕头万顺新材集团股份有限公司,汕头万顺新材集团股份有限公司光电薄膜分公司,,,,,
汕头万顺新材集团股份有限公司,汕头万顺新材集团股份有限公司光电薄膜分公司,,,,,
汕头万顺新材集团股份有限公司,汕头万顺新材集团股份有限公司光电薄膜分公司,,,,,
汕头万顺新材集团股份有限公司,汕头万顺新材集团股份有限公司光电薄膜分公司,,,,,
汕头万顺新材集团股份有限公司,汕头万顺新材集团股份有限公司光电薄膜分公司,,,,,
汕头万顺新材集团股份有限公司,汕头万顺新材集团股份有限公司光电薄膜分公司,,,,,
北京博大华电测控技术有限公司,铁道第三勘察设计院集团有限公司,中能电气股份有限公司,,,,
东华大学,上海安诺其集团股份有限公司,,,,,
上海安诺其集团股份有限公司,东华大学,,,,,
上海安诺其集团股份有限公司,浙江安诺其助剂有限公司,,,,,
上海安诺其集团股份有限公司,浙江安诺其助剂有限公司,,,,,
江苏安诺其化工有限公司,上海安诺其集团股份有限公司,,,,,
上海安诺其集团股份有限公司,江苏安诺其化工有限公司,,,,,
上海安诺其集团股份有限公司,浙江安诺其助剂有限公司,,,,,
上海安诺其集团股份有限公司,浙江安诺其助剂有限公司,,,,,
上海安诺其集团股份有限公司,浙江安诺其助剂有限公司,,,,,
江苏安诺其化工有限公司,上海安诺其数码科技有限公司,上海安诺其集团股份有限公司,,,,
江苏安诺其化工有限公司,上海安诺其数码科技有限公司,上海安诺其集团股份有限公司,,,,
江苏安诺其化工有限公司,上海安诺其数码科技有限公司,上海安诺其集团股份有限公司,,,,
烟台安诺其精细化工有限公司,上海安诺其集团股份有限公司,东营安诺其纺织材料有限公司,,,,
上海安诺其数码科技有限公司,上海安诺其集团股份有限公司,江苏安诺其化工有限公司,,,,
上海安诺其集团股份有限公司,上海安诺其数码科技有限公司,,,,,
江苏安诺其化工有限公司,上海安诺其数码科技有限公司,上海安诺其集团股份有限公司,,,,
江苏安诺其化工有限公司,上海安诺其数码科技有限公司,上海安诺其集团股份有限公司,,,,
江苏安诺其化工有限公司,上海安诺其数码科技有限公司,上海安诺其集团股份有限公司,,,,
江苏安诺其化工有限公司,上海安诺其数码科技有限公司,上海安诺其集团股份有限公司,,,,
江苏安诺其化工有限公司,上海安诺其数码科技有限公司,上海安诺其集团股份有限公司,,,,
上海安诺其集团股份有限公司,江苏安诺其化工有限公司,,,,,
上海安诺其数码科技有限公司,上海安诺其集团股份有限公司,江苏安诺其化工有限公司,,,,
上海安诺其集团股份有限公司,烟台安诺其精细化工有限公司,,,,,
江苏安诺其化工有限公司,上海安诺其数码科技有限公司,上海安诺其集团股份有限公司,,,,
浙江南都电源动力股份有限公司,杭州南都动力科技有限公司,,,,,
浙江南都电源动力股份有限公司,杭州南都动力科技有限公司,,,,,
浙江南都电源动力股份有限公司,杭州南都动力科技有限公司,,,,,
浙江南都电源动力股份有限公司,杭州南都动力科技有限公司,,,,,
浙江南都电源动力股份有限公司,杭州南都动力科技有限公司,,,,,
浙江南都电源动力股份有限公司,杭州南都动力科技有限公司,,,,,
浙江南都电源动力股份有限公司,杭州南都动力科技有限公司,,,,,
浙江南都电源动力股份有限公司,杭州南都动力科技有限公司,,,,,
浙江南都电源动力股份有限公司,杭州南都动力科技有限公司,,,,,
浙江南都电源动力股份有限公司,杭州南都动力科技有限公司,,,,,
浙江南都电源动力股份有限公司,杭州南都动力科技有限公司,,,,,
浙江南都电源动力股份有限公司,杭州南都动力科技有限公司,,,,,
浙江南都电源动力股份有限公司,杭州南都动力科技有限公司,,,,,
浙江南都电源动力股份有限公司,杭州南都动力科技有限公司,,,,,
中国电力科学研究院,国家电网公司,国网河北省电力公司,浙江南都电源动力股份有限公司,,,
浙江南都电源动力股份有限公司,杭州南都动力科技有限公司,,,,,
浙江南都电源动力股份有限公司,杭州南都动力科技有限公司,,,,,
浙江南都电源动力股份有限公司,杭州南都动力科技有限公司,,,,,
浙江南都电源动力股份有限公司,杭州南都动力科技有限公司,,,,,
浙江南都电源动力股份有限公司,杭州南都动力科技有限公司,,,,,
浙江南都电源动力股份有限公司,杭州南都动力科技有限公司,,,,,
浙江南都电源动力股份有限公司,杭州南都动力科技有限公司,,,,,
浙江南都电源动力股份有限公司,杭州南都动力科技有限公司,,,,,
广东电网有限责任公司电力科学研究院,浙江南都电源动力股份有限公司,,,,,
浙江南都电源动力股份有限公司,杭州南都动力科技有限公司,,,,,
浙江大学,浙江南都电源动力股份有限公司,,,,,
浙江南都电源动力股份有限公司,上海核工程研究设计院,,,,,
浙江南都电源动力股份有限公司,杭州南都动力科技有限公司,,,,,
浙江南都电源动力股份有限公司,杭州南都动力科技有限公司,,,,,
浙江南都电源动力股份有限公司,杭州南都动力科技有限公司,,,,,
浙江南都电源动力股份有限公司,杭州南都动力科技有限公司,,,,,
浙江南都电源动力股份有限公司,杭州南都动力科技有限公司,,,,,
浙江南都电源动力股份有限公司,杭州南都动力科技有限公司,,,,,
浙江南都电源动力股份有限公司,杭州南都动力科技有限公司,,,,,
浙江南都电源动力股份有限公司,杭州南都动力科技有限公司,,,,,
浙江南都电源动力股份有限公司,杭州南都动力科技有限公司,,,,,
清华大学,北京碧水源科技股份有限公司,,,,,
沈阳三聚凯特催化剂有限公司,北京三聚环保新材料股份有限公司,,,,,
北京三聚创洁科技发展有限公司,北京三聚环保新材料股份有限公司,,,,,
北京三聚创洁科技发展有限公司,北京三聚环保新材料股份有限公司,,,,,
沈阳三聚凯特催化剂有限公司,北京三聚环保新材料股份有限公司,,,,,
沈阳三聚凯特催化剂有限公司,北京三聚环保新材料股份有限公司,,,,,
北京三聚创洁科技发展有限公司,福建三聚福大化肥催化剂国家工程研究中心有限公司,北京三聚环保新材料股份有限公司,,,,
北京三聚创洁科技发展有限公司,北京三聚环保新材料股份有限公司,,,,,
北京三聚创洁科技发展有限公司,北京三聚环保新材料股份有限公司,,,,,
北京三聚创洁科技发展有限公司,北京三聚环保新材料股份有限公司,,,,,
沈阳三聚凯特催化剂有限公司,北京三聚环保新材料股份有限公司,,,,,
北京三聚创洁科技发展有限公司,北京三聚环保新材料股份有限公司,,,,,
北京三聚创洁科技发展有限公司,福建三聚福大化肥催化剂国家工程研究中心有限公司,北京三聚环保新材料股份有限公司,,,,
北京三聚环保新材料股份有限公司,福建三聚福大化肥催化剂国家工程研究中心有限公司,,,,,
北京三聚环保新材料股份有限公司,南京农业大学,,,,,
北京三聚环保新材料股份有限公司,武汉金中石化工程有限公司,,,,,
北京三聚环保新材料股份有限公司,武汉金中石化工程有限公司,,,,,
沈阳三聚凯特催化剂有限公司,北京三聚环保新材料股份有限公司,,,,,
南京农业大学,北京三聚环保新材料股份有限公司,,,,,
北京三聚环保新材料股份有限公司,南京农业大学,,,,,
北京当升材料科技股份有限公司,江苏当升材料科技有限公司,,,,,
北京当升材料科技股份有限公司,江苏当升材料科技有限公司,,,,,
北京当升材料科技股份有限公司,江苏当升材料科技有限公司,,,,,
华平信息技术股份有限公司,华平智慧科技（北京）有限公司,,,,,
华平信息技术股份有限公司,华平智慧科技（北京）有限公司,,,,,
杭州思创汇联科技有限公司,思创医惠科技股份有限公司,,,,,
杭州思创宣道信息技术有限公司,思创医惠科技股份有限公司,杭州思创汇联科技有限公司,,,,
思创医惠科技股份有限公司,杭州思创宣道信息技术有限公司,杭州思创汇联科技有限公司,,,,
思创医惠科技股份有限公司,杭州思创宣道信息技术有限公司,杭州思创汇联科技有限公司,,,,
杭州思创宣道信息技术有限公司,思创医惠科技股份有限公司,杭州思创汇联科技有限公司,,,,
国家新闻出版广电总局广播科学研究院,北京数码视讯科技股份有限公司,,,,,
宁波广播电视集团,北京数码视讯科技股份有限公司,,,,,
宁波广播电视集团,北京数码视讯科技股份有限公司,,,,,
宁波广播电视集团,北京数码视讯科技股份有限公司,,,,,
宁波广播电视集团,北京数码视讯科技股份有限公司,,,,,
宁波广播电视集团,北京数码视讯科技股份有限公司,,,,,
宁波广播电视集团,北京数码视讯科技股份有限公司,,,,,
奥克化学扬州有限公司,辽宁奥克化学股份有限公司,,,,,
奥克化学扬州有限公司,辽宁奥克化学股份有限公司,,,,,
奥克化学扬州有限公司,辽宁奥克化学股份有限公司,,,,,
辽宁省石油化工规划设计院有限公司,辽宁奥克化学股份有限公司,,,,,
辽宁省石油化工规划设计院有限公司,辽宁奥克化学股份有限公司,,,,,
广东创世纪智能装备集团股份有限公司,东莞华晟电子科技有限公司,,,,,
广东创世纪智能装备集团股份有限公司,东莞华晟电子科技有限公司,,,,,
广东创世纪智能装备集团股份有限公司,东莞华晶粉末冶金有限公司,,,,,
广东创世纪智能装备集团股份有限公司,东莞华晟电子科技有限公司,,,,,
广东创世纪智能装备集团股份有限公司,东莞唯仁电子有限公司,,,,,
广东创世纪智能装备集团股份有限公司,东莞华清光学科技有限公司,,,,,
广东创世纪智能装备集团股份有限公司,东莞华晟电子科技有限公司,,,,,
广东创世纪智能装备集团股份有限公司,东莞华晶粉末冶金有限公司,,,,,
广东创世纪智能装备集团股份有限公司,东莞唯仁电子有限公司,,,,,
广东创世纪智能装备集团股份有限公司,东莞华清光学科技有限公司,,,,,
广东创世纪智能装备集团股份有限公司,东莞华晶粉末冶金有限公司,,,,,
广东创世纪智能装备集团股份有限公司,东莞华晶粉末冶金有限公司,,,,,
广东创世纪智能装备集团股份有限公司,东莞华杰通讯科技有限公司,,,,,
广东创世纪智能装备集团股份有限公司,东莞华晟电子科技有限公司,,,,,
广东创世纪智能装备集团股份有限公司,东莞华晶粉末冶金有限公司,,,,,
广东创世纪智能装备集团股份有限公司,东莞华晶粉末冶金有限公司,,,,,
广东创世纪智能装备集团股份有限公司,东莞华晶粉末冶金有限公司,,,,,
广东创世纪智能装备集团股份有限公司,东莞华清光学科技有限公司,,,,,
广东创世纪智能装备集团股份有限公司,东莞华晶粉末冶金有限公司,,,,,
广东创世纪智能装备集团股份有限公司,东莞华晶粉末冶金有限公司,东莞唯仁电子有限公司,,,,
广东创世纪智能装备集团股份有限公司,东莞华晶粉末冶金有限公司,,,,,
广东创世纪智能装备集团股份有限公司,东莞华清光学科技有限公司,,,,,
广东创世纪智能装备集团股份有限公司,东莞华杰通讯科技有限公司,,,,,
广东创世纪智能装备集团股份有限公司,东莞华晶粉末冶金有限公司,,,,,
广东创世纪智能装备集团股份有限公司,东莞华杰通讯科技有限公司,,,,,
广东创世纪智能装备集团股份有限公司,东莞唯仁电子有限公司,,,,,
广东创世纪智能装备集团股份有限公司,东莞华清光学科技有限公司,,,,,
广东创世纪智能装备集团股份有限公司,东莞唯仁电子有限公司,,,,,
广东创世纪智能装备集团股份有限公司,东莞华晶粉末冶金有限公司,,,,,
广东创世纪智能装备集团股份有限公司,东莞华杰通讯科技有限公司,,,,,
广东创世纪智能装备集团股份有限公司,东莞华晶粉末冶金有限公司,,,,,
广东创世纪智能装备集团股份有限公司,东莞华晶粉末冶金有限公司,,,,,
广东创世纪智能装备集团股份有限公司,东莞华晟电子科技有限公司,,,,,
广东创世纪智能装备集团股份有限公司,东莞华杰通讯科技有限公司,,,,,
广东创世纪智能装备集团股份有限公司,东莞华杰通讯科技有限公司,,,,,
广东创世纪智能装备集团股份有限公司,东莞华清光学科技有限公司,,,,,
广东创世纪智能装备集团股份有限公司,东莞唯仁电子有限公司,,,,,
广东创世纪智能装备集团股份有限公司,东莞华杰通讯科技有限公司,,,,,
广东创世纪智能装备集团股份有限公司,东莞唯仁电子有限公司,,,,,
广东创世纪智能装备集团股份有限公司,东莞华清光学科技有限公司,,,,,
广东创世纪智能装备集团股份有限公司,东莞华杰通讯科技有限公司,,,,,
广东创世纪智能装备集团股份有限公司,东莞华清光学科技有限公司,,,,,
广东创世纪智能装备集团股份有限公司,东莞华清光学科技有限公司,,,,,
广东创世纪智能装备集团股份有限公司,东莞华清光学科技有限公司,,,,,
广东创世纪智能装备集团股份有限公司,东莞唯仁电子有限公司,,,,,
广东创世纪智能装备集团股份有限公司,东莞华清光学科技有限公司,,,,,
广东创世纪智能装备集团股份有限公司,东莞华晟电子科技有限公司,,,,,
广东创世纪智能装备集团股份有限公司,东莞华晟电子科技有限公司,,,,,
广东创世纪智能装备集团股份有限公司,东莞唯仁电子有限公司,,,,,
广东创世纪智能装备集团股份有限公司,东莞华清光学科技有限公司,,,,,
广东创世纪智能装备集团股份有限公司,东莞华晶粉末冶金有限公司,,,,,
广东创世纪智能装备集团股份有限公司,东莞华清光学科技有限公司,,,,,
广东创世纪智能装备集团股份有限公司,东莞华清光学科技有限公司,,,,,
广东创世纪智能装备集团股份有限公司,东莞唯仁电子有限公司,东莞华晶粉末冶金有限公司,,,,
广东创世纪智能装备集团股份有限公司,东莞华清光学科技有限公司,,,,,
广东创世纪智能装备集团股份有限公司,东莞华晟电子科技有限公司,,,,,
广东创世纪智能装备集团股份有限公司,东莞华杰通讯科技有限公司,,,,,
广东创世纪智能装备集团股份有限公司,东莞唯仁电子有限公司,,,,,
广东创世纪智能装备集团股份有限公司,东莞华晟电子科技有限公司,,,,,
广东创世纪智能装备集团股份有限公司,东莞唯仁电子有限公司,,,,,
广东创世纪智能装备集团股份有限公司,东莞华晶粉末冶金有限公司,,,,,
广东创世纪智能装备集团股份有限公司,东莞华晶粉末冶金有限公司,,,,,
广东创世纪智能装备集团股份有限公司,东莞华晶粉末冶金有限公司,,,,,
广东创世纪智能装备集团股份有限公司,东莞华清光学科技有限公司,,,,,
广东创世纪智能装备集团股份有限公司,东莞华清光学科技有限公司,,,,,
广东创世纪智能装备集团股份有限公司,东莞华晶粉末冶金有限公司,,,,,
广东创世纪智能装备集团股份有限公司,东莞华晶粉末冶金有限公司,,,,,
广东创世纪智能装备集团股份有限公司,东莞华晶粉末冶金有限公司,,,,,
广东创世纪智能装备集团股份有限公司,东莞华晶粉末冶金有限公司,,,,,
广东创世纪智能装备集团股份有限公司,东莞华清光学科技有限公司,,,,,
广东创世纪智能装备集团股份有限公司,东莞华晟电子科技有限公司,,,,,
广东创世纪智能装备集团股份有限公司,东莞华晟电子科技有限公司,,,,,
广东创世纪智能装备集团股份有限公司,东莞华晟电子科技有限公司,,,,,
广东创世纪智能装备集团股份有限公司,东莞华晶粉末冶金有限公司,,,,,
广东创世纪智能装备集团股份有限公司,东莞华清光学科技有限公司,,,,,
广东创世纪智能装备集团股份有限公司,东莞华杰通讯科技有限公司,,,,,
广东创世纪智能装备集团股份有限公司,东莞华清光学科技有限公司,,,,,
广东创世纪智能装备集团股份有限公司,东莞华晟电子科技有限公司,,,,,
广东创世纪智能装备集团股份有限公司,东莞唯仁电子有限公司,,,,,
广东创世纪智能装备集团股份有限公司,东莞华晟电子科技有限公司,,,,,
广东创世纪智能装备集团股份有限公司,东莞华晟电子科技有限公司,,,,,
广东创世纪智能装备集团股份有限公司,东莞华晟电子科技有限公司,,,,,
广东创世纪智能装备集团股份有限公司,东莞华清光学科技有限公司,,,,,
广东创世纪智能装备集团股份有限公司,东莞华晟电子科技有限公司,,,,,
广东创世纪智能装备集团股份有限公司,东莞华杰通讯科技有限公司,,,,,
华南理工大学,广东创世纪智能装备集团股份有限公司,,,,,
广东创世纪智能装备集团股份有限公司,东莞华晶粉末冶金有限公司,,,,,
广东创世纪智能装备集团股份有限公司,东莞华清光学科技有限公司,,,,,
广东创世纪智能装备集团股份有限公司,东莞华晟电子科技有限公司,,,,,
广东创世纪智能装备集团股份有限公司,东莞华晶粉末冶金有限公司,,,,,
广东创世纪智能装备集团股份有限公司,东莞华清光学科技有限公司,,,,,
广东创世纪智能装备集团股份有限公司,东莞劲胜通信电子精密组件有限公司,,,,,
东莞华清光学科技有限公司,广东创世纪智能装备集团股份有限公司,,,,,
广东创世纪智能装备集团股份有限公司,东莞华程金属科技有限公司,,,,,
广东创世纪智能装备集团股份有限公司,东莞华程金属科技有限公司,,,,,
广东创世纪智能装备集团股份有限公司,东莞华晶粉末冶金有限公司,,,,,
广东创世纪智能装备集团股份有限公司,东莞华程金属科技有限公司,,,,,
广东创世纪智能装备集团股份有限公司,东莞华晟电子科技有限公司,,,,,
广东创世纪智能装备集团股份有限公司,东莞华杰通讯科技有限公司,,,,,
广东创世纪智能装备集团股份有限公司,东莞华晶粉末冶金有限公司,,,,,
广东创世纪智能装备集团股份有限公司,东莞华程金属科技有限公司,,,,,
广东创世纪智能装备集团股份有限公司,东莞华杰通讯科技有限公司,,,,,
广东创世纪智能装备集团股份有限公司,东莞华杰通讯科技有限公司,,,,,
广东创世纪智能装备集团股份有限公司,东莞华程金属科技有限公司,,,,,
东莞华晶粉末冶金有限公司,广东创世纪智能装备集团股份有限公司,,,,,
广东创世纪智能装备集团股份有限公司,东莞华杰通讯科技有限公司,,,,,
广东创世纪智能装备集团股份有限公司,东莞华晶粉末冶金有限公司,,,,,
广东创世纪智能装备集团股份有限公司,东莞华程金属科技有限公司,,,,,
广东创世纪智能装备集团股份有限公司,东莞华晶粉末冶金有限公司,,,,,
广东创世纪智能装备集团股份有限公司,东莞华杰通讯科技有限公司,,,,,
广东创世纪智能装备集团股份有限公司,东莞唯仁电子有限公司,,,,,
广东创世纪智能装备集团股份有限公司,东莞华晟电子科技有限公司,,,,,
广东创世纪智能装备集团股份有限公司,东莞华晶粉末冶金有限公司,,,,,
广东创世纪智能装备集团股份有限公司,东莞华清光学科技有限公司,,,,,
广东创世纪智能装备集团股份有限公司,东莞华清光学科技有限公司,,,,,
广东创世纪智能装备集团股份有限公司,东莞华清光学科技有限公司,,,,,
东莞华程金属科技有限公司,广东创世纪智能装备集团股份有限公司,,,,,
广东创世纪智能装备集团股份有限公司,东莞劲胜通信电子精密组件有限公司,,,,,
广东创世纪智能装备集团股份有限公司,东莞华杰通讯科技有限公司,,,,,
广东创世纪智能装备集团股份有限公司,东莞华杰通讯科技有限公司,,,,,
东莞华清光学科技有限公司,广东创世纪智能装备集团股份有限公司,,,,,
东莞华程金属科技有限公司,广东创世纪智能装备集团股份有限公司,,,,,
广东创世纪智能装备集团股份有限公司,东莞华晶粉末冶金有限公司,,,,,
广东创世纪智能装备集团股份有限公司,东莞唯仁电子有限公司,,,,,
广东创世纪智能装备集团股份有限公司,东莞华杰通讯科技有限公司,,,,,
广东创世纪智能装备集团股份有限公司,东莞华杰通讯科技有限公司,,,,,
广东创世纪智能装备集团股份有限公司,东莞华杰通讯科技有限公司,,,,,
广东创世纪智能装备集团股份有限公司,东莞华晟电子科技有限公司,,,,,
广东创世纪智能装备集团股份有限公司,东莞唯仁电子有限公司,,,,,
东莞华晶粉末冶金有限公司,广东创世纪智能装备集团股份有限公司,,,,,
广东创世纪智能装备集团股份有限公司,东莞华杰通讯科技有限公司,,,,,
广东创世纪智能装备集团股份有限公司,东莞华晟电子科技有限公司,,,,,
广东创世纪智能装备集团股份有限公司,东莞华杰通讯科技有限公司,,,,,
广东创世纪智能装备集团股份有限公司,东莞华杰通讯科技有限公司,,,,,
广东创世纪智能装备集团股份有限公司,东莞华清光学科技有限公司,,,,,
广东创世纪智能装备集团股份有限公司,东莞劲胜通信电子精密组件有限公司,,,,,
广东创世纪智能装备集团股份有限公司,东莞华杰通讯科技有限公司,,,,,
东莞华晶粉末冶金有限公司,广东创世纪智能装备集团股份有限公司,,,,,
东莞华程金属科技有限公司,广东创世纪智能装备集团股份有限公司,,,,,
广东创世纪智能装备集团股份有限公司,东莞华杰通讯科技有限公司,,,,,
广东创世纪智能装备集团股份有限公司,东莞华晶粉末冶金有限公司,,,,,
广东创世纪智能装备集团股份有限公司,东莞华杰通讯科技有限公司,,,,,
广东创世纪智能装备集团股份有限公司,东莞华程金属科技有限公司,,,,,
广东创世纪智能装备集团股份有限公司,东莞华程金属科技有限公司,,,,,
广东创世纪智能装备集团股份有限公司,东莞华晶粉末冶金有限公司,,,,,
广东创世纪智能装备集团股份有限公司,东莞华晶粉末冶金有限公司,,,,,
广东创世纪智能装备集团股份有限公司,东莞华清光学科技有限公司,,,,,
广东创世纪智能装备集团股份有限公司,东莞华晶粉末冶金有限公司,,,,,
广东创世纪智能装备集团股份有限公司,东莞华晶粉末冶金有限公司,,,,,
广东创世纪智能装备集团股份有限公司,东莞华杰通讯科技有限公司,,,,,
广东创世纪智能装备集团股份有限公司,东莞唯仁电子有限公司,,,,,
广东创世纪智能装备集团股份有限公司,东莞华清光学科技有限公司,,,,,
广东创世纪智能装备集团股份有限公司,东莞华晟电子科技有限公司,,,,,
广东创世纪智能装备集团股份有限公司,东莞华晶粉末冶金有限公司,,,,,
广东创世纪智能装备集团股份有限公司,东莞华晶粉末冶金有限公司,,,,,
广东创世纪智能装备集团股份有限公司,东莞劲胜通信电子精密组件有限公司,,,,,
广东创世纪智能装备集团股份有限公司,东莞唯仁电子有限公司,,,,,
广东创世纪智能装备集团股份有限公司,东莞华晶粉末冶金有限公司,,,,,
广东创世纪智能装备集团股份有限公司,东莞华晶粉末冶金有限公司,,,,,
广东创世纪智能装备集团股份有限公司,东莞华程金属科技有限公司,,,,,
东莞华程金属科技有限公司,广东创世纪智能装备集团股份有限公司,,,,,
广东创世纪智能装备集团股份有限公司,东莞华杰通讯科技有限公司,,,,,
东莞华清光学科技有限公司,广东创世纪智能装备集团股份有限公司,,,,,
广东创世纪智能装备集团股份有限公司,东莞劲胜通信电子精密组件有限公司,,,,,
广东创世纪智能装备集团股份有限公司,东莞华程金属科技有限公司,,,,,
广东创世纪智能装备集团股份有限公司,东莞华晶粉末冶金有限公司,,,,,
东莞华晶粉末冶金有限公司,广东创世纪智能装备集团股份有限公司,,,,,
广东创世纪智能装备集团股份有限公司,东莞华杰通讯科技有限公司,,,,,
广东创世纪智能装备集团股份有限公司,东莞华程金属科技有限公司,,,,,
广东创世纪智能装备集团股份有限公司,东莞劲胜通信电子精密组件有限公司,,,,,
广东创世纪智能装备集团股份有限公司,东莞华杰通讯科技有限公司,,,,,
广东创世纪智能装备集团股份有限公司,东莞唯仁电子有限公司,,,,,
广东创世纪智能装备集团股份有限公司,东莞华杰通讯科技有限公司,,,,,
广东创世纪智能装备集团股份有限公司,东莞华晶粉末冶金有限公司,,,,,
广东创世纪智能装备集团股份有限公司,东莞华程金属科技有限公司,,,,,
广东创世纪智能装备集团股份有限公司,东莞华杰通讯科技有限公司,,,,,
广东创世纪智能装备集团股份有限公司,东莞华晶粉末冶金有限公司,,,,,
广东创世纪智能装备集团股份有限公司,东莞唯仁电子有限公司,,,,,
广东创世纪智能装备集团股份有限公司,东莞唯仁电子有限公司,,,,,
广东创世纪智能装备集团股份有限公司,东莞华晟电子科技有限公司,,,,,
广东创世纪智能装备集团股份有限公司,东莞华杰通讯科技有限公司,,,,,
东莞华晶粉末冶金有限公司,广东创世纪智能装备集团股份有限公司,,,,,
广东创世纪智能装备集团股份有限公司,东莞华杰通讯科技有限公司,,,,,
东莞华清光学科技有限公司,广东创世纪智能装备集团股份有限公司,,,,,
广东创世纪智能装备集团股份有限公司,东莞华程金属科技有限公司,,,,,
广东创世纪智能装备集团股份有限公司,东莞华杰通讯科技有限公司,,,,,
广东创世纪智能装备集团股份有限公司,东莞华清光学科技有限公司,,,,,
广东创世纪智能装备集团股份有限公司,东莞唯仁电子有限公司,,,,,
广东创世纪智能装备集团股份有限公司,东莞华杰通讯科技有限公司,,,,,
广东创世纪智能装备集团股份有限公司,东莞华杰通讯科技有限公司,,,,,
广东创世纪智能装备集团股份有限公司,东莞唯仁电子有限公司,,,,,
广东创世纪智能装备集团股份有限公司,东莞华程金属科技有限公司,,,,,
广东创世纪智能装备集团股份有限公司,东莞华杰通讯科技有限公司,,,,,
广东创世纪智能装备集团股份有限公司,东莞唯仁电子有限公司,,,,,
广东创世纪智能装备集团股份有限公司,东莞华程金属科技有限公司,,,,,
广东创世纪智能装备集团股份有限公司,东莞华杰通讯科技有限公司,,,,,
广东创世纪智能装备集团股份有限公司,东莞华杰通讯科技有限公司,,,,,
广东创世纪智能装备集团股份有限公司,东莞华清光学科技有限公司,,,,,
广东创世纪智能装备集团股份有限公司,东莞华晶粉末冶金有限公司,,,,,
广东创世纪智能装备集团股份有限公司,东莞华清光学科技有限公司,,,,,
广东创世纪智能装备集团股份有限公司,东莞华晶粉末冶金有限公司,,,,,
广东创世纪智能装备集团股份有限公司,东莞华清光学科技有限公司,,,,,
广东创世纪智能装备集团股份有限公司,东莞华杰通讯科技有限公司,,,,,
广东创世纪智能装备集团股份有限公司,东莞华晶粉末冶金有限公司,,,,,
广东创世纪智能装备集团股份有限公司,东莞华杰通讯科技有限公司,,,,,
广东创世纪智能装备集团股份有限公司,东莞华晶粉末冶金有限公司,,,,,
广东创世纪智能装备集团股份有限公司,东莞华杰通讯科技有限公司,,,,,
广东创世纪智能装备集团股份有限公司,东莞华杰通讯科技有限公司,,,,,
东莞华晶粉末冶金有限公司,广东创世纪智能装备集团股份有限公司,,,,,
东莞华程金属科技有限公司,广东创世纪智能装备集团股份有限公司,,,,,
广东创世纪智能装备集团股份有限公司,东莞华清光学科技有限公司,,,,,
东莞华晶粉末冶金有限公司,广东创世纪智能装备集团股份有限公司,,,,,
广东创世纪智能装备集团股份有限公司,东莞华清光学科技有限公司,,,,,
东莞华晶粉末冶金有限公司,广东创世纪智能装备集团股份有限公司,,,,,
东莞华程金属科技有限公司,广东创世纪智能装备集团股份有限公司,,,,,
广东创世纪智能装备集团股份有限公司,东莞华清光学科技有限公司,,,,,
东莞华晶粉末冶金有限公司,广东创世纪智能装备集团股份有限公司,,,,,
广东创世纪智能装备集团股份有限公司,东莞华清光学科技有限公司,,,,,
东莞华程金属科技有限公司,广东创世纪智能装备集团股份有限公司,,,,,
广东创世纪智能装备集团股份有限公司,东莞华程金属科技有限公司,,,,,
东莞华晶粉末冶金有限公司,广东创世纪智能装备集团股份有限公司,,,,,
东莞华晶粉末冶金有限公司,广东创世纪智能装备集团股份有限公司,,,,,
广东创世纪智能装备集团股份有限公司,东莞华程金属科技有限公司,,,,,
东莞华程金属科技有限公司,广东创世纪智能装备集团股份有限公司,,,,,
东莞华晶粉末冶金有限公司,广东创世纪智能装备集团股份有限公司,,,,,
东莞华晶粉末冶金有限公司,广东创世纪智能装备集团股份有限公司,,,,,
东莞华晶粉末冶金有限公司,广东创世纪智能装备集团股份有限公司,,,,,
东莞华清光学科技有限公司,广东创世纪智能装备集团股份有限公司,,,,,
东莞华清光学科技有限公司,广东创世纪智能装备集团股份有限公司,,,,,
广东创世纪智能装备集团股份有限公司,东莞华程金属科技有限公司,,,,,
广东创世纪智能装备集团股份有限公司,东莞华程金属科技有限公司,,,,,
东莞华程金属科技有限公司,广东创世纪智能装备集团股份有限公司,,,,,
东莞华程金属科技有限公司,广东创世纪智能装备集团股份有限公司,,,,,
东莞华清光学科技有限公司,广东创世纪智能装备集团股份有限公司,,,,,
东莞华程金属科技有限公司,广东创世纪智能装备集团股份有限公司,,,,,
东莞华程金属科技有限公司,广东创世纪智能装备集团股份有限公司,,,,,
东莞华晶粉末冶金有限公司,广东创世纪智能装备集团股份有限公司,,,,,
东莞华程金属科技有限公司,广东创世纪智能装备集团股份有限公司,,,,,
东莞华程金属科技有限公司,广东创世纪智能装备集团股份有限公司,,,,,
东莞华晶粉末冶金有限公司,广东创世纪智能装备集团股份有限公司,,,,,
广东创世纪智能装备集团股份有限公司,东莞华程金属科技有限公司,,,,,
东莞华清光学科技有限公司,广东创世纪智能装备集团股份有限公司,,,,,
东莞华程金属科技有限公司,广东创世纪智能装备集团股份有限公司,,,,,
广东创世纪智能装备集团股份有限公司,东莞华程金属科技有限公司,,,,,
广东创世纪智能装备集团股份有限公司,东莞华程金属科技有限公司,,,,,
广东创世纪智能装备集团股份有限公司,东莞华程金属科技有限公司,,,,,
东莞华晶粉末冶金有限公司,广东创世纪智能装备集团股份有限公司,,,,,
东莞华程金属科技有限公司,广东创世纪智能装备集团股份有限公司,,,,,
广东创世纪智能装备集团股份有限公司,东莞华程金属科技有限公司,,,,,
广东创世纪智能装备集团股份有限公司,东莞华程金属科技有限公司,,,,,
东莞华程金属科技有限公司,广东创世纪智能装备集团股份有限公司,,,,,
东莞华程金属科技有限公司,广东创世纪智能装备集团股份有限公司,,,,,
广东创世纪智能装备集团股份有限公司,东莞华程金属科技有限公司,,,,,
东莞华杰通讯科技有限公司,广东创世纪智能装备集团股份有限公司,,,,,
东莞华晶粉末冶金有限公司,广东创世纪智能装备集团股份有限公司,,,,,
东莞华晶粉末冶金有限公司,广东创世纪智能装备集团股份有限公司,,,,,
东莞华晶粉末冶金有限公司,广东创世纪智能装备集团股份有限公司,,,,,
东莞华程金属科技有限公司,广东创世纪智能装备集团股份有限公司,,,,,
东莞华晶粉末冶金有限公司,广东创世纪智能装备集团股份有限公司,,,,,
东莞华程金属科技有限公司,广东创世纪智能装备集团股份有限公司,,,,,
东莞华晶粉末冶金有限公司,广东创世纪智能装备集团股份有限公司,,,,,
东莞华晶粉末冶金有限公司,广东创世纪智能装备集团股份有限公司,,,,,
安徽荃银高科种业股份有限公司,安徽荃银高科瓜菜种子有限公司,,,,,
苏州金刚防火钢型材系统有限公司,广东金刚玻璃科技股份有限公司,,,,,
上海振华重工(集团)股份有限公司,江西华伍制动器股份有限公司,,,,,
江苏省特种设备安全监督检验研究院,江西华伍制动器股份有限公司,,,,,
江西华伍制动器股份有限公司,上海振华重工（集团）股份有限公司,,,,,
江苏省特种设备安全监督检验研究院,江西华伍制动器股份有限公司,,,,,
江苏省特种设备安全监督检验研究院,江西华伍制动器股份有限公司,,,,,
江苏省特种设备安全监督检验研究院,江西华伍制动器股份有限公司,,,,,
烟台龙源电力技术股份有限公司,国电建投内蒙古能源有限公司,,,,,
中国神华能源股份有限公司,北京国华电力有限责任公司,神华国华（北京）电力研究院有限公司,浙江国华浙能发电有限公司,烟台龙源电力技术股份有限公司,华北电力科学研究院有限责任公司,国家电网公司
中国神华能源股份有限公司,北京国华电力有限责任公司,神华国华（北京）电力研究院有限公司,浙江国华浙能发电有限公司,烟台龙源电力技术股份有限公司,华北电力科学研究院有限责任公司,国家电网公司
烟台龙源电力技术股份有限公司,西安交通大学,,,,,
西安交通大学,烟台龙源电力技术股份有限公司,,,,,
烟台龙源电力技术股份有限公司,天津国电津能热电有限公司,国网天津市电力公司城东供电分公司,,,,
西安交通大学,烟台龙源电力技术股份有限公司,国电新能源技术研究院,,,,
烟台龙源电力技术股份有限公司,国电新能源技术研究院,,,,,
西安交通大学,烟台龙源电力技术股份有限公司,国电新能源技术研究院,,,,
烟台龙源电力技术股份有限公司,国电新能源技术研究院,,,,,
新疆农垦科学院,新疆西部牧业股份有限公司,,,,,
新疆西部牧业股份有限公司,新疆农垦科学院,石河子新业农牧生物发展有限公司,,,,
新疆农垦科学院,新疆西部牧业股份有限公司,,,,,
新疆西部牧业股份有限公司,石河子大学,,,,,
新疆西部牧业股份有限公司,新疆农垦科学院,石河子新业农牧生物发展有限公司,,,,
石河子大学,新疆西部牧业股份有限公司,,,,,
新疆西部牧业股份有限公司,新疆西牧乳业有限责任公司,,,,,
大连理工大学,新疆西部牧业股份有限公司,,,,,
新疆西部牧业股份有限公司,新疆西牧乳业有限责任公司,,,,,
石河子大学,新疆西部牧业股份有限公司,,,,,
浙江工业大学,河北建新化工股份有限公司,,,,,
中航电测仪器股份有限公司,上海航远科工贸有限公司,,,,,
中航电测仪器股份有限公司,上海航远科工贸有限公司,,,,,
广东长盈精密技术有限公司,深圳市长盈精密技术股份有限公司,,,,,
广东长盈精密技术有限公司,深圳市长盈精密技术股份有限公司,,,,,
广东长盈精密技术有限公司,深圳市长盈精密技术股份有限公司,,,,,
广东长盈精密技术有限公司,深圳市长盈精密技术股份有限公司,,,,,
广东长盈精密技术有限公司,深圳市长盈精密技术股份有限公司,,,,,
广东长盈精密技术有限公司,深圳市长盈精密技术股份有限公司,,,,,
广东长盈精密技术有限公司,深圳市长盈精密技术股份有限公司,,,,,
广东长盈精密技术有限公司,深圳市长盈精密技术股份有限公司,,,,,
广东长盈精密技术有限公司,深圳市长盈精密技术股份有限公司,,,,,
南京汇川工业视觉技术开发有限公司,深圳市汇川技术股份有限公司,,,,,
深圳市汇川技术股份有限公司,苏州汇川技术有限公司,,,,,
深圳市汇川技术股份有限公司,苏州汇川技术有限公司,,,,,
深圳市汇川技术股份有限公司,苏州汇川技术有限公司,,,,,
深圳市汇川技术股份有限公司,苏州汇川技术有限公司,,,,,
上海莱恩精密机床附件有限公司,深圳市汇川技术股份有限公司,苏州汇川技术有限公司,,,,
深圳市汇川技术股份有限公司,苏州汇川技术有限公司,,,,,
深圳市汇川技术股份有限公司,苏州汇川技术有限公司,,,,,
深圳市汇川技术股份有限公司,苏州汇川技术有限公司,,,,,
深圳市汇川技术股份有限公司,苏州汇川技术有限公司,,,,,
福州大学,福建青松股份有限公司,,,,,
大富科技(安徽)股份有限公司,安徽省大富机电技术有限公司,,,,,
大富科技(安徽)股份有限公司,安徽省大富机电技术有限公司,,,,,
安徽省大富机电技术有限公司,大富科技(安徽)股份有限公司,,,,,
大富科技(安徽)股份有限公司,安徽省大富机电技术有限公司,,,,,
大富科技(安徽)股份有限公司,安徽省大富机电技术有限公司,,,,,
大富科技(安徽)股份有限公司,安徽省大富机电技术有限公司,,,,,
大富科技(安徽)股份有限公司,安徽省大富机电技术有限公司,,,,,
大富科技(安徽)股份有限公司,安徽省大富机电技术有限公司,,,,,
大富科技(安徽)股份有限公司,安徽省大富机电技术有限公司,,,,,
江苏宝利国际投资股份有限公司,西藏宝利沥青有限公司,,,,,
湖南宝利沥青有限公司,江苏宝利国际投资股份有限公司,,,,,
湖南宝利沥青有限公司,江苏宝利国际投资股份有限公司,,,,,
江苏宝利国际投资股份有限公司,陕西宝利沥青有限公司,,,,,
湖南宝利沥青有限公司,江苏宝利国际投资股份有限公司,,,,,
湖南宝利沥青有限公司,江苏宝利国际投资股份有限公司,,,,,
湖南宝利沥青有限公司,江苏宝利国际投资股份有限公司,,,,,
湖南宝利沥青有限公司,江苏宝利国际投资股份有限公司,,,,,
深圳市信维通信股份有限公司,深圳市音沃仕科技有限公司,,,,,
深圳市信维通信股份有限公司,深圳市音沃仕科技有限公司,,,,,
深圳市信维通信股份有限公司,上海光线新材料科技有限公司,昆山洲源电子器材有限公司,,,,
深圳市信维通信股份有限公司,深圳市音沃仕科技有限公司,,,,,
深圳市信维通信股份有限公司,深圳市音沃仕科技有限公司,,,,,
深圳市信维通信股份有限公司,上海光线新材料科技有限公司,昆山洲源电子器材有限公司,,,,
深圳市信维通信股份有限公司,深圳市音沃仕科技有限公司,,,,,
深圳市信维通信股份有限公司,深圳市音沃仕科技有限公司,,,,,
深圳市信维通信股份有限公司,深圳市音沃仕科技有限公司,,,,,
深圳市信维通信股份有限公司,深圳市音沃仕科技有限公司,,,,,
深圳市信维通信股份有限公司,上海信维蓝沛新材料科技有限公司,,,,,
深圳市信维通信股份有限公司,上海信维蓝沛新材料科技有限公司,,,,,
中国海洋石油总公司,中海油研究总院,南方中金环境股份有限公司,,,,
中国海洋石油总公司,中海油研究总院,南方中金环境股份有限公司,,,,
山东誉硕测控技术有限公司,南方中金环境股份有限公司,,,,,
汤臣倍健股份有限公司,中国科学院上海药物研究所,,,,,
汤臣倍健股份有限公司,中国科学院上海药物研究所,,,,,
广州市香雪制药股份有限公司,广东化州中药厂制药有限公司,,,,,
广州市香雪制药股份有限公司,广东化州中药厂制药有限公司,,,,,
广州市香雪制药股份有限公司,广东化州中药厂制药有限公司,,,,,
广州市香雪制药股份有限公司,广东化州中药厂制药有限公司,广东九极生物科技有限公司,,,,
广州市香雪制药股份有限公司,广东化州中药厂制药有限公司,,,,,
广州市香雪制药股份有限公司,广东化州中药厂制药有限公司,,,,,
广州市香雪制药股份有限公司,杭州康万达医药科技有限公司,,,,,
广州市香雪制药股份有限公司,广东化州中药厂制药有限公司,广东九极生物科技有限公司,,,,
广州市香雪制药股份有限公司,杭州康万达医药科技有限公司,,,,,
广州市香雪制药股份有限公司,广东化州中药厂制药有限公司,广东九极生物科技有限公司,,,,
广州市香雪制药股份有限公司,广东化州中药厂制药有限公司,,,,,
深圳市柏明胜医疗器械有限公司,深圳市昌红科技股份有限公司,,,,,
广东安居宝智能控制系统有限公司,广东安居宝数码科技股份有限公司,,,,,
广东安居宝显示科技有限公司,广东安居宝数码科技股份有限公司,,,,,
广东安居宝数码科技股份有限公司,广东安居宝智能控制系统有限公司,,,,,
广东安居宝智能控制系统有限公司,广东安居宝数码科技股份有限公司,,,,,
广东安居宝数码科技股份有限公司,广东安居宝智能控制系统有限公司,,,,,
广东安居宝显示科技有限公司,广东安居宝数码科技股份有限公司,,,,,
广东安居宝数码科技股份有限公司,广东安居宝智能控制系统有限公司,,,,,
广东安居宝显示科技有限公司,广东安居宝数码科技股份有限公司,,,,,
广东安居宝智能控制系统有限公司,广东安居宝数码科技股份有限公司,,,,,
广东安居宝智能控制系统有限公司,广东安居宝数码科技股份有限公司,,,,,
广东安居宝数码科技股份有限公司,广东安居宝智能控制系统有限公司,,,,,
广东安居宝数码科技股份有限公司,广东安居宝智能控制系统有限公司,,,,,
广东安居宝智能控制系统有限公司,广东安居宝数码科技股份有限公司,,,,,
恒泰艾普集团股份有限公司,新疆恒泰艾普能源服务有限公司,,,,,
中国海洋石油总公司,中海石油（中国）有限公司深圳分公司,恒泰艾普集团股份有限公司,,,,
恒泰艾普（北京）能源科技研究院有限公司,恒泰艾普集团股份有限公司,,,,,
恒泰艾普集团股份有限公司,新疆恒泰艾普能源服务有限公司,,,,,
山西大学,山西振东制药股份有限公司,,,,,
山西大学,山西振东制药股份有限公司,,,,,
山西振东制药股份有限公司,北京振东生物科技有限公司,,,,,
山西振东制药股份有限公司,北京振东生物科技有限公司,,,,,
山西振东制药股份有限公司,北京振东生物科技有限公司,,,,,
深圳雷曼光电科技股份有限公司,惠州雷曼光电科技有限公司,,,,,
深圳雷曼光电科技股份有限公司,惠州雷曼光电科技有限公司,,,,,
深圳雷曼光电科技股份有限公司,惠州雷曼光电科技有限公司,,,,,
深圳雷曼光电科技股份有限公司,惠州雷曼光电科技有限公司,,,,,
深圳雷曼光电科技股份有限公司,惠州雷曼光电科技有限公司,,,,,
深圳雷曼光电科技股份有限公司,深圳市康硕展电子有限公司,,,,,
深圳雷曼光电科技股份有限公司,深圳市康硕展电子有限公司,,,,,
上海卫生信息工程技术研究中心有限公司,万达信息股份有限公司,,,,,
上海卫生信息工程技术研究中心有限公司,万达信息股份有限公司,,,,,
万达信息股份有限公司,青岛市劳动保障信息中心,,,,,
万达信息股份有限公司,上海卫生信息工程技术研究中心有限公司,,,,,
万达信息股份有限公司,上海卫生信息工程技术研究中心有限公司,,,,,
上海市疾病预防控制中心,万达信息股份有限公司,,,,,
上海市卫生和计划生育委员会监督所,万达信息股份有限公司,,,,,
上海市疾病预防控制中心,上海市卫生和计划生育委员会信息中心,万达信息股份有限公司,,,,
湖南桃花江核电有限公司,中电环保股份有限公司,,,,,
湖南桃花江核电有限公司,中电环保股份有限公司,,,,,
湖南桃花江核电有限公司,中电环保股份有限公司,,,,,
慈溪市长河镇万兴橡塑厂,上海华峰超纤科技股份有限公司,,,,,
中央电视台,北京捷成世纪科技股份有限公司,,,,,
中央电视台,北京捷成世纪科技股份有限公司,,,,,
中央电视台,北京捷成世纪科技股份有限公司,,,,,
中央电视台,北京捷成世纪科技股份有限公司,,,,,
青岛东软载波科技股份有限公司,上海海尔集成电路有限公司,,,,,
青岛东软载波科技股份有限公司,上海东软载波微电子有限公司,,,,,
国网辽宁省电力有限公司,青岛东软载波科技股份有限公司,,,,,
国网山东省电力公司烟台供电公司,青岛东软载波科技股份有限公司,,,,,
国网辽宁省电力有限公司大连供电公司,青岛东软载波科技股份有限公司,,,,,
青岛东软载波科技股份有限公司,中国电力科学研究院,国网计量中心,,,,
国家电网公司,国网湖南省电力公司,国网湖南省电力公司计量中心,青岛东软载波科技股份有限公司,,,
国家电网公司,国网湖南省电力公司,国网湖南省电力公司计量中心,青岛东软载波科技股份有限公司,,,
江苏省环境科学研究院,维尔利环保科技集团股份有限公司,,,,,
深圳市佳士科技股份有限公司,深圳市佳士机器人自动化设备有限公司,,,,,
深圳市佳士科技股份有限公司,深圳市佳士机器人自动化设备有限公司,,,,,
深圳市佳士科技股份有限公司,深圳市佳士机器人自动化设备有限公司,,,,,
深圳市佳士科技股份有限公司,深圳市佳士机器人自动化设备有限公司,,,,,
深圳市佳士科技股份有限公司,深圳市佳士机器人自动化设备有限公司,,,,,
深圳市佳士科技股份有限公司,深圳市佳士机器人自动化设备有限公司,,,,,
深圳市佳士科技股份有限公司,深圳市佳士机器人自动化设备有限公司,,,,,
深圳市佳士科技股份有限公司,深圳市佳士机器人自动化设备有限公司,,,,,
深圳市佳士科技股份有限公司,深圳市佳士机器人自动化设备有限公司,,,,,
深圳市佳士科技股份有限公司,深圳市佳士机器人自动化设备有限公司,,,,,
深圳市佳士科技股份有限公司,深圳市佳士机器人自动化设备有限公司,,,,,
深圳市佳士科技股份有限公司,深圳市佳士机器人自动化设备有限公司,,,,,
天津长荣科技集团股份有限公司,大理美登印务有限公司,,,,,
天津长荣科技集团股份有限公司,大理美登印务有限公司,,,,,
天津长荣科技集团股份有限公司,将军烟草集团有限公司,,,,,
复旦大学,中国环境监测总站,聚光科技(杭州)股份有限公司,,,,
复旦大学,中国环境监测总站,聚光科技(杭州)股份有限公司,,,,
复旦大学,中国环境检测总站,聚光科技(杭州)股份有限公司,,,,
复旦大学,中国环境检测总站,聚光科技(杭州)股份有限公司,,,,
聚光科技(杭州)股份有限公司,杭州谱育科技发展有限公司,,,,,
聚光科技(杭州)股份有限公司,杭州谱育科技发展有限公司,,,,,
聚光科技(杭州)股份有限公司,杭州谱育科技发展有限公司,,,,,
聚光科技(杭州)股份有限公司,杭州谱育科技发展有限公司,,,,,
聚光科技(杭州)股份有限公司,杭州谱育科技发展有限公司,,,,,
聚光科技(杭州)股份有限公司,杭州谱育科技发展有限公司,,,,,
聚光科技(杭州)股份有限公司,杭州谱育科技发展有限公司,,,,,
杭州聚光环保科技有限公司,聚光科技(杭州)股份有限公司,,,,,
杭州聚光环保科技有限公司,聚光科技(杭州)股份有限公司,,,,,
清华大学深圳研究生院,欣旺达电子股份有限公司,,,,,
欣旺达电动汽车电池有限公司,欣旺达电子股份有限公司,,,,,
欣旺达电子股份有限公司,欣旺达电动汽车电池有限公司,,,,,
欣旺达电子股份有限公司,欣旺达电动汽车电池有限公司,,,,,
欣旺达电动汽车电池有限公司,欣旺达电子股份有限公司,,,,,
欣旺达电子股份有限公司,欣旺达电动汽车电池有限公司,,,,,
欣旺达电动汽车电池有限公司,欣旺达电子股份有限公司,,,,,
欣旺达电动汽车电池有限公司,欣旺达电子股份有限公司,,,,,
欣旺达电子股份有限公司,欣旺达电动汽车电池有限公司,,,,,
欣旺达电子股份有限公司,欣旺达电动汽车电池有限公司,,,,,
贵州电网有限责任公司贵阳供电局,青岛中资中程集团股份有限公司,,,,,
贵州电网有限责任公司贵阳供电局,青岛中资中程集团股份有限公司,,,,,
鞍山森远路桥股份有限公司,重庆高速公路集团有限公司东北营运分公司,,,,,
江苏亿通高科技股份有限公司,南京邮电大学,,,,,
江苏亿通高科技股份有限公司,南京邮电大学,,,,,
苏州科技大学,苏州电器科学研究院股份有限公司,,,,,
苏州科技大学,苏州电器科学研究院股份有限公司,,,,,
镇江暖亿家新能源有限公司,镇江东方电热科技股份有限公司,,,,,
镇江暖亿家新能源有限公司,镇江东方电热科技股份有限公司,,,,,
镇江暖亿家新能源有限公司,镇江东方电热科技股份有限公司,,,,,
镇江暖亿家新能源有限公司,镇江东方电热科技股份有限公司,,,,,
广东银禧科技股份有限公司,银禧工程塑料（东莞）有限公司,苏州银禧科技有限公司,,,,
银禧工程塑料（东莞）有限公司,苏州银禧科技有限公司,广东银禧科技股份有限公司,,,,
广东银禧科技股份有限公司,银禧工程塑料（东莞）有限公司,苏州银禧科技有限公司,,,,
银禧工程塑料（东莞）有限公司,苏州银禧科技有限公司,广东银禧科技股份有限公司,,,,
广东银禧科技股份有限公司,银禧工程塑料（东莞）有限公司,,,,,
广东银禧科技股份有限公司,银禧工程塑料（东莞）有限公司,,,,,
广东银禧科技股份有限公司,银禧工程塑料（东莞）有限公司,,,,,
国网上海市电力公司,科大智能科技股份有限公司,,,,,
国网上海市电力公司,科大智能科技股份有限公司,,,,,
国网上海市电力公司,科大智能科技股份有限公司,,,,,
国网上海市电力公司,科大智能科技股份有限公司,,,,,
国网上海市电力公司,科大智能科技股份有限公司,,,,,
国网新疆电力公司乌鲁木齐供电公司,科大智能科技股份有限公司,,,,,
国网上海市电力公司,科大智能科技股份有限公司,,,,,
国网上海市电力公司,科大智能科技股份有限公司,,,,,
国网上海市电力公司,科大智能科技股份有限公司,,,,,
国网上海市电力公司,科大智能科技股份有限公司,,,,,
科大智能科技股份有限公司,科大智能电气技术有限公司,,,,,
科大智能科技股份有限公司,科大智能电气技术有限公司,上海永乾机电有限公司,,,,
科大智能科技股份有限公司,科大智能电气技术有限公司,上海永乾机电有限公司,,,,
烟台正海磁性材料股份有限公司,江华正海五矿新材料有限公司,,,,,
烟台正海磁性材料股份有限公司,江华正海五矿新材料有限公司,,,,,
烟台正海磁性材料股份有限公司,江华正海五矿新材料有限公司,,,,,
烟台正海磁性材料股份有限公司,江华正海五矿新材料有限公司,,,,,
烟台正海磁性材料股份有限公司,江华正海五矿新材料有限公司,,,,,
烟台正海磁性材料股份有限公司,江华正海五矿新材料有限公司,,,,,
烟台正海磁性材料股份有限公司,江华正海五矿新材料有限公司,,,,,
烟台正海磁性材料股份有限公司,江华正海五矿新材料有限公司,,,,,
烟台正海磁性材料股份有限公司,江华正海五矿新材料有限公司,,,,,
上海大郡动力控制技术有限公司,烟台正海磁性材料股份有限公司,,,,,
上海大郡动力控制技术有限公司,烟台正海磁性材料股份有限公司,,,,,
上海大郡动力控制技术有限公司,烟台正海磁性材料股份有限公司,,,,,
南方电网科学研究院有限责任公司,中国南方电网有限责任公司电网技术研究中心,拓尔思信息技术股份有限公司,,,,
南方电网科学研究院有限责任公司,中国南方电网有限责任公司电网技术研究中心,拓尔思信息技术股份有限公司,,,,
上海永利带业股份有限公司,上海永利输送系统有限公司,,,,,
上海永利带业股份有限公司,上海永利输送系统有限公司,,,,,
上海永利带业股份有限公司,上海永利输送系统有限公司,,,,,
上海永利带业股份有限公司,上海永利输送系统有限公司,,,,,
上海永利带业股份有限公司,上海永利输送系统有限公司,,,,,
上海永利带业股份有限公司,上海永利输送系统有限公司,,,,,
上海永利带业股份有限公司,上海永利输送系统有限公司,,,,,
上海永利带业股份有限公司,上海永利输送系统有限公司,,,,,
上海永利带业股份有限公司,上海永利输送系统有限公司,,,,,
清华大学,北京银信长远科技股份有限公司,清华大学无锡应用技术研究院,,,,
清华大学,北京银信长远科技股份有限公司,清华大学无锡应用技术研究院,,,,
清华大学,北京银信长远科技股份有限公司,,,,,
清华大学,北京银信长远科技股份有限公司,,,,,
广东洲明节能科技有限公司,深圳市洲明科技股份有限公司,,,,,
广东洲明节能科技有限公司,深圳市洲明科技股份有限公司,,,,,
广东洲明节能科技有限公司,深圳市洲明科技股份有限公司,,,,,
深圳市洲明科技股份有限公司,广东洲明节能科技有限公司,,,,,
广东洲明节能科技有限公司,深圳市洲明科技股份有限公司,,,,,
广东洲明节能科技有限公司,深圳市洲明科技股份有限公司,,,,,
广东洲明节能科技有限公司,深圳市洲明科技股份有限公司,,,,,
广东洲明节能科技有限公司,深圳市洲明科技股份有限公司,,,,,
广东洲明节能科技有限公司,深圳市洲明科技股份有限公司,,,,,
广东洲明节能科技有限公司,深圳市洲明科技股份有限公司,,,,,
中山市金城道勃法制药有限公司,山东金城医药集团股份有限公司,,,,,
中山市金城道勃法制药有限公司,山东金城医药集团股份有限公司,,,,,
中山市金城道勃法制药有限公司,山东金城医药集团股份有限公司,,,,,
中山市金城道勃法制药有限公司,山东金城医药集团股份有限公司,,,,,
中山市金城道勃法制药有限公司,山东金城医药集团股份有限公司,,,,,
浙江开尔新材料股份有限公司,浙江大学,,,,,
浙江开尔新材料股份有限公司,浙江大学,,,,,
上海新N半导体科技有限公司,上海新阳半导体材料股份有限公司,,,,,
广州市美昊生物科技有限公司,冠昊生物科技股份有限公司,,,,,
冠昊生物科技股份有限公司,广州市美昊生物科技有限公司,,,,,
广州市美昊生物科技有限公司,冠昊生物科技股份有限公司,,,,,
中国人民解放军第306医院,中国科学院理化技术研究所,包头东宝生物技术股份有限公司,,,,
中国科学院理化技术研究所,包头东宝生物技术股份有限公司,,,,,
河南许继仪表有限公司,许继集团有限公司,国家电网公司,新开普电子股份有限公司,,,
河南许继仪表有限公司,许继集团有限公司,国家电网公司,新开普电子股份有限公司,,,
深圳金信诺高新技术股份有限公司,,,,,,
清华大学,深圳金信诺高新技术股份有限公司,,,,,
深圳金信诺高新技术股份有限公司,,,,,,
深圳金信诺高新技术股份有限公司,,,,,,
深圳金信诺高新技术股份有限公司,,,,,,
清华大学,深圳金信诺高新技术股份有限公司,,,,,
宁波中物东方光电技术有限公司,深圳金信诺高新技术股份有限公司,,,,,
清华大学,深圳金信诺高新技术股份有限公司,,,,,
深圳金信诺高新技术股份有限公司,,,,,,
深圳金信诺高新技术股份有限公司,,,,,,
深圳金信诺高新技术股份有限公司,,,,,,
深圳金信诺高新技术股份有限公司,,,,,,
深圳金信诺高新技术股份有限公司,,,,,,
深圳金信诺高新技术股份有限公司,,,,,,
清华大学,深圳金信诺高新技术股份有限公司,,,,,
深圳金信诺高新技术股份有限公司,,,,,,
宁波中物东方光电技术有限公司,深圳金信诺高新技术股份有限公司,,,,,
深圳金信诺高新技术股份有限公司,,,,,,
深圳金信诺高新技术股份有限公司,,,,,,
深圳金信诺高新技术股份有限公司,,,,,,
四川仟源中药饮片有限公司,山西仟源医药集团股份有限公司,,,,,
四川仟源中药饮片有限公司,山西仟源医药集团股份有限公司,,,,,
四川仟源中药饮片有限公司,山西仟源医药集团股份有限公司,,,,,
江苏太平洋精锻科技股份有限公司,江苏太平洋齿轮传动有限公司,,,,,
江苏太平洋精锻科技股份有限公司,江苏太平洋齿轮传动有限公司,,,,,
江苏太平洋精锻科技股份有限公司,江苏太平洋齿轮传动有限公司,,,,,
江苏太平洋精锻科技股份有限公司,江苏太平洋齿轮传动有限公司,,,,,
江苏太平洋精锻科技股份有限公司,江苏太平洋齿轮传动有限公司,,,,,
江苏太平洋精锻科技股份有限公司,江苏太平洋齿轮传动有限公司,,,,,
江苏太平洋精锻科技股份有限公司,江苏太平洋齿轮传动有限公司,,,,,
江苏太平洋精锻科技股份有限公司,江苏太平洋齿轮传动有限公司,,,,,
江苏太平洋精锻科技股份有限公司,江苏太平洋齿轮传动有限公司,,,,,
江苏太平洋精锻科技股份有限公司,江苏太平洋齿轮传动有限公司,,,,,
江苏太平洋精锻科技股份有限公司,江苏太平洋齿轮传动有限公司,,,,,
江苏太平洋精锻科技股份有限公司,江苏太平洋齿轮传动有限公司,,,,,
江苏太平洋精锻科技股份有限公司,江苏太平洋齿轮传动有限公司,,,,,
江苏太平洋精锻科技股份有限公司,江苏太平洋齿轮传动有限公司,,,,,
江苏太平洋精锻科技股份有限公司,江苏太平洋齿轮传动有限公司,,,,,
江苏太平洋精锻科技股份有限公司,江苏太平洋齿轮传动有限公司,,,,,
江苏太平洋精锻科技股份有限公司,江苏太平洋齿轮传动有限公司,,,,,
江苏太平洋精锻科技股份有限公司,江苏太平洋齿轮传动有限公司,,,,,
江苏太平洋精锻科技股份有限公司,江苏太平洋齿轮传动有限公司,,,,,
江苏太平洋精锻科技股份有限公司,江苏太平洋齿轮传动有限公司,,,,,
江苏太平洋精锻科技股份有限公司,江苏太平洋齿轮传动有限公司,,,,,
江苏太平洋精锻科技股份有限公司,江苏太平洋齿轮传动有限公司,,,,,
江苏太平洋精锻科技股份有限公司,江苏太平洋齿轮传动有限公司,,,,,
江苏太平洋精锻科技股份有限公司,江苏太平洋齿轮传动有限公司,,,,,
江苏太平洋精锻科技股份有限公司,江苏太平洋齿轮传动有限公司,,,,,
上海交通大学,江苏太平洋精锻科技股份有限公司,,,,,
江苏太平洋齿轮传动有限公司,江苏太平洋精锻科技股份有限公司,,,,,
江苏太平洋齿轮传动有限公司,江苏太平洋精锻科技股份有限公司,,,,,
江苏太平洋齿轮传动有限公司,江苏太平洋精锻科技股份有限公司,,,,,
江苏太平洋精锻科技股份有限公司,江苏太平洋齿轮传动有限公司,,,,,
江苏太平洋齿轮传动有限公司,江苏太平洋精锻科技股份有限公司,,,,,
江苏太平洋齿轮传动有限公司,江苏太平洋精锻科技股份有限公司,,,,,
江苏太平洋精锻科技股份有限公司,江苏太平洋齿轮传动有限公司,,,,,
江苏太平洋齿轮传动有限公司,江苏太平洋精锻科技股份有限公司,,,,,
江苏太平洋齿轮传动有限公司,江苏太平洋精锻科技股份有限公司,,,,,
江苏太平洋精锻科技股份有限公司,江苏太平洋齿轮传动有限公司,,,,,
江苏太平洋齿轮传动有限公司,江苏太平洋精锻科技股份有限公司,,,,,
江苏太平洋精锻科技股份有限公司,江苏太平洋齿轮传动有限公司,,,,,
江苏太平洋齿轮传动有限公司,江苏太平洋精锻科技股份有限公司,,,,,
江苏太平洋齿轮传动有限公司,江苏太平洋精锻科技股份有限公司,,,,,
江苏太平洋齿轮传动有限公司,江苏太平洋精锻科技股份有限公司,,,,,
江苏太平洋精锻科技股份有限公司,江苏太平洋齿轮传动有限公司,,,,,
江苏太平洋精锻科技股份有限公司,江苏太平洋齿轮传动有限公司,,,,,
江苏太平洋齿轮传动有限公司,江苏太平洋精锻科技股份有限公司,,,,,
江苏太平洋精锻科技股份有限公司,江苏太平洋齿轮传动有限公司,,,,,
江苏太平洋精锻科技股份有限公司,宁波太平洋电控系统有限公司,,,,,
江苏太平洋齿轮传动有限公司,江苏太平洋精锻科技股份有限公司,,,,,
江苏太平洋精锻科技股份有限公司,江苏太平洋齿轮传动有限公司,,,,,
江苏太平洋精锻科技股份有限公司,宁波太平洋电控系统有限公司,,,,,
江苏太平洋精锻科技股份有限公司,宁波太平洋电控系统有限公司,,,,,
江苏太平洋精锻科技股份有限公司,宁波太平洋电控系统有限公司,,,,,
江苏太平洋精锻科技股份有限公司,上海交通大学,,,,,
江苏太平洋精锻科技股份有限公司,上海交通大学,,,,,
江苏太平洋精锻科技股份有限公司,上海交通大学,,,,,
江苏太平洋精锻科技股份有限公司,宁波太平洋电控系统有限公司,,,,,
江苏太平洋精锻科技股份有限公司,宁波太平洋电控系统有限公司,,,,,
江苏太平洋精锻科技股份有限公司,宁波太平洋电控系统有限公司,,,,,
江苏太平洋精锻科技股份有限公司,宁波太平洋电控系统有限公司,,,,,
江苏太平洋精锻科技股份有限公司,宁波太平洋电控系统有限公司,,,,,
江苏太平洋齿轮传动有限公司,江苏太平洋精锻科技股份有限公司,,,,,
江苏太平洋精锻科技股份有限公司,宁波太平洋电控系统有限公司,,,,,
江苏太平洋精锻科技股份有限公司,宁波太平洋电控系统有限公司,,,,,
江苏太平洋精锻科技股份有限公司,上海交通大学,,,,,
上海交通大学,江苏太平洋精锻科技股份有限公司,,,,,
江苏太平洋精锻科技股份有限公司,江苏太平洋齿轮传动有限公司,,,,,
江苏太平洋精锻科技股份有限公司,上海交通大学,,,,,
江苏太平洋精锻科技股份有限公司,宁波太平洋电控系统有限公司,,,,,
江苏太平洋精锻科技股份有限公司,宁波太平洋电控系统有限公司,,,,,
江苏太平洋精锻科技股份有限公司,宁波太平洋电控系统有限公司,,,,,
上海交通大学,江苏太平洋精锻科技股份有限公司,,,,,
江苏太平洋精锻科技股份有限公司,宁波太平洋电控系统有限公司,,,,,
江苏太平洋精锻科技股份有限公司,宁波太平洋电控系统有限公司,,,,,
江苏太平洋精锻科技股份有限公司,宁波太平洋电控系统有限公司,,,,,
江苏太平洋精锻科技股份有限公司,宁波太平洋电控系统有限公司,,,,,
江苏太平洋精锻科技股份有限公司,宁波太平洋电控系统有限公司,,,,,
江苏太平洋精锻科技股份有限公司,宁波太平洋电控系统有限公司,,,,,
山西路桥建设集团有限公司,杭州中威电子股份有限公司,,,,,
山西路桥建设集团有限公司,杭州中威电子股份有限公司,,,,,
开能健康科技集团股份有限公司,上海奔泰水处理设备有限公司,,,,,
开能健康科技集团股份有限公司,上海奔泰水处理设备有限公司,,,,,
阳光电源(上海)有限公司,阳光电源股份有限公司,,,,,
上海爱浦克施电力科技股份有限公司,阳光电源股份有限公司,,,,,
上海爱浦克施电力科技股份有限公司,阳光电源股份有限公司,,,,,
合肥日源电气信息技术有限公司,阳光电源股份有限公司,,,,,
重庆旗能电铝有限公司,重庆梅安森科技股份有限公司,青岛派科森光电技术股份有限公司,北京菲博泰光电科技有限公司,,,
重庆梅安森科技股份有限公司,北京安全技术研究院分公司,,,,,
重庆梅安森科技股份有限公司,北京安全技术研究院分公司,,,,,
清华大学,重庆梅安森科技股份有限公司,,,,,
重庆梅安森科技股份有限公司,北京安全技术研究院分公司,,,,,
重庆梅安森科技股份有限公司,北京安全技术研究院分公司,,,,,
重庆旗能电铝有限公司,重庆梅安森科技股份有限公司,青岛派科森光电技术股份有限公司,北京菲博泰光电科技有限公司,,,
清华大学,重庆梅安森科技股份有限公司,,,,,
南京理工大学,江苏紫天传媒科技股份有限公司,,,,,
江苏紫天传媒科技股份有限公司,苏州大学,,,,,
苏州大学,江苏紫天传媒科技股份有限公司,,,,,
苏州大学,江苏紫天传媒科技股份有限公司,,,,,
苏州大学,江苏紫天传媒科技股份有限公司,,,,,
苏州大学,江苏紫天传媒科技股份有限公司,,,,,
广东金明精机股份有限公司,广东金佳新材料科技有限公司,,,,,
广东金明精机股份有限公司,广东金佳新材料科技有限公司,,,,,
南京大学,苏交科集团股份有限公司,,,,,
南京工业大学,苏交科集团股份有限公司,,,,,
南京市江宁区公路管理站,南京昊天路桥工程有限公司,苏交科集团股份有限公司,,,,
苏交科集团股份有限公司,山西永力实业有限公司,,,,,
苏交科集团股份有限公司,南京市江宁区公路管理站,南京昊天路桥工程有限公司,,,,
长安大学,苏交科集团股份有限公司,,,,,
东南大学,苏交科集团股份有限公司,,,,,
中冶交通工程技术有限公司,苏交科集团股份有限公司,,,,,
苏交科集团股份有限公司,江苏燕宁新材料科技发展有限公司,,,,,
苏交科集团股份有限公司,江苏燕宁新材料科技发展有限公司,,,,,
苏交科集团股份有限公司,江苏燕宁新材料科技发展有限公司,,,,,
苏交科集团股份有限公司,东南大学,南京工业大学,,,,
苏交科集团股份有限公司,东南大学,南京工业大学,,,,
苏交科集团股份有限公司,南京工业大学,,,,,
江西省交通科学研究院,苏交科集团股份有限公司,,,,,
苏交科集团股份有限公司,东南大学,南京工业大学,,,,
东南大学,苏交科集团股份有限公司,,,,,
苏交科集团股份有限公司,南京工业大学,,,,,
苏交科集团股份有限公司,东南大学,南京工业大学,,,,
苏交科集团股份有限公司,南京工业大学,,,,,
苏交科集团股份有限公司,东南大学,南京工业大学,,,,
苏交科集团股份有限公司,南京工业大学,,,,,
苏交科集团股份有限公司,江苏燕宁新材料科技发展有限公司,,,,,
苏交科集团股份有限公司,南京工业大学,,,,,
苏交科集团股份有限公司,南京工业大学,,,,,
苏交科集团股份有限公司,南京工业大学,,,,,
苏交科集团股份有限公司,南京工业大学,,,,,
苏交科集团股份有限公司,中信建设有限责任公司,,,,,
苏交科集团股份有限公司,南京工业大学,江苏省南通市公路管理处,,,,
苏交科集团股份有限公司,河海大学,,,,,
苏交科集团股份有限公司,东南大学,南京工业大学,,,,
苏交科集团股份有限公司,东南大学,南京工业大学,,,,
苏交科集团股份有限公司,南京工业大学,,,,,
北京中科用通减振技术有限公司,苏交科集团股份有限公司,,,,,
苏交科集团股份有限公司,东南大学,南京工业大学,,,,
苏交科集团股份有限公司,东南大学,南京工业大学,,,,
苏交科集团股份有限公司,东南大学,南京工业大学,,,,
苏交科集团股份有限公司,法国里尔中央理工学校,,,,,
苏交科集团股份有限公司,南京工业大学,,,,,
苏交科集团股份有限公司,南京工业大学,,,,,
苏交科集团股份有限公司,江苏燕宁新材料科技发展有限公司,,,,,
苏交科集团股份有限公司,江苏燕宁新材料科技发展有限公司,,,,,
苏交科集团股份有限公司,南京工业大学,,,,,
苏交科集团股份有限公司,南京工业大学,,,,,
苏交科集团股份有限公司,南京工业大学,,,,,
苏交科集团股份有限公司,南京工业大学,,,,,
苏交科集团股份有限公司,南京工业大学,,,,,
苏交科集团股份有限公司,东南大学,南京工业大学,,,,
苏交科集团股份有限公司,南京工业大学,,,,,
苏交科集团股份有限公司,东南大学,南京工业大学,,,,
苏交科集团股份有限公司,东南大学,南京工业大学,,,,
苏交科集团股份有限公司,中信建设有限责任公司,,,,,
苏交科集团股份有限公司,中信建设有限责任公司,,,,,
苏交科集团股份有限公司,法国里尔中央理工学校,,,,,
苏交科集团股份有限公司,南京工业大学,,,,,
苏交科集团股份有限公司,南京工业大学,,,,,
苏交科集团股份有限公司,南京工业大学,,,,,
苏交科集团股份有限公司,南京工业大学,,,,,
苏交科集团股份有限公司,河海大学,,,,,
贵州省公路工程集团有限公司,苏交科集团股份有限公司,中南大学,,,,
苏交科集团股份有限公司,南京工业大学,江苏省南通市公路管理处,,,,
苏交科集团股份有限公司,南京工业大学,,,,,
苏交科集团股份有限公司,南京工业大学,,,,,
苏交科集团股份有限公司,东南大学,南京工业大学,,,,
苏交科集团股份有限公司,南京工业大学,江苏省南通市公路管理处,,,,
苏交科集团股份有限公司,青海省收费公路管理处,,,,,
福州市公路局,苏交科集团股份有限公司,福州市公路局长乐分局,,,,
苏交科集团股份有限公司,南京工业大学,,,,,
福州市公路局,苏交科集团股份有限公司,福州市公路局长乐分局,,,,
苏交科集团股份有限公司,南京工业大学,,,,,
苏交科集团股份有限公司,南京工业大学,,,,,
苏交科集团股份有限公司,南京工业大学,,,,,
苏交科集团股份有限公司,南京工业大学,,,,,
苏交科集团股份有限公司,江苏省扬州市公路管理处,,,,,
苏交科集团股份有限公司,浙江舟山跨海大桥有限公司,浙江交工高等级公路养护有限公司,南京工业大学,,,
青海省收费公路管理处,苏交科集团股份有限公司,,,,,
东南大学,江苏绿材谷新材料科技发展有限公司,苏交科集团股份有限公司,,,,
苏交科集团股份有限公司,南京工业大学,,,,,
河海大学,苏交科集团股份有限公司,南京工业大学,,,,
南京工业大学,苏交科集团股份有限公司,,,,,
苏交科集团股份有限公司,南京工业大学,,,,,
东南大学,江苏绿材谷新材料科技发展有限公司,苏交科集团股份有限公司,,,,
苏交科集团股份有限公司,南京工业大学,,,,,
苏交科集团股份有限公司,南京工业大学,,,,,
福州市公路局,苏交科集团股份有限公司,,,,,
苏交科集团股份有限公司,南京工业大学,,,,,
苏交科集团股份有限公司,南京工业大学,,,,,
苏交科集团股份有限公司,东南大学,南京工业大学,,,,
苏交科集团股份有限公司,南京工业大学,江苏省南通市公路管理处,,,,
苏交科集团股份有限公司,南京工业大学,,,,,
苏交科集团股份有限公司,南京工业大学,江苏省南通市公路管理处,,,,
河海大学,苏交科集团股份有限公司,南京工业大学,,,,
河海大学,苏交科集团股份有限公司,南京工业大学,,,,
苏交科集团股份有限公司,南京工业大学,,,,,
苏交科集团股份有限公司,南京工业大学,,,,,
苏交科集团股份有限公司,苏州交通工程集团有限公司,,,,,
苏交科集团股份有限公司,南京工业大学,,,,,
苏交科集团股份有限公司,南京工业大学,江苏省南通市公路管理处,,,,
苏交科集团股份有限公司,浙江舟山跨海大桥有限公司,浙江交工高等级公路养护有限公司,南京工业大学,,,
苏交科集团股份有限公司,南京工业大学,江苏省南通市公路管理处,,,,
苏交科集团股份有限公司,南京工业大学,,,,,
苏交科集团股份有限公司,南京工业大学,,,,,
苏交科集团股份有限公司,南京工业大学,,,,,
苏交科集团股份有限公司,南京工业大学,,,,,
福州市公路局,苏交科集团股份有限公司,,,,,
苏交科集团股份有限公司,南京工业大学,,,,,
南京工业大学,苏交科集团股份有限公司,,,,,
青海省收费公路管理处,苏交科集团股份有限公司,,,,,
河海大学,苏交科集团股份有限公司,南京工业大学,,,,
中铁山桥集团有限公司,苏交科集团股份有限公司,,,,,
苏交科集团股份有限公司,东南大学,南京工业大学,,,,
苏交科集团股份有限公司,河北宝力工程装备股份有限公司,,,,,
苏交科集团股份有限公司,南京工业大学,江苏省南通市公路管理处,,,,
苏交科集团股份有限公司,南京工业大学,,,,,
苏交科集团股份有限公司,江苏省产品质量监督检验研究院,,,,,
苏交科集团股份有限公司,南京工业大学,,,,,
安科瑞电气股份有限公司,江苏安科瑞电器制造有限公司,,,,,
安科瑞电气股份有限公司,江苏安科瑞电器制造有限公司,,,,,
安科瑞电气股份有限公司,江苏安科瑞电器制造有限公司,,,,,
安科瑞电气股份有限公司,江苏安科瑞电器制造有限公司,,,,,
安科瑞电气股份有限公司,江苏安科瑞电器制造有限公司,,,,,
安科瑞电气股份有限公司,江苏安科瑞电器制造有限公司,,,,,
江苏安科瑞电器制造有限公司,安科瑞电气股份有限公司,,,,,
安科瑞电气股份有限公司,江苏安科瑞电器制造有限公司,,,,,
安科瑞电气股份有限公司,江苏安科瑞电器制造有限公司,,,,,
安科瑞电气股份有限公司,江苏安科瑞电器制造有限公司,,,,,
安科瑞电气股份有限公司,江苏安科瑞电器制造有限公司,,,,,
安科瑞电气股份有限公司,江苏安科瑞电器制造有限公司,,,,,
江苏安科瑞电器制造有限公司,安科瑞电气股份有限公司,,,,,
安科瑞电气股份有限公司,江苏安科瑞电器制造有限公司,,,,,
安科瑞电气股份有限公司,江苏安科瑞电器制造有限公司,,,,,
安科瑞电气股份有限公司,江苏安科瑞电器制造有限公司,,,,,
安科瑞电气股份有限公司,江苏安科瑞电器制造有限公司,,,,,
安科瑞电气股份有限公司,江苏安科瑞电器制造有限公司,,,,,
江苏安科瑞电器制造有限公司,安科瑞电气股份有限公司,,,,,
安科瑞电气股份有限公司,江苏安科瑞电器制造有限公司,,,,,
安科瑞电气股份有限公司,江苏安科瑞电器制造有限公司,,,,,
安科瑞电气股份有限公司,江苏安科瑞电器制造有限公司,,,,,
安科瑞电气股份有限公司,江苏安科瑞电器制造有限公司,,,,,
安科瑞电气股份有限公司,江苏安科瑞电器制造有限公司,,,,,
江苏安科瑞电器制造有限公司,安科瑞电气股份有限公司,,,,,
安科瑞电气股份有限公司,江苏安科瑞电器制造有限公司,,,,,
安科瑞电气股份有限公司,江苏安科瑞电器制造有限公司,,,,,
安科瑞电气股份有限公司,江苏安科瑞电器制造有限公司,,,,,
江苏安科瑞电器制造有限公司,安科瑞电气股份有限公司,,,,,
江苏安科瑞电器制造有限公司,安科瑞电气股份有限公司,,,,,
安科瑞电气股份有限公司,江苏安科瑞电器制造有限公司,,,,,
安科瑞电气股份有限公司,江苏安科瑞电器制造有限公司,,,,,
江苏安科瑞电器制造有限公司,安科瑞电气股份有限公司,,,,,
安科瑞电气股份有限公司,江苏安科瑞电器制造有限公司,,,,,
安科瑞电气股份有限公司,江苏安科瑞电器制造有限公司,,,,,
安科瑞电气股份有限公司,江苏安科瑞电器制造有限公司,,,,,
安科瑞电气股份有限公司,江苏安科瑞电器制造有限公司,,,,,
江苏安科瑞电器制造有限公司,安科瑞电气股份有限公司,,,,,
江苏安科瑞电器制造有限公司,安科瑞电气股份有限公司,,,,,
安科瑞电气股份有限公司,江苏安科瑞电器制造有限公司,,,,,
安科瑞电气股份有限公司,江苏安科瑞电器制造有限公司,,,,,
江苏安科瑞电器制造有限公司,安科瑞电气股份有限公司,,,,,
安科瑞电气股份有限公司,江苏安科瑞电器制造有限公司,,,,,
江苏安科瑞电器制造有限公司,安科瑞电气股份有限公司,,,,,
江苏安科瑞电器制造有限公司,安科瑞电气股份有限公司,,,,,
安科瑞电气股份有限公司,江苏安科瑞电器制造有限公司,,,,,
安科瑞电气股份有限公司,江苏安科瑞电器制造有限公司,,,,,
安科瑞电气股份有限公司,江苏安科瑞电器制造有限公司,,,,,
江苏安科瑞电器制造有限公司,安科瑞电气股份有限公司,,,,,
安科瑞电气股份有限公司,江苏安科瑞电器制造有限公司,,,,,
安科瑞电气股份有限公司,江苏安科瑞电器制造有限公司,,,,,
江苏安科瑞电器制造有限公司,安科瑞电气股份有限公司,,,,,
安科瑞电气股份有限公司,江苏安科瑞电器制造有限公司,,,,,
江苏安科瑞电器制造有限公司,安科瑞电气股份有限公司,,,,,
江苏安科瑞电器制造有限公司,安科瑞电气股份有限公司,,,,,
江苏安科瑞电器制造有限公司,安科瑞电气股份有限公司,,,,,
安科瑞电气股份有限公司,江苏安科瑞电器制造有限公司,,,,,
安科瑞电气股份有限公司,江苏安科瑞电器制造有限公司,,,,,
安科瑞电气股份有限公司,江苏安科瑞电器制造有限公司,,,,,
安科瑞电气股份有限公司,江苏安科瑞电器制造有限公司,,,,,
安科瑞电气股份有限公司,江苏安科瑞电器制造有限公司,,,,,
安科瑞电气股份有限公司,江苏安科瑞电器制造有限公司,,,,,
安科瑞电气股份有限公司,江苏安科瑞电器制造有限公司,,,,,
安科瑞电气股份有限公司,江苏安科瑞电器制造有限公司,,,,,
安科瑞电气股份有限公司,江苏安科瑞电器制造有限公司,,,,,
安科瑞电气股份有限公司,江苏安科瑞电器制造有限公司,,,,,
杭州米天基因科技有限公司,荣科科技股份有限公司,,,,,
杭州米天基因科技有限公司,荣科科技股份有限公司,,,,,
吴通控股集团股份有限公司,南京航空航天大学,,,,,
吴通控股集团股份有限公司,中国电子科技集团公司第四十研究所,,,,,
吴通控股集团股份有限公司,中国电子科技集团公司第四十研究所,,,,,
中国移动通信集团福建有限公司,吴通控股集团股份有限公司,,,,,
中国移动通信集团福建有限公司,吴通控股集团股份有限公司,,,,,
国家广播电影电视总局广播电视规划院,利亚德光电股份有限公司,,,,,
江苏裕兴薄膜科技股份有限公司,浙江大学,,,,,
任子行网络技术股份有限公司,华南理工大学,,,,,
任子行网络技术股份有限公司,浙江省通信管理局,,,,,
任子行网络技术股份有限公司,深圳市任子行科技开发有限公司,,,,,
国家计算机网络与信息安全管理中心,任子行网络技术股份有限公司,,,,,
国家计算机网络与信息安全管理中心,任子行网络技术股份有限公司,,,,,
任子行网络技术股份有限公司,浙江省通信管理局,,,,,
北京亚鸿世纪科技发展有限公司,任子行网络技术股份有限公司,,,,,
北京亚鸿世纪科技发展有限公司,任子行网络技术股份有限公司,,,,,
深圳市任子行科技开发有限公司,任子行网络技术股份有限公司,,,,,
深圳市任子行科技开发有限公司,任子行网络技术股份有限公司,,,,,
深圳市任子行科技开发有限公司,任子行网络技术股份有限公司,,,,,
北京亚鸿世纪科技发展有限公司,任子行网络技术股份有限公司,,,,,
北京亚鸿世纪科技发展有限公司,任子行网络技术股份有限公司,,,,,
深圳市任子行科技开发有限公司,任子行网络技术股份有限公司,,,,,
深圳市任子行科技开发有限公司,任子行网络技术股份有限公司,,,,,
杭州慧翔电液技术开发有限公司,浙江晶盛机电股份有限公司,,,,,
杭州慧翔电液技术开发有限公司,浙江晶盛机电股份有限公司,,,,,
杭州慧翔电液技术开发有限公司,浙江晶盛机电股份有限公司,,,,,
杭州慧翔电液技术开发有限公司,浙江晶盛机电股份有限公司,,,,,
浙江晶盛机电股份有限公司,杭州慧翔电液技术开发有限公司,,,,,
杭州慧翔电液技术开发有限公司,浙江晶盛机电股份有限公司,,,,,
浙江晶盛机电股份有限公司,杭州慧翔电液技术开发有限公司,,,,,
浙江晶盛机电股份有限公司,杭州慧翔电液技术开发有限公司,,,,,
杭州慧翔电液技术开发有限公司,浙江晶盛机电股份有限公司,,,,,
杭州慧翔电液技术开发有限公司,浙江晶盛机电股份有限公司,,,,,
杭州慧翔电液技术开发有限公司,浙江晶盛机电股份有限公司,,,,,
杭州慧翔电液技术开发有限公司,浙江晶盛机电股份有限公司,,,,,
杭州慧翔电液技术开发有限公司,浙江晶盛机电股份有限公司,,,,,
杭州慧翔电液技术开发有限公司,浙江晶盛机电股份有限公司,,,,,
上虞晶信机电科技有限公司,浙江晶盛机电股份有限公司,,,,,
上虞晶信机电科技有限公司,浙江晶盛机电股份有限公司,,,,,
上虞晶信机电科技有限公司,浙江晶盛机电股份有限公司,,,,,
上虞晶信机电科技有限公司,浙江晶盛机电股份有限公司,,,,,
上虞晶信机电科技有限公司,浙江晶盛机电股份有限公司,,,,,
上虞晶信机电科技有限公司,浙江晶盛机电股份有限公司,,,,,
上虞晶信机电科技有限公司,浙江晶盛机电股份有限公司,,,,,
上虞晶信机电科技有限公司,浙江晶盛机电股份有限公司,,,,,
上虞晶信机电科技有限公司,浙江晶盛机电股份有限公司,,,,,
上虞晶信机电科技有限公司,浙江晶盛机电股份有限公司,,,,,
上虞晶信机电科技有限公司,浙江晶盛机电股份有限公司,,,,,
上虞晶信机电科技有限公司,浙江晶盛机电股份有限公司,,,,,
上虞晶信机电科技有限公司,浙江晶盛机电股份有限公司,,,,,
清华大学,珈伟新能源股份有限公司,,,,,
中南大学,珈伟新能源股份有限公司,,,,,
北京城建设计发展集团股份有限公司,江阴海达橡塑股份有限公司,长春市地铁有限责任公司,,,,
北京城建设计发展集团股份有限公司,江阴海达橡塑股份有限公司,,,,,
惠州硕贝德无线科技股份有限公司,东莞市奕联实业有限公司,惠州市盈信电子科技有限公司,,,,
中国科学院金属研究所,东莞宜安科技股份有限公司,,,,,
东莞宜安科技股份有限公司,中国科学院金属研究所,东莞市镁安镁业科技有限公司,,,,
东莞宜安科技股份有限公司,中国科学院长春应用化学研究所,,,,,
东莞宜安科技股份有限公司,深圳市锆安材料科技有限公司,,,,,
东莞宜安科技股份有限公司,深圳市锆安材料科技有限公司,,,,,
中国科学院金属研究所,东莞宜安科技股份有限公司,,,,,
东莞宜安科技股份有限公司,东莞市镁安镁业科技有限公司,,,,,
东莞宜安科技股份有限公司,东莞市镁安镁业科技有限公司,,,,,
东莞宜安科技股份有限公司,东莞市镁安镁业科技有限公司,,,,,
东莞宜安科技股份有限公司,东莞市镁安镁业科技有限公司,,,,,
东莞宜安科技股份有限公司,东莞市镁安镁业科技有限公司,,,,,
东莞宜安科技股份有限公司,东莞市镁安镁业科技有限公司,,,,,
东莞宜安科技股份有限公司,东莞市镁安镁业科技有限公司,,,,,
东莞宜安科技股份有限公司,东莞市镁安镁业科技有限公司,,,,,
东莞宜安科技股份有限公司,东莞市镁安镁业科技有限公司,,,,,
东莞宜安科技股份有限公司,东莞市镁安镁业科技有限公司,,,,,
东莞宜安科技股份有限公司,东莞市镁安镁业科技有限公司,,,,,
东莞宜安科技股份有限公司,东莞市镁安镁业科技有限公司,,,,,
东莞宜安科技股份有限公司,东莞市镁安镁业科技有限公司,,,,,
中国科学院金属研究所,东莞宜安科技股份有限公司,辽宁金研液态金属科技有限公司,沈阳金研新材料制备技术有限公司,,,
东莞宜安科技股份有限公司,东莞市镁安镁业科技有限公司,,,,,
中国科学院金属研究所,东莞宜安科技股份有限公司,辽宁金研液态金属科技有限公司,沈阳金研新材料制备技术有限公司,,,
东莞宜安科技股份有限公司,东莞市镁安镁业科技有限公司,,,,,
中国科学院金属研究所,东莞宜安科技股份有限公司,辽宁金研液态金属科技有限公司,沈阳金研新材料制备技术有限公司,,,
中国科学院金属研究所,东莞宜安科技股份有限公司,,,,,
东莞宜安科技股份有限公司,东莞市镁安镁业科技有限公司,,,,,
中国科学院金属研究所,东莞宜安科技股份有限公司,辽宁金研液态金属科技有限公司,沈阳金研新材料制备技术有限公司,,,
东莞宜安科技股份有限公司,东莞市镁安镁业科技有限公司,,,,,
东莞宜安科技股份有限公司,东莞市镁安镁业科技有限公司,,,,,
东莞宜安科技股份有限公司,东莞市镁安镁业科技有限公司,,,,,
东莞宜安科技股份有限公司,东莞市镁安镁业科技有限公司,,,,,
东莞宜安科技股份有限公司,东莞市镁安镁业科技有限公司,,,,,
中国科学院金属研究所,东莞宜安科技股份有限公司,,,,,
东莞宜安科技股份有限公司,东莞市镁安镁业科技有限公司,,,,,
东莞宜安科技股份有限公司,东莞市镁安镁业科技有限公司,,,,,
东莞宜安科技股份有限公司,东莞市镁安镁业科技有限公司,,,,,
东莞宜安科技股份有限公司,东莞市镁安镁业科技有限公司,,,,,
东莞宜安科技股份有限公司,东莞市镁安镁业科技有限公司,,,,,
东莞宜安科技股份有限公司,东莞市镁安镁业科技有限公司,,,,,
东莞宜安科技股份有限公司,东莞市镁安镁业科技有限公司,,,,,
东莞宜安科技股份有限公司,东莞市镁安镁业科技有限公司,,,,,
东莞宜安科技股份有限公司,东莞市镁安镁业科技有限公司,,,,,
东莞宜安科技股份有限公司,东莞市镁安镁业科技有限公司,,,,,
东莞宜安科技股份有限公司,东莞市镁安镁业科技有限公司,,,,,
东莞宜安科技股份有限公司,东莞市镁安镁业科技有限公司,,,,,
苏州苏大维格科技集团股份有限公司,苏州大学,,,,,
天壕环境股份有限公司,宁夏节能投资有限公司,,,,,
天壕环境股份有限公司,宁夏节能投资有限公司,,,,,
天津膜天膜科技股份有限公司,山东华悦环保工程有限公司,,,,,
天津膜天膜科技股份有限公司,山东华悦环保工程有限公司,,,,,
天津大学,天津膜天膜科技股份有限公司,,,,,
天津大学,天津膜天膜科技股份有限公司,,,,,
天津大学,天津膜天膜科技股份有限公司,,,,,
天津大学,天津膜天膜科技股份有限公司,,,,,
天津膜天膜科技股份有限公司,天津工业大学,,,,,
天津膜天膜科技股份有限公司,天津工业大学,,,,,
广州迪森热能技术股份有限公司,苏州迪森生物能源有限公司,,,,,
广州迪森热能技术股份有限公司,苏州迪森生物能源有限公司,,,,,
广州迪森热能技术股份有限公司,苏州迪森生物能源有限公司,梅州迪森生物质能供热有限公司,,,,
广州迪森热能技术股份有限公司,苏州迪森生物能源有限公司,梅州迪森生物质能供热有限公司,,,,
广州迪森热能技术股份有限公司,苏州迪森生物能源有限公司,,,,,
中山大学,广州迪森热能技术股份有限公司,,,,,
广州迪森热能技术股份有限公司,苏州迪森生物能源有限公司,,,,,
广州迪森热能技术股份有限公司,苏州迪森生物能源有限公司,梅州迪森生物质能供热有限公司,,,,
广州迪森热能技术股份有限公司,苏州迪森生物能源有限公司,,,,,
广州迪森热能技术股份有限公司,苏州迪森生物能源有限公司,,,,,
广州迪森热能技术股份有限公司,苏州迪森生物能源有限公司,梅州迪森生物质能供热有限公司,,,,
广州迪森热能技术股份有限公司,苏州迪森生物能源有限公司,,,,,
广州迪森热能技术股份有限公司,苏州迪森生物能源有限公司,梅州迪森生物质能供热有限公司,,,,
广州迪森热能技术股份有限公司,肇庆迪森生物能源技术有限公司,,,,,
广州迪森热能技术股份有限公司,肇庆迪森生物能源技术有限公司,,,,,
广州迪森热能技术股份有限公司,肇庆迪森生物能源技术有限公司,,,,,
广州迪森热能技术股份有限公司,苏州迪森生物能源有限公司,,,,,
广州迪森热能技术股份有限公司,苏州迪森生物能源有限公司,,,,,
广州迪森热能技术股份有限公司,肇庆迪森生物能源技术有限公司,,,,,
广州迪森热能技术股份有限公司,苏州迪森生物能源有限公司,,,,,
广州迪森热能技术股份有限公司,苏州迪森生物能源有限公司,梅州迪森生物质能供热有限公司,,,,
广州迪森热能技术股份有限公司,肇庆迪森生物能源技术有限公司,,,,,
广州迪森热能技术股份有限公司,苏州迪森生物能源有限公司,梅州迪森生物质能供热有限公司,,,,
广州迪森热能设备有限公司,广州迪森热能技术股份有限公司,,,,,
广州迪森热能设备有限公司,广州迪森热能技术股份有限公司,,,,,
广州迪森热能技术股份有限公司,肇庆迪森生物能源技术有限公司,,,,,
广州迪森热能设备有限公司,广州迪森热能技术股份有限公司,,,,,
广州迪森热能技术股份有限公司,肇庆迪森生物能源技术有限公司,,,,,
广州迪森热能技术股份有限公司,肇庆迪森生物能源技术有限公司,,,,,
广州迪森热能技术股份有限公司,苏州迪森生物能源有限公司,,,,,
广州迪森热能技术股份有限公司,肇庆迪森生物能源技术有限公司,,,,,
广州迪森热能设备有限公司,广州迪森热能技术股份有限公司,,,,,
广州迪森热能设备有限公司,广州迪森热能技术股份有限公司,,,,,
广州迪森热能设备有限公司,广州迪森热能技术股份有限公司,,,,,
广州迪森热能设备有限公司,广州迪森热能技术股份有限公司,,,,,
广州迪森热能技术股份有限公司,苏州迪森生物能源有限公司,,,,,
广州迪森热能技术股份有限公司,苏州迪森生物能源有限公司,,,,,
广州迪森热能技术股份有限公司,苏州迪森生物能源有限公司,梅州迪森生物质能供热有限公司,,,,
广州迪森热能技术股份有限公司,苏州迪森生物能源有限公司,梅州迪森生物质能供热有限公司,,,,
广州迪森热能技术股份有限公司,苏州迪森生物能源有限公司,梅州迪森生物质能供热有限公司,,,,
苏州迪森生物能源有限公司,广州迪森热能技术股份有限公司,,,,,
苏州迪森生物能源有限公司,广州迪森热能技术股份有限公司,,,,,
苏州迪森生物能源有限公司,广州迪森热能技术股份有限公司,,,,,
苏州迪森生物能源有限公司,广州迪森热能技术股份有限公司,,,,,
苏州迪森生物能源有限公司,广州迪森热能技术股份有限公司,,,,,
苏州迪森生物能源有限公司,广州迪森热能技术股份有限公司,,,,,
广州迪森热能技术股份有限公司,肇庆迪森生物能源技术有限公司,,,,,
苏州迪森生物能源有限公司,广州迪森热能技术股份有限公司,,,,,
苏州迪森生物能源有限公司,广州迪森热能技术股份有限公司,,,,,
深圳市联腾科技有限公司,江门市科恒实业股份有限公司,,,,,
深圳市联腾科技有限公司,江门市科恒实业股份有限公司,,,,,
深圳市联腾科技有限公司,江门市科恒实业股份有限公司,,,,,
深圳市联腾科技有限公司,江门市科恒实业股份有限公司,,,,,
立方数科股份有限公司,恒元建筑板业有限公司,常州绿建板业有限公司,,,,
立方数科股份有限公司,恒元建筑板业有限公司,常州绿建板业有限公司,,,,
立方数科股份有限公司,恒元建筑板业有限公司,常州绿建板业有限公司,,,,
立方数科股份有限公司,恒元建筑板业有限公司,常州绿建板业有限公司,,,,
立方数科股份有限公司,恒元建筑板业有限公司,常州绿建板业有限公司,,,,
立方数科股份有限公司,恒元建筑板业有限公司,常州绿建板业有限公司,,,,
立方数科股份有限公司,恒元建筑板业有限公司,常州绿建板业有限公司,,,,
立方数科股份有限公司,恒元建筑板业有限公司,常州绿建板业有限公司,,,,
立方数科股份有限公司,恒元建筑板业有限公司,常州绿建板业有限公司,,,,
立方数科股份有限公司,恒元建筑板业有限公司,常州绿建板业有限公司,,,,
立方数科股份有限公司,恒元建筑板业有限公司,常州绿建板业有限公司,,,,
立方数科股份有限公司,恒元建筑板业有限公司,常州绿建板业有限公司,,,,
金卡智能集团股份有限公司,杭州谷卡智能系统有限公司,浙江省计量科学研究院,,,,
金卡智能集团股份有限公司,杭州谷卡智能系统有限公司,浙江省计量科学研究院,,,,
金卡智能集团股份有限公司,杭州谷卡智能系统有限公司,浙江省计量科学研究院,,,,
金卡智能集团股份有限公司,杭州谷卡智能系统有限公司,,,,,
金卡智能集团股份有限公司,杭州谷卡智能系统有限公司,,,,,
金卡智能集团股份有限公司,杭州谷卡智能系统有限公司,,,,,
金卡智能集团股份有限公司,杭州谷卡智能系统有限公司,,,,,
金卡智能集团股份有限公司,杭州谷卡智能系统有限公司,,,,,
金卡智能集团股份有限公司,杭州谷卡智能系统有限公司,,,,,
金卡智能集团股份有限公司,杭州谷卡智能系统有限公司,,,,,
北京信源软件股份有限公司,北京乾坤世纪科技有限公司,,,,,
北京信源软件股份有限公司,三河市华夏恒泰电子技术有限公司,,,,,
北京信源软件股份有限公司,江苏神州信源系统工程有限公司,,,,,
北京信源软件股份有限公司,江苏神州信源系统工程有限公司,,,,,
北京信源软件股份有限公司,江苏神州信源系统工程有限公司,,,,,
北京信源软件股份有限公司,三河市华夏恒泰电子技术有限公司,,,,,
北京东土科技股份有限公司,北京东土军悦科技有限公司,,,,,
北京东土科技股份有限公司,南京电研电力自动化股份有限公司,,,,,
北京东土科技股份有限公司,北京东土军悦科技有限公司,,,,,
楚天科技股份有限公司,上海核创制药系统工程有限公司,,,,,
楚天科技股份有限公司,上海核创制药系统工程有限公司,,,,,
楚天科技股份有限公司,上海核创制药系统工程有限公司,,,,,
中文在线数字出版集团股份有限公司,中国新闻出版研究院,,,,,
中文在线数字出版集团股份有限公司,中国新闻出版研究院,,,,,
北京道亨时代科技有限公司,北京恒华伟业科技股份有限公司,,,,,
北京道亨时代科技有限公司,北京恒华伟业科技股份有限公司,,,,,
北京道亨时代科技有限公司,北京恒华伟业科技股份有限公司,,,,,
河北汇金集团股份有限公司,河北科技大学,,,,,
河北汇金集团股份有限公司,河北科技大学,,,,,
河北汇金集团股份有限公司,河北科技大学,,,,,
河北汇金集团股份有限公司,河北科技大学,,,,,
河北汇金集团股份有限公司,河北科技大学,,,,,
绿盟科技集团股份有限公司,北京神州绿盟科技有限公司,,,,,
绿盟科技集团股份有限公司,北京神州绿盟科技有限公司,,,,,
绿盟科技集团股份有限公司,北京神州绿盟科技有限公司,,,,,
北京邮电大学,绿盟科技集团股份有限公司,,,,,
绿盟科技集团股份有限公司,北京神州绿盟科技有限公司,,,,,
绿盟科技集团股份有限公司,北京神州绿盟科技有限公司,,,,,
绿盟科技集团股份有限公司,北京神州绿盟科技有限公司,,,,,
绿盟科技集团股份有限公司,北京神州绿盟科技有限公司,,,,,
绿盟科技集团股份有限公司,北京神州绿盟科技有限公司,,,,,
绿盟科技集团股份有限公司,北京神州绿盟科技有限公司,,,,,
绿盟科技集团股份有限公司,北京神州绿盟科技有限公司,,,,,
绿盟科技集团股份有限公司,北京神州绿盟科技有限公司,,,,,
绿盟科技集团股份有限公司,北京神州绿盟科技有限公司,,,,,
绿盟科技集团股份有限公司,北京神州绿盟科技有限公司,,,,,
绿盟科技集团股份有限公司,北京神州绿盟科技有限公司,,,,,
绿盟科技集团股份有限公司,北京神州绿盟科技有限公司,,,,,
绿盟科技集团股份有限公司,北京神州绿盟科技有限公司,,,,,
绿盟科技集团股份有限公司,北京神州绿盟科技有限公司,,,,,
绿盟科技集团股份有限公司,北京神州绿盟科技有限公司,,,,,
绿盟科技集团股份有限公司,北京神州绿盟科技有限公司,,,,,
绿盟科技集团股份有限公司,北京神州绿盟科技有限公司,,,,,
绿盟科技集团股份有限公司,北京神州绿盟科技有限公司,,,,,
绿盟科技集团股份有限公司,北京神州绿盟科技有限公司,,,,,
绿盟科技集团股份有限公司,北京神州绿盟科技有限公司,,,,,
绿盟科技集团股份有限公司,北京神州绿盟科技有限公司,,,,,
绿盟科技集团股份有限公司,北京神州绿盟科技有限公司,,,,,
绿盟科技集团股份有限公司,北京神州绿盟科技有限公司,,,,,
绿盟科技集团股份有限公司,北京神州绿盟科技有限公司,,,,,
绿盟科技集团股份有限公司,北京神州绿盟科技有限公司,,,,,
绿盟科技集团股份有限公司,北京神州绿盟科技有限公司,,,,,
绿盟科技集团股份有限公司,北京神州绿盟科技有限公司,,,,,
绿盟科技集团股份有限公司,北京神州绿盟科技有限公司,,,,,
绿盟科技集团股份有限公司,北京神州绿盟科技有限公司,,,,,
绿盟科技集团股份有限公司,北京神州绿盟科技有限公司,,,,,
绿盟科技集团股份有限公司,北京神州绿盟科技有限公司,,,,,
绿盟科技集团股份有限公司,北京神州绿盟科技有限公司,,,,,
绿盟科技集团股份有限公司,北京神州绿盟科技有限公司,,,,,
绿盟科技集团股份有限公司,北京神州绿盟科技有限公司,,,,,
绿盟科技集团股份有限公司,北京神州绿盟科技有限公司,,,,,
绿盟科技集团股份有限公司,北京神州绿盟科技有限公司,,,,,
绿盟科技集团股份有限公司,北京神州绿盟科技有限公司,,,,,
绿盟科技集团股份有限公司,北京神州绿盟科技有限公司,,,,,
绿盟科技集团股份有限公司,北京神州绿盟科技有限公司,,,,,
绿盟科技集团股份有限公司,北京神州绿盟科技有限公司,,,,,
绿盟科技集团股份有限公司,北京神州绿盟科技有限公司,,,,,
绿盟科技集团股份有限公司,北京神州绿盟科技有限公司,,,,,
绿盟科技集团股份有限公司,北京神州绿盟科技有限公司,,,,,
绿盟科技集团股份有限公司,北京神州绿盟科技有限公司,,,,,
绿盟科技集团股份有限公司,北京神州绿盟科技有限公司,,,,,
绿盟科技集团股份有限公司,北京神州绿盟科技有限公司,,,,,
绿盟科技集团股份有限公司,北京神州绿盟科技有限公司,,,,,
绿盟科技集团股份有限公司,北京神州绿盟科技有限公司,,,,,
绿盟科技集团股份有限公司,北京神州绿盟科技有限公司,,,,,
绿盟科技集团股份有限公司,北京神州绿盟科技有限公司,,,,,
绿盟科技集团股份有限公司,北京神州绿盟科技有限公司,,,,,
绿盟科技集团股份有限公司,北京神州绿盟科技有限公司,,,,,
绿盟科技集团股份有限公司,北京神州绿盟科技有限公司,,,,,
绿盟科技集团股份有限公司,北京神州绿盟科技有限公司,,,,,
绿盟科技集团股份有限公司,北京神州绿盟科技有限公司,,,,,
绿盟科技集团股份有限公司,北京神州绿盟科技有限公司,,,,,
绿盟科技集团股份有限公司,北京神州绿盟科技有限公司,,,,,
绿盟科技集团股份有限公司,北京神州绿盟科技有限公司,,,,,
绿盟科技集团股份有限公司,北京神州绿盟科技有限公司,,,,,
绿盟科技集团股份有限公司,北京神州绿盟科技有限公司,,,,,
绿盟科技集团股份有限公司,北京神州绿盟科技有限公司,,,,,
绿盟科技集团股份有限公司,北京神州绿盟科技有限公司,,,,,
绿盟科技集团股份有限公司,北京神州绿盟科技有限公司,,,,,
绿盟科技集团股份有限公司,北京神州绿盟科技有限公司,,,,,
绿盟科技集团股份有限公司,北京神州绿盟科技有限公司,,,,,
绿盟科技集团股份有限公司,北京神州绿盟科技有限公司,,,,,
绿盟科技集团股份有限公司,北京神州绿盟科技有限公司,,,,,
绿盟科技集团股份有限公司,北京神州绿盟科技有限公司,,,,,
绿盟科技集团股份有限公司,北京神州绿盟科技有限公司,,,,,
绿盟科技集团股份有限公司,北京神州绿盟科技有限公司,,,,,
绿盟科技集团股份有限公司,北京神州绿盟科技有限公司,,,,,
绿盟科技集团股份有限公司,北京神州绿盟科技有限公司,,,,,
绿盟科技集团股份有限公司,北京神州绿盟科技有限公司,,,,,
绿盟科技集团股份有限公司,北京神州绿盟科技有限公司,,,,,
绿盟科技集团股份有限公司,北京神州绿盟科技有限公司,,,,,
绿盟科技集团股份有限公司,北京神州绿盟科技有限公司,,,,,
绿盟科技集团股份有限公司,北京神州绿盟科技有限公司,,,,,
绿盟科技集团股份有限公司,北京神州绿盟科技有限公司,,,,,
绿盟科技集团股份有限公司,北京神州绿盟科技有限公司,,,,,
绿盟科技集团股份有限公司,北京神州绿盟科技有限公司,,,,,
绿盟科技集团股份有限公司,北京神州绿盟科技有限公司,,,,,
绿盟科技集团股份有限公司,北京神州绿盟科技有限公司,,,,,
绿盟科技集团股份有限公司,北京神州绿盟科技有限公司,,,,,
绿盟科技集团股份有限公司,北京神州绿盟科技有限公司,,,,,
绿盟科技集团股份有限公司,北京神州绿盟科技有限公司,,,,,
绿盟科技集团股份有限公司,北京神州绿盟科技有限公司,,,,,
绿盟科技集团股份有限公司,北京神州绿盟科技有限公司,,,,,
绿盟科技集团股份有限公司,北京神州绿盟科技有限公司,,,,,
绿盟科技集团股份有限公司,北京神州绿盟科技有限公司,,,,,
绿盟科技集团股份有限公司,北京神州绿盟科技有限公司,,,,,
绿盟科技集团股份有限公司,北京神州绿盟科技有限公司,,,,,
绿盟科技集团股份有限公司,北京神州绿盟科技有限公司,,,,,
绿盟科技集团股份有限公司,北京神州绿盟科技有限公司,,,,,
中铁装配式建筑股份有限公司,新疆恒通创新赛木科技有限公司,,,,,
中铁装配式建筑股份有限公司,新疆恒通创新赛木科技有限公司,,,,,
中铁装配式建筑股份有限公司,新疆恒通创新赛木科技有限公司,,,,,
中铁装配式建筑股份有限公司,新疆恒通创新赛木科技有限公司,,,,,
中铁装配式建筑股份有限公司,新疆恒通创新赛木科技有限公司,,,,,
中铁装配式建筑股份有限公司,新疆恒通创新赛木科技有限公司,,,,,
中铁装配式建筑股份有限公司,新疆恒通创新赛木科技有限公司,,,,,
中铁装配式建筑股份有限公司,新疆恒通创新赛木科技有限公司,,,,,
中铁装配式建筑股份有限公司,新疆恒通创新赛木科技有限公司,,,,,
中铁装配式建筑股份有限公司,新疆恒通创新赛木科技有限公司,,,,,
中铁装配式建筑股份有限公司,新疆恒通创新赛木科技有限公司,,,,,
中铁装配式建筑股份有限公司,新疆恒通创新赛木科技有限公司,,,,,
中铁装配式建筑股份有限公司,新疆恒通创新赛木科技有限公司,,,,,
中铁装配式建筑股份有限公司,新疆恒通创新赛木科技有限公司,,,,,
中铁装配式建筑股份有限公司,新疆恒通创新赛木科技有限公司,,,,,
中铁装配式建筑股份有限公司,新疆恒通创新赛木科技有限公司,,,,,
中铁装配式建筑股份有限公司,新疆恒通创新赛木科技有限公司,,,,,
中铁装配式建筑股份有限公司,新疆恒通创新赛木科技有限公司,,,,,
中铁装配式建筑股份有限公司,北京化工大学,,,,,
易事特集团股份有限公司,东莞理工学院,,,,,
易事特集团股份有限公司,东莞理工学院,,,,,
四川大学,北京东方通科技股份有限公司,,,,,
广东溢多利生物科技股份有限公司,华南理工大学,,,,,
广东溢多利生物科技股份有限公司,华南理工大学,,,,,
北京服装学院,北京三联虹普新合纤技术服务股份有限公司,,,,,
北京服装学院,北京三联虹普新合纤技术服务股份有限公司,,,,,
无锡雪浪环境科技股份有限公司,宝山钢铁股份有限公司,,,,,
飞天诚信科技股份有限公司,海博思科信息系统有限公司,,,,,
飞天诚信科技股份有限公司,海博思科信息系统有限公司,,,,,
飞天诚信科技股份有限公司,海博思科信息系统有限公司,,,,,
湖北省农业科学院植保土肥研究所,湖北富邦科技股份有限公司,,,,,
湖北富邦科技股份有限公司,武汉科迈系统工程有限公司,,,,,
湖北富邦科技股份有限公司,武汉科迈系统工程有限公司,,,,,
深圳市艾比森光电股份有限公司,惠州市艾比森光电有限公司,,,,,
深圳市艾比森光电股份有限公司,惠州市艾比森光电有限公司,,,,,
深圳市艾比森光电股份有限公司,惠州市艾比森光电有限公司,,,,,
深圳市艾比森光电股份有限公司,惠州市艾比森光电有限公司,,,,,
深圳市艾比森光电股份有限公司,惠州市艾比森光电有限公司,,,,,
深圳市艾比森光电股份有限公司,惠州市艾比森光电有限公司,,,,,
深圳市艾比森光电股份有限公司,惠州市艾比森光电有限公司,,,,,
深圳市艾比森光电股份有限公司,惠州市艾比森光电有限公司,,,,,
深圳市艾比森光电股份有限公司,惠州市艾比森光电有限公司,,,,,
深圳市艾比森光电股份有限公司,惠州市艾比森光电有限公司,,,,,
深圳市艾比森光电股份有限公司,惠州市艾比森光电有限公司,,,,,
深圳市艾比森光电股份有限公司,惠州市艾比森光电有限公司,,,,,
深圳市艾比森光电股份有限公司,惠州市艾比森光电有限公司,,,,,
深圳市艾比森光电股份有限公司,惠州市艾比森光电有限公司,,,,,
深圳市艾比森光电股份有限公司,惠州市艾比森光电有限公司,,,,,
深圳市艾比森光电股份有限公司,惠州市艾比森光电有限公司,,,,,
深圳市艾比森光电股份有限公司,惠州市艾比森光电有限公司,,,,,
深圳市艾比森光电股份有限公司,惠州市艾比森光电有限公司,,,,,
深圳市艾比森光电股份有限公司,惠州市艾比森光电有限公司,,,,,
深圳市艾比森光电股份有限公司,惠州市艾比森光电有限公司,,,,,
深圳市艾比森光电股份有限公司,惠州市艾比森光电有限公司,,,,,
深圳市艾比森光电股份有限公司,惠州市艾比森光电有限公司,,,,,
深圳市艾比森光电股份有限公司,惠州市艾比森光电有限公司,,,,,
深圳市艾比森光电股份有限公司,惠州市艾比森光电有限公司,,,,,
深圳市艾比森光电股份有限公司,惠州市艾比森光电有限公司,,,,,
深圳市艾比森光电股份有限公司,惠州市艾比森光电有限公司,,,,,
深圳市艾比森光电股份有限公司,惠州市艾比森光电有限公司,,,,,
深圳市艾比森光电股份有限公司,惠州市艾比森光电有限公司,,,,,
深圳市艾比森光电股份有限公司,惠州市艾比森光电有限公司,,,,,
深圳市艾比森光电股份有限公司,惠州市艾比森光电有限公司,,,,,
深圳市艾比森光电股份有限公司,惠州市艾比森光电有限公司,,,,,
深圳市艾比森光电股份有限公司,惠州市艾比森光电有限公司,,,,,
深圳市艾比森光电股份有限公司,惠州市艾比森光电有限公司,,,,,
深圳市艾比森光电股份有限公司,惠州市艾比森光电有限公司,,,,,
深圳市艾比森光电股份有限公司,惠州市艾比森光电有限公司,,,,,
深圳市艾比森光电股份有限公司,惠州市艾比森光电有限公司,,,,,
深圳市艾比森光电股份有限公司,惠州市艾比森光电有限公司,,,,,
深圳市艾比森光电股份有限公司,惠州市艾比森光电有限公司,,,,,
深圳市艾比森光电股份有限公司,惠州市艾比森光电有限公司,,,,,
深圳市艾比森光电股份有限公司,惠州市艾比森光电有限公司,,,,,
西安天和防务技术股份有限公司,大庆安瑞达科技开发有限公司,,,,,
浙江工业大学,浙江花园生物高科股份有限公司,杭州下沙生物科技有限公司,,,,
浙江工业大学,浙江花园生物高科股份有限公司,杭州下沙生物科技有限公司,,,,
浙江工业大学,浙江花园生物高科股份有限公司,杭州下沙生物科技有限公司,,,,
浙江花园生物高科股份有限公司,浙江工业大学,杭州下沙生物科技有限公司,,,,
南京宝色股份公司,江苏科技大学,,,,,
南京宝色股份公司,江苏科技大学,,,,,
辽宁科隆精细化工股份有限公司,中国石油辽阳石油化纤公司,,,,,
中铁电气化局集团有限公司,天津凯发电气股份有限公司,,,,,
中铁电气化局集团有限公司,天津凯发电气股份有限公司,,,,,
铁道第三勘察设计院集团有限公司,天津凯发电气股份有限公司,,,,,
铁道第三勘察设计院集团有限公司,天津凯发电气股份有限公司,,,,,
潮州三环（集团）股份有限公司,南充三环电子有限公司,,,,,
潮州三环（集团）股份有限公司,南充三环电子有限公司,,,,,
潮州三环（集团）股份有限公司,南充三环电子有限公司,,,,,
南充三环电子有限公司,潮州三环（集团）股份有限公司,,,,,
南充三环电子有限公司,潮州三环（集团）股份有限公司,,,,,
广东正业科技股份有限公司,昆山市正业电子有限公司,,,,,
广东正业科技股份有限公司,昆山市正业电子有限公司,,,,,
广东正业科技股份有限公司,昆山市正业电子有限公司,,,,,
广东正业科技股份有限公司,昆山市正业电子有限公司,,,,,
广东正业科技股份有限公司,昆山市正业电子有限公司,,,,,
广东正业科技股份有限公司,昆山市正业电子有限公司,,,,,
广东正业科技股份有限公司,昆山市正业电子有限公司,,,,,
广东正业科技股份有限公司,昆山市正业电子有限公司,,,,,
国家电网公司,国网北京市电力公司,四川中光防雷科技股份有限公司,,,,
国家电网公司,国网北京市电力公司,四川中光防雷科技股份有限公司,,,,
国家电网公司,国网北京市电力公司,四川中光防雷科技股份有限公司,,,,
国网电力科学研究院武汉南瑞有限责任公司,四川中光防雷科技股份有限公司,,,,,
四川中光防雷科技股份有限公司,茂硕电源科技股份有限公司,,,,,
国家电网公司,国网安徽省电力公司电力科学研究院,红相股份有限公司,,,,
云南电网公司德宏供电局,红相股份有限公司,,,,,
云南电网公司昭通供电局,红相股份有限公司,,,,,
广东电网有限责任公司中山供电局,红相股份有限公司,,,,,
兴义供电局,红相股份有限公司,,,,,
云南电网公司昭通供电局,红相股份有限公司,,,,,
红相股份有限公司,宁波三维电测设备有限公司,,,,,
国家电网公司,国网安徽省电力公司电力科学研究院,红相股份有限公司,,,,
广西电网有限责任公司柳州供电局,红相股份有限公司,,,,,
国网上海市电力公司,华东电力试验研究院有限公司,红相股份有限公司,,,,
云南电网有限责任公司曲靖供电局,红相股份有限公司,,,,,
都匀供电局,红相股份有限公司,,,,,
国网上海市电力公司,华东电力试验研究院有限公司,红相股份有限公司,,,,
都匀供电局,红相股份有限公司,,,,,
国网上海市电力公司,华东电力试验研究院有限公司,红相股份有限公司,,,,
广西电网有限责任公司钦州供电局,红相股份有限公司,,,,,
广西电网有限责任公司南宁供电局,红相股份有限公司,,,,,
都匀供电局,红相股份有限公司,,,,,
国网天津武清供电有限公司,红相股份有限公司,,,,,
内蒙古电力（集团）有限责任公司内蒙古超高压供电局,红相股份有限公司,,,,,
国网上海市电力公司,华东电力试验研究院有限公司,红相股份有限公司,,,,
海南电网有限责任公司电能计量中心,红相股份有限公司,,,,,
国网上海市电力公司,华东电力试验研究院有限公司,红相股份有限公司,,,,
国网上海市电力公司,华东电力试验研究院有限公司,红相股份有限公司,,,,
国网上海市电力公司,红相股份有限公司,,,,,
国网上海市电力公司,红相股份有限公司,,,,,
国网上海市电力公司,红相股份有限公司,,,,,
云南电网有限责任公司曲靖供电局,红相股份有限公司,,,,,
常州强力电子新材料股份有限公司,常州强力先端电子材料有限公司,常州杰森化工材料科技有限公司,,,,
长兴电子（苏州）有限公司,常州强力电子新材料股份有限公司,长兴（广州）电子材料有限公司,,,,
常州强力先端电子材料有限公司,常州强力电子新材料股份有限公司,,,,,
常州强力先端电子材料有限公司,常州强力电子新材料股份有限公司,常州杰森化工材料科技有限公司,,,,
常州强力电子新材料股份有限公司,常州强力先端电子材料有限公司,,,,,
常州强力电子新材料股份有限公司,常州强力先端电子材料有限公司,常州杰森化工材料科技有限公司,,,,
常州强力先端电子材料有限公司,常州强力电子新材料股份有限公司,,,,,
常州强力先端电子材料有限公司,常州强力电子新材料股份有限公司,,,,,
常州强力电子新材料股份有限公司,常州强力先端电子材料有限公司,,,,,
常州强力电子新材料股份有限公司,常州强力先端电子材料有限公司,,,,,
常州强力先端电子材料有限公司,常州强力电子新材料股份有限公司,,,,,
常州强力电子新材料股份有限公司,常州强力先端电子材料有限公司,,,,,
常州强力先端电子材料有限公司,常州强力电子新材料股份有限公司,,,,,
常州强力先端电子材料有限公司,常州强力电子新材料股份有限公司,,,,,
常州强力电子新材料股份有限公司,常州强力先端电子材料有限公司,,,,,
常州强力先端电子材料有限公司,常州强力电子新材料股份有限公司,,,,,
常州强力先端电子材料有限公司,常州强力电子新材料股份有限公司,,,,,
常州强力电子新材料股份有限公司,常州强力先端电子材料有限公司,,,,,
常州强力电子新材料股份有限公司,常州强力先端电子材料有限公司,,,,,
常州强力电子新材料股份有限公司,常州强力先端电子材料有限公司,,,,,
常州强力电子新材料股份有限公司,常州强力先端电子材料有限公司,,,,,
常州强力电子新材料股份有限公司,常州强力先端电子材料有限公司,,,,,
常州强力电子新材料股份有限公司,常州强力先端电子材料有限公司,,,,,
常州强力电子新材料股份有限公司,常州强力先端电子材料有限公司,,,,,
常州强力电子新材料股份有限公司,常州强力先端电子材料有限公司,,,,,
常州强力先端电子材料有限公司,常州强力电子新材料股份有限公司,,,,,
常州强力先端电子材料有限公司,常州强力电子新材料股份有限公司,,,,,
常州强力先端电子材料有限公司,常州强力电子新材料股份有限公司,,,,,
常州强力先端电子材料有限公司,常州强力电子新材料股份有限公司,,,,,
常州强力电子新材料股份有限公司,常州强力先端电子材料有限公司,,,,,
常州强力电子新材料股份有限公司,常州强力先端电子材料有限公司,,,,,
常州强力先端电子材料有限公司,常州强力电子新材料股份有限公司,常州杰森化工材料科技有限公司,,,,
常州强力先端电子材料有限公司,常州强力电子新材料股份有限公司,,,,,
常州强力电子新材料股份有限公司,常州强力先端电子材料有限公司,,,,,
常州强力电子新材料股份有限公司,常州强力先端电子材料有限公司,,,,,
常州强力电子新材料股份有限公司,常州强力先端电子材料有限公司,,,,,
常州强力先端电子材料有限公司,常州强力电子新材料股份有限公司,,,,,
常州强力电子新材料股份有限公司,常州强力先端电子材料有限公司,,,,,
常州强力先端电子材料有限公司,常州强力电子新材料股份有限公司,,,,,
常州强力电子新材料股份有限公司,常州强力先端电子材料有限公司,,,,,
常州强力电子新材料股份有限公司,常州强力先端电子材料有限公司,,,,,
江苏微导纳米装备科技有限公司,无锡先导智能装备股份有限公司,,,,,
江苏微导纳米装备科技有限公司,无锡先导智能装备股份有限公司,,,,,
江西三鑫医疗科技股份有限公司,东南大学,,,,,
江西三鑫医疗科技股份有限公司,东南大学,,,,,
江西三鑫医疗科技股份有限公司,东南大学,,,,,
江西三鑫医疗科技股份有限公司,东南大学,,,,,
江西三鑫医疗科技股份有限公司,东南大学,,,,,
江西三鑫医疗科技股份有限公司,东南大学,,,,,
江西三鑫医疗科技股份有限公司,东南大学,,,,,
江西三鑫医疗科技股份有限公司,东南大学,,,,,
江西三鑫医疗科技股份有限公司,东南大学,,,,,
北京康拓红外技术股份有限公司,北京航天康拓信息技术有限公司,,,,,
北京康拓红外技术股份有限公司,北京航天康拓信息技术有限公司,,,,,
北京康拓红外技术股份有限公司,北京航天康拓信息技术有限公司,,,,,
北京康拓红外技术股份有限公司,北京航天康拓信息技术有限公司,,,,,
北京康拓红外技术股份有限公司,北京航天康拓信息技术有限公司,,,,,
北京康拓红外技术股份有限公司,北京航天康拓信息技术有限公司,,,,,
北京康拓红外技术股份有限公司,北京航天康拓信息技术有限公司,,,,,
北京康拓红外技术股份有限公司,北京航天康拓信息技术有限公司,,,,,
北京康拓红外技术股份有限公司,北京航天康拓信息技术有限公司,,,,,
北京康拓红外技术股份有限公司,北京航天康拓信息技术有限公司,,,,,
北京康拓红外技术股份有限公司,北京航天康拓信息技术有限公司,,,,,
迈克生物科技股份有限公司,中国医学科学院北京协和医院,,,,,
迈克生物科技股份有限公司,中国医学科学院北京协和医院,,,,,
四川大学,中密控股股份有限公司,,,,,
厚普清洁能源股份有限公司,上海新奥新能源技术有限公司,,,,,
胜华电子（惠阳）有限公司,胜宏科技（惠州）股份有限公司,,,,,
胜华电子（惠阳）有限公司,胜宏科技（惠州）股份有限公司,,,,,
胜华电子（惠阳）有限公司,胜宏科技（惠州）股份有限公司,,,,,
胜华电子（惠阳）有限公司,胜宏科技（惠州）股份有限公司,,,,,
胜华电子（惠阳）有限公司,胜宏科技（惠州）股份有限公司,,,,,
胜华电子（惠阳）有限公司,胜宏科技（惠州）股份有限公司,,,,,
胜华电子（惠阳）有限公司,胜宏科技（惠州）股份有限公司,,,,,
胜华电子（惠阳）有限公司,胜宏科技（惠州）股份有限公司,,,,,
胜华电子（惠阳）有限公司,胜宏科技（惠州）股份有限公司,,,,,
胜华电子（惠阳）有限公司,胜宏科技（惠州）股份有限公司,,,,,
北京合纵科技股份有限公司,国网山东省电力公司泰安供电公司,,,,,
赞华电子系统（深圳）有限公司,神思电子技术股份有限公司,,,,,
常州合力电器有限公司,首华燃气科技(上海)股份有限公司,,,,,
常州合力电器有限公司,首华燃气科技(上海)股份有限公司,,,,,
常州合力电器有限公司,首华燃气科技(上海)股份有限公司,,,,,
浙江工业大学义乌科学技术研究院有限公司,首华燃气科技(上海)股份有限公司,,,,,
浙江工业大学义乌科学技术研究院有限公司,首华燃气科技(上海)股份有限公司,,,,,
常州合力电器有限公司,首华燃气科技(上海)股份有限公司,,,,,
常州合力电器有限公司,首华燃气科技(上海)股份有限公司,,,,,
浙江工业大学义乌科学技术研究院有限公司,首华燃气科技(上海)股份有限公司,,,,,
常州合力电器有限公司,首华燃气科技(上海)股份有限公司,,,,,
常州合力电器有限公司,首华燃气科技(上海)股份有限公司,,,,,
浙江工业大学义乌科学技术研究院有限公司,首华燃气科技(上海)股份有限公司,,,,,
南京航空航天大学,深圳市蓝海华腾技术股份有限公司,,,,,
南京航空航天大学,深圳市蓝海华腾技术股份有限公司,,,,,
伊那维克澳大利亚有限公司,奥里科赛尔工程有限公司,,,,,
上海交通大学,恒锋工具股份有限公司,,,,,
上海交通大学,恒锋工具股份有限公司,,,,,
上海交通大学,恒锋工具股份有限公司,,,,,
江西富祥药业股份有限公司,海南通用三洋药业有限公司,,,,,
江西富祥药业股份有限公司,海南通用三洋药业有限公司,,,,,
温氏食品集团股份有限公司,新兴县温氏食品联营有限公司,,,,,
广东省现代农业装备研究所,广东广兴牧业机械设备有限公司,温氏食品集团股份有限公司,,,,
广东省现代农业装备研究所,广东广兴牧业机械设备有限公司,温氏食品集团股份有限公司,,,,
温氏食品集团股份有限公司,新兴县温氏食品联营有限公司,,,,,
广东省现代农业装备研究所,广东广兴牧业机械设备有限公司,温氏食品集团股份有限公司,,,,
广东省现代农业装备研究所,广东广兴牧业机械设备有限公司,温氏食品集团股份有限公司,,,,
温氏食品集团股份有限公司,新兴县温氏食品联营有限公司,,,,,
温氏食品集团股份有限公司,新兴县温氏食品联营有限公司,,,,,
温氏食品集团股份有限公司,华南农业大学,,,,,
温氏食品集团股份有限公司,华南农业大学,,,,,
温氏食品集团股份有限公司,华南农业大学,,,,,
温氏食品集团股份有限公司,广东省农业科学院畜牧研究所,,,,,
温氏食品集团股份有限公司,广东南牧机械设备有限公司,,,,,
温氏食品集团股份有限公司,佛山市三水温氏家禽有限公司,,,,,
温氏食品集团股份有限公司,华南农业大学,,,,,
温氏食品集团股份有限公司,广东南牧机械设备有限公司,,,,,
温氏食品集团股份有限公司,广东南牧机械设备有限公司,,,,,
温氏食品集团股份有限公司,广东南牧机械设备有限公司,,,,,
温氏食品集团股份有限公司,广东南牧机械设备有限公司,,,,,
广州高澜节能技术股份有限公司,国网浙江省电力公司电力科学研究院,,,,,
广州高澜节能技术股份有限公司,广州智网信息技术有限公司,,,,,
广州高澜节能技术股份有限公司,广州智网信息技术有限公司,,,,,
广州高澜节能技术股份有限公司,广州智网信息技术有限公司,,,,,
广州高澜节能技术股份有限公司,广州智网信息技术有限公司,,,,,
广州高澜节能技术股份有限公司,国网浙江省电力公司电力科学研究院,,,,,
广州高澜节能技术股份有限公司,广州智网信息技术有限公司,,,,,
广州高澜节能技术股份有限公司,广州智网信息技术有限公司,,,,,
广州高澜节能技术股份有限公司,广州智网信息技术有限公司,,,,,
广州高澜节能技术股份有限公司,广州智网信息技术有限公司,,,,,
广州高澜节能技术股份有限公司,广州智网信息技术有限公司,,,,,
广州高澜节能技术股份有限公司,广州智网信息技术有限公司,,,,,
广州高澜节能技术股份有限公司,广州智网信息技术有限公司,,,,,
广州高澜节能技术股份有限公司,广州智网信息技术有限公司,,,,,
国网四川省电力公司电力科学研究院,广州高澜节能技术股份有限公司,,,,,
国网四川省电力公司电力科学研究院,广州高澜节能技术股份有限公司,,,,,
中国南方电网有限责任公司超高压输电公司天生桥局,广州高澜节能技术股份有限公司,,,,,
中国南方电网有限责任公司超高压输电公司天生桥局,广州高澜节能技术股份有限公司,,,,,
启迪设计集团股份有限公司,苏州科技学院,,,,,
启迪设计集团股份有限公司,苏州科技学院,,,,,
启迪设计集团股份有限公司,苏州科技学院,,,,,
苏州海顺包装材料有限公司,上海海顺新型药用包装材料股份有限公司,,,,,
江苏奥力威传感高科股份有限公司,江苏舒尔驰精密金属成形有限公司,,,,,
江苏奥力威传感高科股份有限公司,江苏舒尔驰精密金属成形有限公司,,,,,
江苏奥力威传感高科股份有限公司,江苏舒尔驰精密金属成形有限公司,,,,,
江苏奥力威传感高科股份有限公司,江苏舒尔驰精密金属成形有限公司,,,,,
江苏奥力威传感高科股份有限公司,江苏舒尔驰精密金属成形有限公司,,,,,
国家电网公司,国网山西省电力公司太原供电公司,北京恒泰实达科技股份有限公司,,,,
国家电网公司,国网辽宁省电力有限公司,北京恒泰实达科技股份有限公司,,,,
国网上海市电力公司,北京恒泰实达科技股份有限公司,,,,,
国网上海市电力公司,北京恒泰实达科技股份有限公司,,,,,
国网上海市电力公司,北京恒泰实达科技股份有限公司,,,,,
国网上海市电力公司,北京恒泰实达科技股份有限公司,,,,,
中国南方电网有限责任公司,北京恒泰实达科技股份有限公司,,,,,
国网上海市电力公司,北京恒泰实达科技股份有限公司,,,,,
国家电网公司,国网冀北电力有限公司,国网冀北电力有限公司承德供电公司,北京恒泰实达科技股份有限公司,,,
国网辽宁省电力有限公司,北京恒泰实达科技股份有限公司,,,,,
国家电网公司,国网冀北电力有限公司,国网冀北电力有限公司承德供电公司,北京恒泰实达科技股份有限公司,,,
国家电网公司,国网冀北电力有限公司,国网冀北电力有限公司承德供电公司,北京恒泰实达科技股份有限公司,,,
国家电网公司,国网冀北电力有限公司,国网冀北电力有限公司承德供电公司,北京恒泰实达科技股份有限公司,,,
国网新疆电力公司检修公司,国家电网公司,北京恒泰实达科技股份有限公司,,,,
清华大学,北京辰安科技股份有限公司,,,,,
清华大学,北京辰安科技股份有限公司,,,,,
清华大学,北京辰安科技股份有限公司,,,,,
清华大学,北京辰安科技股份有限公司,,,,,
清华大学,北京辰安科技股份有限公司,,,,,
北京理工大学,合肥泽众城市智能科技有限公司,北京辰安科技股份有限公司,,,,
北京理工大学,合肥泽众城市智能科技有限公司,北京辰安科技股份有限公司,,,,
北京市安全生产科学技术研究院,清华大学,北京辰安科技股份有限公司,,,,
北京辰安科技股份有限公司,清华大学,,,,,
北京辰安科技股份有限公司,环境保护部核与辐射安全中心,,,,,
环境保护部核与辐射安全中心,北京辰安科技股份有限公司,,,,,
中国船舶重工集团应急预警与救援装备股份有限公司,长江勘测规划设计研究有限责任公司,,,,,
中国人民解放军军事交通学院,中国船舶重工集团应急预警与救援装备股份有限公司,,,,,
中国人民解放军军事交通学院,中国船舶重工集团应急预警与救援装备股份有限公司,,,,,
中国人民解放军军事交通学院,中国船舶重工集团应急预警与救援装备股份有限公司,,,,,
中国人民解放军军事交通学院,中国船舶重工集团应急预警与救援装备股份有限公司,,,,,
中国船舶重工集团应急预警与救援装备股份有限公司,中国人民解放军理工大学野战工程学院,,,,,
中国船舶重工集团应急预警与救援装备股份有限公司,中国人民解放军理工大学野战工程学院,,,,,
中国船舶重工集团应急预警与救援装备股份有限公司,中国人民解放军理工大学野战工程学院,,,,,
中国船舶重工集团应急预警与救援装备股份有限公司,中国人解放军理工大学野战工程学院,,,,,
四川格律斯特信息技术有限公司,深圳市优博讯科技股份有限公司,,,,,
河源市公安局,深圳市雄帝科技股份有限公司,,,,,
河源市公安局,深圳市雄帝科技股份有限公司,,,,,
河源市公安局,深圳市雄帝科技股份有限公司,,,,,
益方生物科技（上海）有限公司,贝达药业股份有限公司,,,,,
益方生物科技（上海）有限公司,贝达药业股份有限公司,,,,,
益方生物科技（上海）有限公司,贝达药业股份有限公司,,,,,
武汉精测电子集团股份有限公司,武汉理工大学,,,,,
武汉精测电子集团股份有限公司,武汉理工大学,,,,,
武汉精测电子集团股份有限公司,武汉理工大学,,,,,
武汉精测电子集团股份有限公司,武汉理工大学,,,,,
国网吉林省电力有限公司检修公司,国家电网公司,深圳太辰光通信股份有限公司,,,,
深圳市容大感光科技股份有限公司,北京师范大学,,,,,
北京师范大学,深圳市容大感光科技股份有限公司,,,,,
深圳市容大感光科技股份有限公司,惠州市容大油墨有限公司,,,,,
深圳市容大感光科技股份有限公司,惠州市容大油墨有限公司,,,,,
惠州市容大油墨有限公司,深圳市容大感光科技股份有限公司,,,,,
惠州市容大油墨有限公司,深圳市容大感光科技股份有限公司,,,,,
深圳市容大感光科技股份有限公司,惠州市容大油墨有限公司,,,,,
深圳市容大感光科技股份有限公司,惠州市容大油墨有限公司,,,,,
深圳市容大感光科技股份有限公司,惠州市容大油墨有限公司,,,,,
惠州市容大油墨有限公司,深圳市容大感光科技股份有限公司,,,,,
深圳市容大感光科技股份有限公司,惠州市容大油墨有限公司,,,,,
深圳市容大感光科技股份有限公司,惠州市容大油墨有限公司,,,,,
惠州市容大油墨有限公司,深圳市容大感光科技股份有限公司,,,,,
上海润米科技有限公司,安徽开润股份有限公司,,,,,
浙江大学,英飞特电子（杭州）股份有限公司,,,,,
北京市劳动保护科学研究所,浙江天铁实业股份有限公司,,,,,
北京市劳动保护科学研究所,浙江天铁实业股份有限公司,,,,,
北京新雷能科技股份有限公司,深圳市雷能混合集成电路有限公司,,,,,
北京新雷能科技股份有限公司,深圳市雷能混合集成电路有限公司,,,,,
北京新雷能科技股份有限公司,深圳市雷能混合集成电路有限公司,,,,,
北京新雷能科技股份有限公司,深圳市雷能混合集成电路有限公司,,,,,
北京新雷能科技股份有限公司,深圳市雷能混合集成电路有限公司,,,,,
北京新雷能科技股份有限公司,深圳市雷能混合集成电路有限公司,,,,,
北京新雷能科技股份有限公司,深圳市雷能混合集成电路有限公司,,,,,
北京新雷能科技股份有限公司,深圳市雷能混合集成电路有限公司,,,,,
北京新雷能科技股份有限公司,深圳市雷能混合集成电路有限公司,,,,,
北京新雷能科技股份有限公司,深圳市雷能混合集成电路有限公司,,,,,
国网吉林省电力有限公司电力科学研究院,吉林吉大通信设计院股份有限公司,吉林省电力科学研究院有限公司,国家电网公司,,,
国网吉林省电力有限公司电力科学研究院,吉林吉大通信设计院股份有限公司,吉林省电力科学研究院有限公司,国家电网公司,,,
国网吉林省电力有限公司电力科学研究院,吉林吉大通信设计院股份有限公司,吉林省电力科学研究院有限公司,国家电网公司,,,
国网吉林省电力有限公司电力科学研究院,吉林吉大通信设计院股份有限公司,吉林省电力科学研究院有限公司,国家电网公司,,,
国网吉林省电力有限公司电力科学研究院,吉林吉大通信设计院股份有限公司,吉林省电力科学研究院有限公司,国家电网公司,,,
中国联合网络通信有限公司广东省分公司,北京思特奇信息技术股份有限公司,,,,,
中国联合网络通信有限公司广东省分公司,北京思特奇信息技术股份有限公司,,,,,
中山大学,汇纳科技股份有限公司,,,,,
中山大学,汇纳科技股份有限公司,,,,,
扬州晨化新材料股份有限公司,淮安晨化新材料有限公司,,,,,
扬州晨化新材料股份有限公司,淮安晨化新材料有限公司,,,,,
浙江美力科技股份有限公司,合肥工业大学,,,,,
浙江美力科技股份有限公司,合肥工业大学,,,,,
浙江美力科技股份有限公司,合肥工业大学,,,,,
浙江美力科技股份有限公司,合肥工业大学,,,,,
深圳市欣天科技股份有限公司,苏州欣天新精密机械有限公司,,,,,
苏州欣天新精密机械有限公司,深圳市欣天科技股份有限公司,,,,,
苏州欣天新精密机械有限公司,深圳市欣天科技股份有限公司,,,,,
深圳市欣天科技股份有限公司,苏州欣天新精密机械有限公司,,,,,
苏州欣天新精密机械有限公司,深圳市欣天科技股份有限公司,,,,,
江苏久吾高科技股份有限公司,中盐金坛盐化有限责任公司,,,,,
江苏久吾高科技股份有限公司,中盐金坛盐化有限责任公司,,,,,
江苏久吾高科技股份有限公司,中盐金坛盐化有限责任公司,,,,,
江苏省陶瓷研究所有限公司,江苏久吾高科技股份有限公司,,,,,
江苏久吾高科技股份有限公司,中盐金坛盐化有限责任公司,,,,,
浙江兴兴新能源科技有限公司,江苏久吾高科技股份有限公司,,,,,
江苏省陶瓷研究所有限公司,江苏久吾高科技股份有限公司,,,,,
江苏久吾高科技股份有限公司,中盐金坛盐化有限责任公司,,,,,
广西大学,江苏久吾高科技股份有限公司,,,,,
广西大学,江苏久吾高科技股份有限公司,,,,,
浙江兴兴新能源科技有限公司,江苏久吾高科技股份有限公司,,,,,
广西大学,江苏久吾高科技股份有限公司,,,,,
江苏省陶瓷研究所有限公司,江苏久吾高科技股份有限公司,,,,,
江苏省陶瓷研究所有限公司,江苏久吾高科技股份有限公司,,,,,
上海爱声生物医疗科技有限公司,深圳开立生物医疗科技股份有限公司,,,,,
上海爱声生物医疗科技有限公司,深圳开立生物医疗科技股份有限公司,,,,,
上海爱声生物医疗科技有限公司,深圳开立生物医疗科技股份有限公司,,,,,
上海爱声生物医疗科技有限公司,深圳开立生物医疗科技股份有限公司,,,,,
上海爱声生物医疗科技有限公司,深圳开立生物医疗科技股份有限公司,,,,,
上海爱声生物医疗科技有限公司,深圳开立生物医疗科技股份有限公司,,,,,
上海爱声生物医疗科技有限公司,深圳开立生物医疗科技股份有限公司,,,,,
上海爱声生物医疗科技有限公司,深圳开立生物医疗科技股份有限公司,,,,,
