Maturity Date,Issuer,Security Type,Ultimate Parent,Seniority,Coupon,Capital IQ Trading ID,Offer Date,Offering Amt. ($mm),Amt. Outstdg. ($mm),Current Price,Current YTW,S&P Rating,S&P Rating Date,S&P Action,S&P CreditWatch/Outlook,Issued Currency,Private Placement,Coupon Type,Interest Frequency,Coupon Day Count Basis,Ownership,Offering Price,Offering Yield,Dated Date,First Coupon Date,Last Coupon Date,Next Call Date,Call Price
May-31-2023,Verizon Communications Inc. (NYSE:VZ),Corporate Debentures,Verizon Communications Inc. (NYSE:VZ),Senior Unsecured,0.375,431765072,May-31-2017,619.99,658.95,99.577,1.724,BBB+,Jul-18-2017,New Rating,-,CHF,FALSE,Fixed,Annual,30/360,Global Security,100.356,-,May-31-2017,May-31-2018,-,-,-
Mar-01-2024,Verizon Communications Inc. (NYSE:VZ),Foreign Currency Debenture,Verizon Communications Inc. (NYSE:VZ),Senior Unsecured,1.625,278408451,Nov-24-2014,"1,742.05","1,530.72",98.236,3.295,BBB+,Nov-24-2014,New Rating,-,EUR,FALSE,Fixed,Annual,ACT/ACT,Book Entry,99.866,1.64,Dec-01-2014,Mar-01-2015,Mar-01-2023,-,-
Mar-22-2024,Verizon Communications Inc. (NYSE:VZ),Corporate Debentures,Verizon Communications Inc. (NYSE:VZ),Senior Unsecured,0.75,707377290,Mar-11-2021,"1,750.00",999.22,95.686,4.722,BBB+,Mar-11-2021,New Rating,-,USD,FALSE,Fixed,Semi-Annual,30/360,Book Entry,99.994,0.752,Mar-22-2021,Sep-22-2021,Sep-22-2023,-,-
Nov-01-2024,Verizon Communications Inc. (NYSE:VZ),Corporate Debentures,Verizon Communications Inc. (NYSE:VZ),Senior Unsecured,3.5,275133012,Oct-22-2014,"2,500.00","1,161.28",98.238,4.564,BBB+,Oct-22-2014,New Rating,-,USD,FALSE,Fixed,Semi-Annual,30/360,Book Entry,99.34,3.579,Oct-29-2014,May-01-2015,May-01-2024,Aug-01-2024,100
Feb-15-2025,Verizon Communications Inc. (NYSE:VZ),Corporate Debentures,Verizon Communications Inc. (NYSE:VZ),Senior Unsecured,3.376,533157525,Jul-31-2017,"4,016.26",10.81,97.703,4.576,BBB+,Aug-03-2017,New Rating,-,USD,FALSE,Fixed,Semi-Annual,30/360,Book Entry,-,-,Aug-14-2017,Feb-15-2018,Aug-15-2024,-,-
Feb-15-2025,Verizon Communications Inc. (NYSE:VZ),Corporate Debentures,Verizon Communications Inc. (NYSE:VZ),Senior Unsecured,3.376,533159662,Aug-16-2017,"4,016.26",8.89,97.703,4.576,BBB+,Aug-03-2017,New Rating,-,USD,TRUE,Fixed,Semi-Annual,30/360,Book Entry,99.87,3.396,Aug-16-2017,Feb-15-2018,Aug-15-2024,-,-
Feb-15-2025,Verizon Communications Inc. (NYSE:VZ),Corporate Debentures,Verizon Communications Inc. (NYSE:VZ),Senior Unsecured,3.376,550311210,Dec-19-2017,"4,003.54","1,330.87",97.703,4.576,BBB+,Aug-03-2017,New Rating,-,USD,FALSE,Fixed,Semi-Annual,30/360,Book Entry,-,-,Aug-15-2017,Feb-15-2018,Aug-15-2024,-,-
Feb-17-2025,Verizon Communications Inc. (NYSE:VZ),Corporate Debentures,Verizon Communications Inc. (NYSE:VZ),Senior Unsecured,4.05,533663040,Aug-17-2017,356.44,319.1,99.347,4.389,BBB+,Aug-03-2017,New Rating,-,AUD,FALSE,Fixed,Semi-Annual,ACT/ACT,Global Security,99.76,-,Aug-17-2017,Feb-17-2018,-,-,-
Apr-02-2025,Verizon Communications Inc. (NYSE:VZ),Foreign Currency Debenture,Verizon Communications Inc. (NYSE:VZ),Senior Unsecured,0.875,407447940,Oct-26-2016,"1,091.35","1,093.37",95.332,3.153,BBB+,Oct-24-2016,New Rating,-,EUR,FALSE,Fixed,Semi-Annual,30/360,Book Entry,99.429,0.946,Nov-02-2016,Oct-02-2017,Oct-02-2024,-,-
May-15-2025,Verizon Communications Inc. (NYSE:VZ),Corporate Debentures,Verizon Communications Inc. (NYSE:VZ),Senior Unsecured,5.706,563293942,May-08-2018,"1,788.80","1,788.80",101.4,5.206,BBB+,May-18-2018,New Rating,-,USD,FALSE,Variable,Quarterly,ACT/360,Book Entry,100,-,May-15-2018,Aug-15-2018,Feb-15-2025,Mar-15-2025,100
Nov-20-2025,Verizon Communications Inc. (NYSE:VZ),Corporate Debentures,Verizon Communications Inc. (NYSE:VZ),Senior Unsecured,0.85,695372136,Nov-10-2020,"2,000.00","1,404.03",90.871,4.362,BBB+,Nov-10-2020,New Rating,-,USD,FALSE,Fixed,Semi-Annual,30/360,Book Entry,99.99,0.852,Nov-20-2020,May-20-2021,May-20-2025,Oct-20-2025,100
Feb-17-2026,Verizon Communications Inc. (NYSE:VZ),Corporate Debentures,Verizon Communications Inc. (NYSE:VZ),Senior Unsecured,3.25,256693304,Feb-05-2014,"1,691.82","1,366.72",99.886,3.29,BBB+,Feb-05-2014,New Rating,-,EUR,FALSE,Fixed,Annual,ACT/ACT,Combination,99.882,3.262,Feb-12-2014,Feb-17-2015,Feb-17-2025,-,-
Mar-20-2026,Verizon Communications Inc. (NYSE:VZ),Corporate Debentures,Verizon Communications Inc. (NYSE:VZ),Senior Unsecured,1.45,707377291,Mar-11-2021,"2,750.00","1,916.47",91.54,4.378,BBB+,Mar-11-2021,New Rating,-,USD,FALSE,Fixed,Semi-Annual,30/360,Book Entry,99.803,1.491,Mar-22-2021,Sep-20-2021,Sep-20-2025,Feb-20-2026,100
May-06-2026,Verizon Communications Inc. (NYSE:VZ),Corporate Debentures,Verizon Communications Inc. (NYSE:VZ),Senior Unsecured,2.1,643073439,Nov-06-2019,310.13,319.1,92.65,4.561,BBB+,Nov-01-2019,New Rating,-,AUD,FALSE,Fixed,Semi-Annual,ACT/ACT,Global Security,99.804,-,Nov-06-2019,May-06-2020,-,-,-
Jun-15-2026,Verizon Communications Inc. (NYSE:VZ),Retail Note,Verizon Communications Inc. (NYSE:VZ),Senior Unsecured,1.1,430326614,Jun-14-2021,3.69,3.69,87.391,5.243,BBB+,Jun-08-2021,New Rating,-,USD,FALSE,Fixed,Semi-Annual,30/360,Book Entry,100,1.1,Jun-17-2021,Dec-15-2021,Dec-15-2025,Feb-12-2023,100
Jun-15-2026,Verizon Communications Inc. (NYSE:VZ),Retail Note,Verizon Communications Inc. (NYSE:VZ),Senior Unsecured,1.05,718514728,Jun-21-2021,1.74,1.74,85.672,5.807,BBB+,Jun-16-2021,New Rating,-,USD,FALSE,Fixed,Semi-Annual,30/360,Book Entry,100,1.05,Jun-24-2021,Dec-15-2021,Dec-15-2025,Feb-12-2023,100
Aug-15-2026,Verizon Communications Inc. (NYSE:VZ),Corporate Debentures,Verizon Communications Inc. (NYSE:VZ),Senior Unsecured,2.625,407260770,Jul-27-2016,"2,250.00","1,869.42",94.357,4.37,BBB+,Jul-28-2016,New Rating,-,USD,FALSE,Fixed,Semi-Annual,30/360,Book Entry,99.745,2.654,Aug-01-2016,Feb-15-2017,Feb-15-2026,May-15-2026,100
Oct-27-2026,Verizon Communications Inc. (NYSE:VZ),Foreign Currency Debenture,Verizon Communications Inc. (NYSE:VZ),Senior Unsecured,1.375,541610934,Oct-23-2017,"1,467.83","1,366.72",94.023,3.099,BBB+,Oct-25-2017,New Rating,-,EUR,FALSE,Fixed,Annual,30/360,Book Entry,99.681,1.413,Oct-27-2017,Oct-27-2018,Oct-27-2025,-,-
Mar-16-2027,Verizon Communications Inc. (NYSE:VZ),Corporate Debentures,Verizon Communications Inc. (NYSE:VZ),Senior Unsecured,4.125,423519798,Mar-13-2017,"3,250.00","3,250.00",99.214,4.335,BBB+,Mar-14-2017,New Rating,-,USD,FALSE,Fixed,Semi-Annual,30/360,Book Entry,99.256,4.217,Mar-16-2017,Sep-16-2017,Sep-16-2026,-,-
Mar-22-2027,Verizon Communications Inc. (NYSE:VZ),Corporate Debentures,Verizon Communications Inc. (NYSE:VZ),Senior Unsecured,3,660598165,Mar-17-2020,750,750,94.986,4.339,BBB+,Apr-16-2020,New Rating,-,USD,FALSE,Fixed,Semi-Annual,30/360,Book Entry,99.95,3.008,Mar-20-2020,Sep-22-2020,Sep-22-2026,Jan-22-2027,100
Apr-08-2027,Verizon Communications Inc. (NYSE:VZ),Foreign Currency Debenture,Verizon Communications Inc. (NYSE:VZ),Senior Unsecured,0.875,608769617,Apr-02-2019,"1,398.37","1,366.72",91.062,3.2,BBB+,Apr-05-2019,New Rating,-,EUR,FALSE,Fixed,Annual,ACT/ACT,Book Entry,99.631,0.923,Apr-08-2019,Apr-08-2020,Apr-08-2026,Jan-08-2027,100
Nov-30-2027,Verizon Communications Inc. (NYSE:VZ),Corporate Debentures,Verizon Communications Inc. (NYSE:VZ),Senior Unsecured,1,432489380,May-31-2017,413.33,439.3,95.866,1.906,BBB+,May-18-2017,New Rating,-,CHF,FALSE,Fixed,Annual,30/360,Global Security,100.311,-,May-31-2017,Nov-30-2017,-,-,-
Mar-22-2028,Verizon Communications Inc. (NYSE:VZ),Foreign Currency Debenture,Verizon Communications Inc. (NYSE:VZ),Senior Unsecured,2.375,708073281,Mar-16-2021,802.61,751.2,91.566,4.23,BBB+,Mar-22-2021,New Rating,-,CAD,FALSE,Fixed,Semi-Annual,30/360,Book Entry,99.846,2.399,Mar-22-2021,Sep-22-2021,Sep-22-2027,Jan-22-2028,100
Mar-22-2028,Verizon Communications Inc. (NYSE:VZ),Corporate Debentures,Verizon Communications Inc. (NYSE:VZ),Senior Unsecured,2.1,707377292,Mar-11-2021,"3,000.00","3,000.00",89.682,4.367,BBB+,Mar-11-2021,New Rating,-,USD,FALSE,Fixed,Semi-Annual,30/360,Book Entry,99.955,2.107,Mar-22-2021,Sep-22-2021,Sep-22-2027,Jan-22-2028,100
Mar-23-2028,Verizon Communications Inc. (NYSE:VZ),Corporate Debentures,Verizon Communications Inc. (NYSE:VZ),Senior Unsecured,2.35,1674055228,Mar-23-2021,460.23,425.47,88.229,4.981,BBB+,Mar-22-2021,New Rating,-,AUD,FALSE,Fixed,Semi-Annual,ACT/ACT,Global Security,99.824,-,Mar-23-2021,Sep-23-2021,-,Dec-23-2027,100
Mar-24-2028,Verizon Communications Inc. (NYSE:VZ),Corporate Debentures,Verizon Communications Inc. (NYSE:VZ),Senior Unsecured,0.193,708391300,Mar-24-2021,401.07,411.84,91.46,1.957,BBB+,Mar-24-2021,New Rating,-,CHF,FALSE,Fixed,Annual,30/360,Global Security,100,-,Mar-24-2021,Mar-24-2022,-,-,-
Apr-15-2028,Verizon New York Inc.,Corporate Debentures,Verizon Communications Inc. (NYSE:VZ),Senior Unsecured,6.5,14235975,Apr-07-1998,100,34.77,106.561,5.046,BBB+,Sep-02-2013,Downgrade,-,USD,FALSE,Fixed,Semi-Annual,30/360,Book Entry,99.451,6.542,Apr-15-1998,Oct-15-1998,Oct-15-2027,-,-
Apr-15-2028,GTE LLC,Corporate Debentures,Verizon Communications Inc. (NYSE:VZ),Senior Unsecured,6.94,14236560,Apr-22-1998,800,249.84,108.643,5.026,BBB+,Sep-02-2013,Downgrade,-,USD,FALSE,Fixed,Semi-Annual,30/360,Book Entry,99.884,6.949,Apr-15-1998,Oct-15-1998,Oct-15-2027,-,-
Sep-21-2028,Verizon Communications Inc. (NYSE:VZ),Corporate Debentures,Verizon Communications Inc. (NYSE:VZ),Senior Unsecured,4.329,569880121,Jun-16-2018,"4,251.53",21.12,99.493,4.431,BBB+,Jun-13-2018,New Rating,-,USD,FALSE,Fixed,Semi-Annual,30/360,Book Entry,-,-,Jun-21-2018,Mar-21-2019,Mar-21-2028,-,-
Sep-21-2028,Verizon Communications Inc. (NYSE:VZ),Corporate Debentures,Verizon Communications Inc. (NYSE:VZ),Senior Unsecured,4.329,572388965,Jun-11-2018,"4,251.53",21.12,99.493,4.431,BBB+,Jun-13-2018,New Rating,-,USD,TRUE,Fixed,Semi-Annual,30/360,Book Entry,100,4.33,Jun-21-2018,Mar-21-2019,Mar-21-2028,-,-
Sep-21-2028,Verizon Communications Inc. (NYSE:VZ),Corporate Debentures,Verizon Communications Inc. (NYSE:VZ),Senior Unsecured,4.329,570654186,Sep-21-2018,"4,230.41","4,230.41",99.493,4.431,BBB+,Jun-13-2018,New Rating,-,USD,FALSE,Fixed,Semi-Annual,30/360,Book Entry,-,-,Jun-21-2018,Mar-21-2019,Mar-21-2028,-,-
Nov-02-2028,Verizon Communications Inc. (NYSE:VZ),Foreign Currency Debenture,Verizon Communications Inc. (NYSE:VZ),Senior Unsecured,1.375,407447938,Oct-26-2016,"1,364.18","1,366.72",90.374,3.24,BBB+,Oct-24-2016,New Rating,-,EUR,FALSE,Fixed,Semi-Annual,30/360,Book Entry,99.299,1.439,Nov-02-2016,May-02-2017,May-02-2028,-,-
Nov-03-2028,Verizon Communications Inc. (NYSE:VZ),Foreign Currency Debenture,Verizon Communications Inc. (NYSE:VZ),Senior Unsecured,1.125,693806907,Oct-29-2020,774.34,736.34,84.598,4.2,BBB+,Oct-29-2020,New Rating,-,GBP,FALSE,Fixed,Annual,ACT/ACT,Book Entry,99.358,1.21,Nov-03-2020,Nov-03-2021,Nov-03-2027,Aug-03-2028,100
Dec-01-2028,Verizon Pennsylvania LLC.,Corporate Debentures,Verizon Communications Inc. (NYSE:VZ),Senior Unsecured,6,14244520,Dec-02-1998,125,44.08,102.227,5.545,BBB+,Sep-02-2013,Downgrade,-,USD,FALSE,Fixed,Semi-Annual,30/360,Book Entry,99.3,6.05,Dec-09-1998,Jun-01-1999,Jun-01-2028,-,-
Feb-08-2029,Verizon Communications Inc. (NYSE:VZ),Corporate Debentures,Verizon Communications Inc. (NYSE:VZ),Senior Unsecured,3.875,600608382,Feb-05-2019,"1,000.00","1,000.00",96.841,4.481,BBB+,Feb-05-2019,New Rating,-,USD,FALSE,Fixed,Semi-Annual,30/360,Book Entry,99.811,3.898,Feb-08-2019,Aug-08-2019,Aug-08-2028,Nov-08-2028,100
Mar-22-2029,Verizon Communications Inc. (NYSE:VZ),Foreign Currency Debenture,Verizon Communications Inc. (NYSE:VZ),Senior Unsecured,0.375,707712761,Mar-15-2021,"1,193.32","1,093.37",84.084,3.288,BBB+,Mar-15-2021,New Rating,-,EUR,FALSE,Fixed,Annual,ACT/ACT,Book Entry,99.67,0.417,Mar-22-2021,Mar-22-2022,Mar-22-2028,Dec-22-2028,100
Apr-15-2029,Verizon Communications Inc. (NYSE:VZ),Retail Note,Verizon Communications Inc. (NYSE:VZ),Senior Unsecured,3.5,430326655,Apr-04-2022,2.77,2.77,94.413,4.545,BBB+,Mar-28-2022,New Rating,-,USD,FALSE,Fixed,Semi-Annual,30/360,Book Entry,100,3.5,Apr-07-2022,Oct-15-2022,Oct-15-2028,Feb-12-2023,100
May-01-2029,Alltel Corporation,Corporate Debentures,Verizon Communications Inc. (NYSE:VZ),Senior Unsecured,6.8,14251181,Apr-22-1999,300,38.1,105.767,5.686,BBB+,Sep-02-2013,Downgrade,-,USD,FALSE,Fixed,Semi-Annual,30/360,Book Entry,99.378,6.849,Apr-27-1999,Nov-01-1999,Nov-01-2028,-,-
May-01-2029,Verizon Communications Inc. (NYSE:VZ),Corporate Debentures,Verizon Communications Inc. (NYSE:VZ),Senior Unsecured,6.8,544103176,Apr-10-2018,106.1,104.99,110.304,4.863,-,-,-,-,USD,FALSE,Fixed,Semi-Annual,30/360,Book Entry,-,-,May-01-2018,Nov-01-2018,Nov-01-2028,-,-
May-15-2029,Verizon Communications Inc. (NYSE:VZ),Retail Note,Verizon Communications Inc. (NYSE:VZ),Senior Unsecured,4,430326657,May-09-2022,1.2,1.2,97.141,4.527,BBB+,May-02-2022,New Rating,-,USD,FALSE,Fixed,Semi-Annual,30/360,Book Entry,100,4,May-12-2022,Nov-15-2022,Nov-15-2028,Feb-12-2023,100
May-15-2029,Verizon Communications Inc. (NYSE:VZ),Retail Note,Verizon Communications Inc. (NYSE:VZ),Senior Unsecured,4.15,430326660,May-16-2022,2.72,2.72,96.187,4.861,BBB+,May-09-2022,New Rating,-,USD,FALSE,Fixed,Semi-Annual,30/360,Book Entry,100,4.15,May-19-2022,Nov-15-2022,Nov-15-2028,Feb-12-2023,100
May-15-2029,Verizon Communications Inc. (NYSE:VZ),Retail Note,Verizon Communications Inc. (NYSE:VZ),Senior Unsecured,3.9,430326663,May-23-2022,0.2,0.2,96.759,4.498,BBB+,May-17-2022,New Rating,-,USD,FALSE,Fixed,Semi-Annual,30/360,Book Entry,100,3.9,May-26-2022,Nov-15-2022,Nov-15-2028,Feb-12-2023,100
Jun-15-2029,Verizon Communications Inc. (NYSE:VZ),Retail Note,Verizon Communications Inc. (NYSE:VZ),Senior Unsecured,3.95,430326665,May-31-2022,1.66,1.66,93.908,5.082,BBB+,May-23-2022,New Rating,-,USD,FALSE,Fixed,Semi-Annual,30/360,Book Entry,100,3.95,Jun-03-2022,Dec-15-2022,Dec-15-2028,Feb-12-2023,100
Jun-15-2029,Verizon Communications Inc. (NYSE:VZ),Retail Note,Verizon Communications Inc. (NYSE:VZ),Senior Unsecured,3.8,430326675,Jun-06-2022,0.67,0.67,95.648,4.596,BBB+,May-31-2022,New Rating,-,USD,FALSE,Fixed,Semi-Annual,30/360,Book Entry,100,3.8,Jun-09-2022,Dec-15-2022,Dec-15-2028,Feb-12-2023,100
Jun-15-2029,Verizon Communications Inc. (NYSE:VZ),Retail Note,Verizon Communications Inc. (NYSE:VZ),Senior Unsecured,3.85,430326677,Jun-13-2022,0.15,0.15,95.921,4.596,BBB+,Jun-06-2022,New Rating,-,USD,FALSE,Fixed,Semi-Annual,30/360,Book Entry,100,3.85,Jun-16-2022,Dec-15-2022,Dec-15-2028,Feb-12-2023,100
Jun-15-2029,Verizon Communications Inc. (NYSE:VZ),Retail Note,Verizon Communications Inc. (NYSE:VZ),Senior Unsecured,4.3,430326679,Jun-21-2022,0.43,0.43,98.379,4.596,BBB+,Jun-14-2022,New Rating,-,USD,FALSE,Fixed,Semi-Annual,30/360,Book Entry,100,4.3,Jun-24-2022,Dec-15-2022,Dec-15-2028,Feb-12-2023,100
Aug-15-2029,Verizon Communications Inc. (NYSE:VZ),Retail Note,Verizon Communications Inc. (NYSE:VZ),Senior Unsecured,3.8,430326680,Aug-08-2022,0.39,0.39,96.053,4.505,BBB+,Aug-01-2022,New Rating,-,USD,FALSE,Fixed,Semi-Annual,30/360,Book Entry,100,3.8,Aug-11-2022,Feb-15-2023,Feb-15-2029,Feb-15-2023,100
Aug-15-2029,Verizon Communications Inc. (NYSE:VZ),Retail Note,Verizon Communications Inc. (NYSE:VZ),Senior Unsecured,4,430326682,Aug-15-2022,0.7,0.7,93.13,5.257,BBB+,Aug-09-2022,New Rating,-,USD,FALSE,Fixed,Semi-Annual,30/360,Book Entry,100,4,Aug-18-2022,Feb-15-2023,Feb-15-2029,Feb-15-2023,100
Aug-15-2029,Verizon Communications Inc. (NYSE:VZ),Retail Note,Verizon Communications Inc. (NYSE:VZ),Senior Unsecured,3.9,430326684,Aug-22-2022,0.2,0.2,96.112,4.596,BBB+,Aug-16-2022,New Rating,-,USD,FALSE,Fixed,Semi-Annual,30/360,Book Entry,100,3.9,Aug-25-2022,Feb-15-2023,Feb-15-2029,Feb-15-2023,100
Sep-15-2029,Verizon Communications Inc. (NYSE:VZ),Retail Note,Verizon Communications Inc. (NYSE:VZ),Senior Unsecured,4.1,430326686,Aug-29-2022,0.61,0.61,97.195,4.596,BBB+,Aug-23-2022,New Rating,-,USD,FALSE,Fixed,Semi-Annual,30/360,Book Entry,100,4.1,Sep-01-2022,Mar-15-2023,Mar-15-2029,Mar-15-2023,100
Sep-15-2029,Verizon Communications Inc. (NYSE:VZ),Retail Note,Verizon Communications Inc. (NYSE:VZ),Senior Unsecured,4.5,430326688,Sep-12-2022,0.27,0.27,99.785,4.537,BBB+,Sep-06-2022,New Rating,-,USD,FALSE,Fixed,Semi-Annual,30/360,Book Entry,100,4.5,Sep-15-2022,Mar-15-2023,Mar-15-2029,Mar-15-2023,100
Sep-15-2029,Verizon Communications Inc. (NYSE:VZ),Retail Note,Verizon Communications Inc. (NYSE:VZ),Senior Unsecured,4.5,430326689,Sep-19-2022,0.87,0.87,99.455,4.596,BBB+,Sep-12-2022,New Rating,-,USD,FALSE,Fixed,Semi-Annual,30/360,Book Entry,100,4.5,Sep-22-2022,Mar-15-2023,Mar-15-2029,Mar-15-2023,100
Sep-15-2029,Verizon Communications Inc. (NYSE:VZ),Retail Note,Verizon Communications Inc. (NYSE:VZ),Senior Unsecured,4.8,430326690,Sep-26-2022,1.16,1.16,97.387,5.273,BBB+,Sep-19-2022,New Rating,-,USD,FALSE,Fixed,Semi-Annual,30/360,Book Entry,100,4.8,Sep-29-2022,Mar-15-2023,Mar-15-2029,Mar-15-2023,100
Oct-01-2029,Verizon Virginia LLC.,Corporate Debentures,Verizon Communications Inc. (NYSE:VZ),Senior Unsecured,8.375,14184523,Oct-02-1989,100,8.99,118.528,5.058,BBB+,Sep-02-2013,Downgrade,-,USD,FALSE,Fixed,Semi-Annual,30/360,Book Entry,100,8.375,Oct-10-1989,Apr-01-1990,Apr-01-2029,-,-
Oct-15-2029,Verizon Maryland LLC,Corporate Debentures,Verizon Communications Inc. (NYSE:VZ),Senior Unsecured,8,14184509,Oct-17-1989,50,19.98,116.787,5.014,BBB+,Sep-02-2013,Downgrade,-,USD,FALSE,Fixed,Semi-Annual,30/360,Book Entry,99.68,8.027,Oct-15-1989,Apr-15-1990,Apr-15-2029,-,-
Oct-26-2029,Verizon Communications Inc. (NYSE:VZ),Foreign Currency Debenture,Verizon Communications Inc. (NYSE:VZ),Senior Unsecured,1.875,541445837,Oct-23-2017,880.7,820.03,91.417,3.32,BBB+,Oct-25-2017,New Rating,-,EUR,FALSE,Fixed,Annual,30/360,Book Entry,98.962,1.973,Oct-27-2017,Oct-26-2018,Oct-26-2028,-,-
Nov-15-2029,Verizon New England Inc.,Corporate Debentures,Verizon Communications Inc. (NYSE:VZ),Senior Unsecured,7.875,14195647,Nov-08-1989,350,133.08,115.714,5.101,BBB+,Sep-02-2013,Downgrade,-,USD,FALSE,Fixed,Semi-Annual,30/360,Book Entry,99.6,7.908,Nov-15-1989,May-15-1990,May-15-2029,-,-
Nov-15-2029,Verizon New Jersey Inc.,Corporate Debentures,Verizon Communications Inc. (NYSE:VZ),Senior Unsecured,7.85,14195672,Nov-09-1989,150,44.7,115.355,5.136,BBB+,Sep-02-2013,Downgrade,-,USD,FALSE,Fixed,Semi-Annual,30/360,Book Entry,99.75,7.871,Nov-15-1989,May-15-1990,May-15-2029,-,-
Nov-15-2029,Verizon Communications Inc. (NYSE:VZ),Retail Note,Verizon Communications Inc. (NYSE:VZ),Senior Unsecured,5.55,430326691,Nov-07-2022,1.19,1.19,100.208,4.748,BBB+,Oct-31-2022,New Rating,-,USD,FALSE,Fixed,Semi-Annual,30/360,Book Entry,100,5.55,Nov-10-2022,May-15-2023,May-15-2029,May-15-2023,100
Nov-15-2029,Verizon Communications Inc. (NYSE:VZ),Retail Note,Verizon Communications Inc. (NYSE:VZ),Senior Unsecured,5.6,430326692,Nov-14-2022,2.68,2.68,100.593,4.801,BBB+,Nov-07-2022,New Rating,-,USD,FALSE,Fixed,Semi-Annual,30/360,Book Entry,100,5.6,Nov-17-2022,May-15-2023,May-15-2029,Nov-15-2023,100
Nov-15-2029,Verizon Communications Inc. (NYSE:VZ),Retail Note,Verizon Communications Inc. (NYSE:VZ),Senior Unsecured,5.15,430326693,Nov-21-2022,2.54,2.54,100.393,4.621,BBB+,Nov-14-2022,New Rating,-,USD,FALSE,Fixed,Semi-Annual,30/360,Book Entry,100,5.15,Nov-25-2022,May-15-2023,May-15-2029,Nov-15-2023,100
Dec-03-2029,Verizon Communications Inc. (NYSE:VZ),Corporate Debentures,Verizon Communications Inc. (NYSE:VZ),Senior Unsecured,4.016,604760820,Feb-26-2019,"4,000.00",39.92,96.844,4.558,BBB+,Feb-13-2019,New Rating,-,USD,TRUE,Fixed,Semi-Annual,30/360,Book Entry,100,4.017,Feb-28-2019,Jun-03-2019,Jun-03-2029,Sep-03-2029,100
Dec-03-2029,Verizon Communications Inc. (NYSE:VZ),Corporate Debentures,Verizon Communications Inc. (NYSE:VZ),Senior Unsecured,4.016,604759686,Feb-27-2019,"4,000.00",39.92,96.844,4.558,BBB+,Feb-13-2019,New Rating,-,USD,FALSE,Fixed,Semi-Annual,30/360,Book Entry,-,-,Feb-27-2019,Jun-03-2019,Jun-03-2028,Sep-03-2029,100
Dec-03-2029,Verizon Communications Inc. (NYSE:VZ),Corporate Debentures,Verizon Communications Inc. (NYSE:VZ),Senior Unsecured,4.016,602198075,Aug-12-2019,"3,960.08","3,960.08",96.844,4.558,BBB+,Feb-13-2019,New Rating,-,USD,FALSE,Fixed,Semi-Annual,30/360,Book Entry,-,-,Jun-03-2019,Dec-03-2019,Jun-03-2029,Sep-03-2029,100
Dec-15-2029,Verizon Communications Inc. (NYSE:VZ),Retail Note,Verizon Communications Inc. (NYSE:VZ),Senior Unsecured,5,430326694,Dec-05-2022,2.91,2.91,100.343,4.58,BBB+,Nov-28-2022,New Rating,-,USD,FALSE,Fixed,Semi-Annual,30/360,Book Entry,100,5,Dec-08-2022,Jun-15-2023,Jun-15-2029,Dec-15-2023,100
Dec-15-2029,Verizon Communications Inc. (NYSE:VZ),Retail Note,Verizon Communications Inc. (NYSE:VZ),Senior Unsecured,4.7,430326695,Dec-12-2022,0.22,0.22,100.164,4.497,BBB+,Dec-06-2022,New Rating,-,USD,FALSE,Fixed,Semi-Annual,30/360,Book Entry,100,4.7,Dec-15-2022,Jun-15-2023,Jun-15-2029,Dec-15-2023,100
Dec-15-2029,Verizon Communications Inc. (NYSE:VZ),Retail Note,Verizon Communications Inc. (NYSE:VZ),Senior Unsecured,4.7,430326696,Dec-19-2022,1.13,1.13,100.098,4.578,BBB+,Dec-12-2022,New Rating,-,USD,FALSE,Fixed,Semi-Annual,30/360,Book Entry,100,4.7,Dec-22-2022,Jun-15-2023,Jun-15-2029,Dec-15-2023,100
Mar-22-2030,Verizon Communications Inc. (NYSE:VZ),Corporate Debentures,Verizon Communications Inc. (NYSE:VZ),Senior Unsecured,3.15,660598169,Mar-17-2020,"1,500.00","1,500.00",91.654,4.533,BBB+,Apr-16-2020,New Rating,-,USD,FALSE,Fixed,Semi-Annual,30/360,Book Entry,99.693,3.186,Mar-20-2020,Sep-22-2020,Sep-22-2029,Dec-22-2029,100
Apr-08-2030,Verizon Communications Inc. (NYSE:VZ),Foreign Currency Debenture,Verizon Communications Inc. (NYSE:VZ),Senior Unsecured,1.25,605318212,Apr-02-2019,"1,398.37","1,366.72",86.847,3.344,BBB+,Apr-05-2019,New Rating,-,EUR,FALSE,Fixed,Annual,ACT/ACT,Book Entry,99.338,1.315,Apr-08-2019,Apr-08-2020,Apr-08-2029,Jan-08-2030,100
May-15-2030,Verizon Communications Inc. (NYSE:VZ),Retail Note,Verizon Communications Inc. (NYSE:VZ),Senior Unsecured,1.9,430326587,May-11-2020,0.87,0.87,82.851,4.711,BBB+,May-04-2020,New Rating,-,USD,FALSE,Fixed,Semi-Annual,30/360,Book Entry,100,1.9,May-14-2020,Nov-15-2020,Nov-15-2029,Feb-12-2023,100
May-15-2030,Verizon Communications Inc. (NYSE:VZ),Retail Note,Verizon Communications Inc. (NYSE:VZ),Senior Unsecured,2.05,430326589,May-18-2020,0.56,0.56,80.634,5.291,BBB+,May-12-2020,New Rating,-,USD,FALSE,Fixed,Semi-Annual,30/360,Book Entry,100,2.05,May-21-2020,Nov-15-2020,Nov-15-2029,Feb-12-2023,100
May-16-2030,Verizon Communications Inc. (NYSE:VZ),Foreign Currency Debenture,Verizon Communications Inc. (NYSE:VZ),Senior Unsecured,2.5,667570780,May-13-2020,710.33,751.2,88.457,4.38,BBB+,May-13-2020,New Rating,-,CAD,FALSE,Fixed,Semi-Annual,30/360,Book Entry,99.815,2.521,May-15-2020,Nov-16-2020,Nov-16-2029,Feb-16-2030,100
Jun-15-2030,Verizon Communications Inc. (NYSE:VZ),Retail Note,Verizon Communications Inc. (NYSE:VZ),Senior Unsecured,1.85,430326592,Jun-08-2020,0.57,0.57,80.325,5.089,BBB+,Jun-02-2020,New Rating,-,USD,FALSE,Fixed,Semi-Annual,30/360,Book Entry,100,1.85,Jun-11-2020,Dec-15-2020,Dec-15-2029,Feb-12-2023,100
Sep-18-2030,Verizon Communications Inc. (NYSE:VZ),Corporate Debentures,Verizon Communications Inc. (NYSE:VZ),Senior Unsecured,1.5,670134300,Sep-16-2020,"1,000.00","1,000.00",81.7,4.348,BBB+,Sep-15-2020,New Rating,-,USD,FALSE,Fixed,Semi-Annual,30/360,Book Entry,99.889,1.512,Sep-18-2020,Mar-18-2021,Mar-18-2030,Jun-18-2030,100
Sep-19-2030,Verizon Communications Inc. (NYSE:VZ),Foreign Currency Debenture,Verizon Communications Inc. (NYSE:VZ),Senior Unsecured,1.875,634573213,Sep-09-2019,679.63,674.98,84.455,4.311,BBB+,Sep-11-2019,New Rating,-,GBP,FALSE,Fixed,Annual,ACT/ACT,Book Entry,99.132,1.964,Sep-19-2019,Sep-19-2020,Sep-19-2029,Jun-19-2030,100
Oct-30-2030,Verizon Communications Inc. (NYSE:VZ),Corporate Debentures,Verizon Communications Inc. (NYSE:VZ),Senior Unsecured,1.68,690073791,Oct-06-2020,"1,147.44",2.49,81.445,4.553,BBB+,Sep-22-2020,New Rating,-,USD,TRUE,Fixed,Semi-Annual,30/360,Combination,100,1.68,Oct-06-2020,Apr-30-2021,Apr-30-2030,Jul-30-2030,100
Oct-30-2030,Verizon Communications Inc. (NYSE:VZ),Corporate Debentures,Verizon Communications Inc. (NYSE:VZ),Senior Unsecured,1.68,689958115,Oct-06-2020,"1,147.44",2.49,81.445,4.553,BBB+,Sep-22-2020,New Rating,-,USD,FALSE,Fixed,Semi-Annual,30/360,Book Entry,99.34,3.579,Oct-06-2020,Apr-30-2021,Apr-30-2030,Jul-30-2030,100
Oct-30-2030,Verizon Communications Inc. (NYSE:VZ),Corporate Debentures,Verizon Communications Inc. (NYSE:VZ),Senior Unsecured,1.68,695399587,Apr-05-2021,"1,144.95","1,144.95",81.445,4.553,BBB+,May-12-2021,New Rating,-,USD,FALSE,Fixed,Semi-Annual,30/360,Book Entry,-,-,Oct-06-2020,Apr-30-2021,Apr-30-2030,Jul-30-2030,100
Oct-31-2030,Verizon Communications Inc. (NYSE:VZ),Foreign Currency Debenture,Verizon Communications Inc. (NYSE:VZ),Senior Unsecured,4.25,1806155596,Oct-24-2022,"1,250.00","1,250.00",105.59,3.391,BBB+,Oct-24-2022,New Rating,-,USD,FALSE,Fixed,Annual,ACT/ACT,Book Entry,99.528,4.321,Oct-31-2022,Oct-31-2023,Oct-31-2029,Jul-31-2030,100
Nov-15-2030,Verizon Communications Inc. (NYSE:VZ),Retail Note,Verizon Communications Inc. (NYSE:VZ),Senior Unsecured,1.65,430326594,Nov-23-2020,2.33,2.33,76.737,5.346,BBB+,Nov-16-2020,New Rating,-,USD,FALSE,Fixed,Semi-Annual,30/360,Book Entry,100,1.65,Nov-27-2020,May-15-2021,May-15-2030,Feb-12-2023,100
Dec-01-2030,Verizon Global Funding Corp.,Corporate Debentures,Verizon Communications Inc. (NYSE:VZ),Senior Unsecured,7.75,44407073,Aug-09-2001,"1,997.44",562,119.973,4.67,BBB+,May-31-2018,New Rating,-,USD,FALSE,Fixed,Semi-Annual,30/360,Book Entry,-,-,Jun-01-2001,Dec-01-2001,Jun-01-2030,-,-
Dec-15-2030,Verizon Pennsylvania LLC.,Corporate Debentures,Verizon Communications Inc. (NYSE:VZ),Senior Unsecured,8.35,14183212,Dec-11-1990,175,31.14,119.309,5.311,BBB+,Sep-02-2013,Downgrade,-,USD,FALSE,Fixed,Semi-Annual,30/360,Book Entry,100,8.35,Dec-18-1990,Jun-15-1991,Jun-15-2030,-,-
Dec-15-2030,Verizon Communications Inc. (NYSE:VZ),Retail Note,Verizon Communications Inc. (NYSE:VZ),Senior Unsecured,1.6,430326596,Nov-30-2020,0.5,0.5,77.465,5.119,BBB+,Nov-23-2020,New Rating,-,USD,FALSE,Fixed,Semi-Annual,30/360,Book Entry,100,1.6,Dec-03-2020,Jun-15-2021,Jun-15-2030,Feb-12-2023,100
Jan-20-2031,Verizon Communications Inc. (NYSE:VZ),Corporate Debentures,Verizon Communications Inc. (NYSE:VZ),Senior Unsecured,1.75,694525284,Nov-10-2020,"2,250.00","2,250.00",81.156,4.606,BBB+,Nov-10-2020,New Rating,-,USD,FALSE,Fixed,Semi-Annual,30/360,Book Entry,99.545,1.799,Nov-20-2020,Jul-20-2021,Jul-20-2030,Oct-20-2030,100
Mar-21-2031,Verizon Communications Inc. (NYSE:VZ),Corporate Debentures,Verizon Communications Inc. (NYSE:VZ),Senior Unsecured,2.55,707377765,Mar-11-2021,"4,250.00","4,250.00",86.07,4.626,BBB+,Mar-11-2021,New Rating,-,USD,FALSE,Fixed,Semi-Annual,30/360,Book Entry,99.589,2.597,Mar-22-2021,Sep-21-2021,Sep-21-2030,Dec-21-2030,100
Mar-23-2031,Verizon Communications Inc. (NYSE:VZ),Corporate Debentures,Verizon Communications Inc. (NYSE:VZ),Senior Unsecured,3,1674055227,Mar-23-2021,383.52,354.56,83.071,5.624,BBB+,Mar-22-2021,New Rating,-,AUD,FALSE,Fixed,Semi-Annual,ACT/ACT,Global Security,99.7,-,Mar-23-2021,Sep-23-2021,-,Dec-23-2030,100
Mar-24-2031,Verizon Communications Inc. (NYSE:VZ),Corporate Debentures,Verizon Communications Inc. (NYSE:VZ),Senior Unsecured,0.555,708490484,Mar-24-2021,347.59,356.93,88.805,2.064,BBB+,Mar-24-2021,New Rating,-,CHF,FALSE,Fixed,Annual,30/360,Global Security,100,-,Mar-24-2021,Mar-24-2022,-,-,-
Apr-08-2031,Verizon Communications Inc. (NYSE:VZ),Foreign Currency Debenture,Verizon Communications Inc. (NYSE:VZ),Senior Unsecured,2.5,608880097,Apr-02-2019,651.5,613.62,87.309,4.381,BBB+,Apr-05-2019,New Rating,-,GBP,FALSE,Fixed,Annual,ACT/ACT,Book Entry,99.591,2.54,Apr-08-2019,Apr-08-2020,Apr-08-2030,Jan-08-2031,100
May-15-2031,Verizon Communications Inc. (NYSE:VZ),Retail Note,Verizon Communications Inc. (NYSE:VZ),Senior Unsecured,2.35,430326598,May-17-2021,5.84,5.84,81.918,5.05,BBB+,May-11-2021,New Rating,-,USD,FALSE,Fixed,Semi-Annual,30/360,Book Entry,100,2.35,May-20-2021,Nov-15-2021,Nov-15-2030,Feb-12-2023,100
Jun-15-2031,Verizon Communications Inc. (NYSE:VZ),Retail Note,Verizon Communications Inc. (NYSE:VZ),Senior Unsecured,2.35,430326615,Jun-14-2021,4.27,4.27,84.195,4.654,BBB+,Jun-08-2021,New Rating,-,USD,FALSE,Fixed,Semi-Annual,30/360,Book Entry,100,2.35,Jun-17-2021,Dec-15-2021,Dec-15-2030,Feb-12-2023,100
Jun-15-2031,Verizon Communications Inc. (NYSE:VZ),Retail Note,Verizon Communications Inc. (NYSE:VZ),Senior Unsecured,2.2,718514727,Jun-21-2021,3.04,3.04,83.275,4.636,BBB+,Jun-16-2021,New Rating,-,USD,FALSE,Fixed,Semi-Annual,30/360,Book Entry,100,2.2,Jun-24-2021,Dec-15-2021,Dec-15-2030,Feb-12-2023,100
Aug-01-2031,Verizon Maryland LLC,Corporate Debentures,Verizon Communications Inc. (NYSE:VZ),Senior Unsecured,8.3,14184510,Jul-18-1991,100,21.11,118.545,5.532,BBB+,Sep-02-2013,Downgrade,-,USD,FALSE,Fixed,Semi-Annual,30/360,Book Entry,100,8.3,Aug-01-1991,Feb-01-1992,Feb-01-2031,-,-
Aug-15-2031,Verizon Pennsylvania LLC.,Corporate Debentures,Verizon Communications Inc. (NYSE:VZ),Senior Unsecured,8.75,40695622,Aug-13-1991,125,34.92,123.409,5.301,BBB+,Sep-02-2013,Downgrade,-,USD,FALSE,Fixed,Semi-Annual,30/360,Book Entry,99.119,8.83,Aug-15-1991,Feb-15-1992,Feb-15-2031,-,-
Aug-15-2031,Verizon Communications Inc. (NYSE:VZ),Retail Note,Verizon Communications Inc. (NYSE:VZ),Senior Unsecured,2.65,430326556,Aug-26-2019,0.8,0.8,82.675,5.191,BBB+,Aug-20-2019,New Rating,-,USD,FALSE,Fixed,Semi-Annual,30/360,Book Entry,100,2.65,Aug-29-2019,Feb-15-2020,Feb-15-2031,Mar-04-2023,100
Aug-15-2031,Verizon Communications Inc. (NYSE:VZ),Retail Note,Verizon Communications Inc. (NYSE:VZ),Senior Unsecured,2,430326622,Aug-09-2021,1.77,1.77,80.841,4.76,BBB+,Aug-03-2021,New Rating,-,USD,FALSE,Fixed,Semi-Annual,30/360,Book Entry,100,2,Aug-12-2021,Feb-15-2022,Feb-15-2031,Feb-12-2023,100
Sep-15-2031,Verizon Communications Inc. (NYSE:VZ),Retail Note,Verizon Communications Inc. (NYSE:VZ),Senior Unsecured,2.15,430326629,Sep-13-2021,2.38,2.38,81.338,4.824,BBB+,Sep-07-2021,New Rating,-,USD,FALSE,Fixed,Semi-Annual,30/360,Book Entry,100,2.15,Sep-16-2021,Mar-15-2022,Mar-15-2031,Feb-12-2023,100
Oct-15-2031,Verizon Delaware LLC,Corporate Debentures,Verizon Communications Inc. (NYSE:VZ),Senior Unsecured,8.625,14186306,Oct-22-1991,15,2.38,120.727,5.581,BBB+,Sep-02-2013,Downgrade,-,USD,FALSE,Fixed,Semi-Annual,30/360,Book Entry,99.386,8.68,Oct-15-1991,Apr-15-1992,Apr-15-2031,-,-
Dec-01-2031,Verizon Communications Inc. (NYSE:VZ),Foreign Currency Debenture,Verizon Communications Inc. (NYSE:VZ),Senior Unsecured,2.625,278408616,Nov-24-2014,"1,244.32","1,093.37",94.705,3.327,BBB+,Nov-24-2014,New Rating,-,EUR,FALSE,Fixed,Annual,ACT/ACT,Book Entry,99.324,2.675,Dec-01-2014,Dec-01-2015,Dec-01-2030,-,-
Mar-15-2032,Verizon Communications Inc. (NYSE:VZ),Corporate Debentures,Verizon Communications Inc. (NYSE:VZ),Senior Unsecured,2.355,1680318387,Sep-20-2021,"4,663.84",37.83,83.403,4.606,BBB+,Sep-02-2021,New Rating,-,USD,TRUE,Fixed,Semi-Annual,30/360,Combination,100,2.355,Sep-20-2021,Mar-15-2022,Sep-15-2031,-,-
Mar-15-2032,Verizon Communications Inc. (NYSE:VZ),Corporate Debentures,Verizon Communications Inc. (NYSE:VZ),Senior Unsecured,2.355,1680021305,Sep-20-2021,"4,663.84",37.83,83.403,4.606,BBB+,Sep-02-2021,New Rating,-,USD,FALSE,Fixed,Semi-Annual,30/360,Book Entry,100,2.355,Sep-20-2021,Mar-15-2022,Sep-15-2031,-,-
Mar-15-2032,Verizon Communications Inc. (NYSE:VZ),Corporate Debentures,Verizon Communications Inc. (NYSE:VZ),Senior Unsecured,2.355,1680021306,Mar-31-2022,"4,626.01","4,626.01",83.403,4.606,BBB+,Sep-02-2021,New Rating,-,USD,FALSE,Fixed,Semi-Annual,30/360,Book Entry,100,2.355,Mar-15-2022,Sep-15-2022,Sep-15-2031,Dec-15-2031,100
Mar-19-2032,Verizon Communications Inc. (NYSE:VZ),Foreign Currency Debenture,Verizon Communications Inc. (NYSE:VZ),Senior Unsecured,0.875,634573211,Sep-09-2019,884.66,874.7,80.453,3.406,BBB+,Sep-11-2019,New Rating,-,EUR,FALSE,Fixed,Annual,ACT/ACT,Book Entry,99.895,0.884,Sep-19-2019,Mar-19-2020,Mar-19-2031,Dec-19-2031,100
Mar-22-2032,Verizon Communications Inc. (NYSE:VZ),Foreign Currency Debenture,Verizon Communications Inc. (NYSE:VZ),Senior Unsecured,0.75,707712762,Mar-15-2021,"1,193.32","1,093.37",79.268,3.436,BBB+,Mar-15-2021,New Rating,-,EUR,FALSE,Fixed,Annual,ACT/ACT,Book Entry,99.319,0.815,Mar-22-2021,Mar-22-2022,Mar-22-2031,Dec-22-2031,100
Apr-01-2032,Verizon New York Inc.,Corporate Debentures,Verizon Communications Inc. (NYSE:VZ),Senior Unsecured,7.375,14295811,Mar-25-2002,500,99.44,113.635,5.461,BBB+,Sep-02-2013,Downgrade,-,USD,FALSE,Fixed,Semi-Annual,30/360,Book Entry,98.762,7.479,Mar-28-2002,Oct-01-2002,Oct-01-2031,-,-
Jun-15-2032,Verizon Global Funding Corp.,Corporate Debentures,Verizon Communications Inc. (NYSE:VZ),Senior Unsecured,7.75,322736383,Jun-18-2002,400,106.81,118.201,5.261,BBB+,May-31-2018,New Rating,-,USD,FALSE,Fixed,Semi-Annual,30/360,Book Entry,98.742,7.86,Jun-21-2002,Dec-15-2002,Dec-15-2031,-,-
Jul-01-2032,Alltel Corporation,Corporate Debentures,Verizon Communications Inc. (NYSE:VZ),Senior Unsecured,7.875,322737055,Jun-14-2002,700,55.85,116.6,5.581,BBB+,Sep-02-2013,Downgrade,-,USD,FALSE,Fixed,Semi-Annual,30/360,Book Entry,99.584,7.911,Jun-19-2002,Jan-01-2003,Jan-01-2032,-,-
Jul-01-2032,Verizon Communications Inc. (NYSE:VZ),Corporate Debentures,Verizon Communications Inc. (NYSE:VZ),Senior Unsecured,7.875,544103174,Apr-10-2018,122.5,101.01,118.372,5.361,-,-,-,-,USD,FALSE,Fixed,Semi-Annual,30/360,Book Entry,-,-,Jan-01-2018,Jul-01-2018,Jan-01-2032,-,-
May-15-2033,Verizon Communications Inc. (NYSE:VZ),Retail Note,Verizon Communications Inc. (NYSE:VZ),Senior Unsecured,2.55,430326600,May-24-2021,7.54,7.54,81.177,4.903,BBB+,May-17-2021,New Rating,-,USD,FALSE,Fixed,Semi-Annual,30/360,Book Entry,100,2.55,May-27-2021,Nov-15-2021,Nov-15-2032,Feb-12-2023,100
May-18-2033,Verizon Communications Inc. (NYSE:VZ),Foreign Currency Debenture,Verizon Communications Inc. (NYSE:VZ),Senior Unsecured,1.3,669102924,May-12-2020,"1,467.23","1,476.06",81.35,3.49,BBB+,May-12-2020,New Rating,-,EUR,FALSE,Fixed,Annual,ACT/ACT,Book Entry,99.798,1.317,May-18-2020,May-18-2021,May-18-2032,Feb-18-2033,100
Jun-15-2033,Verizon Maryland LLC,Corporate Debentures,Verizon Communications Inc. (NYSE:VZ),Senior Unsecured,5.125,14320766,Jun-11-2003,350,139.09,98.739,5.284,BBB+,Sep-02-2013,Downgrade,-,USD,FALSE,Fixed,Semi-Annual,30/360,Book Entry,97.886,5.266,Jun-16-2003,Dec-15-2003,Dec-15-2032,-,-
Jun-15-2033,Verizon Communications Inc. (NYSE:VZ),Retail Note,Verizon Communications Inc. (NYSE:VZ),Senior Unsecured,2.55,430326602,Jun-01-2021,2.69,2.69,81.048,4.905,BBB+,May-25-2021,New Rating,-,USD,FALSE,Fixed,Semi-Annual,30/360,Book Entry,100,2.55,Jun-04-2021,Dec-15-2021,Dec-15-2032,Feb-12-2023,100
Jun-15-2033,Verizon Communications Inc. (NYSE:VZ),Retail Note,Verizon Communications Inc. (NYSE:VZ),Senior Unsecured,2.55,430326612,Jun-07-2021,1.88,1.88,80.596,4.969,BBB+,Jun-01-2021,New Rating,-,USD,FALSE,Fixed,Semi-Annual,30/360,Book Entry,100,2.55,Jun-10-2021,Dec-15-2021,Dec-15-2032,Feb-12-2023,100
Jul-15-2033,Verizon Communications Inc. (NYSE:VZ),Retail Note,Verizon Communications Inc. (NYSE:VZ),Senior Unsecured,2.3,430326620,Jun-28-2021,2.23,2.23,78.75,4.928,BBB+,Jun-21-2021,New Rating,-,USD,FALSE,Fixed,Semi-Annual,30/360,Book Entry,100,2.3,Jul-01-2021,Jan-15-2022,Jan-15-2033,Feb-12-2023,100
Aug-10-2033,Verizon Communications Inc. (NYSE:VZ),Corporate Debentures,Verizon Communications Inc. (NYSE:VZ),Senior Unsecured,4.5,534120693,Aug-01-2017,"3,000.00","2,136.95",98.547,4.676,BBB+,Sep-13-2017,New Rating,-,USD,FALSE,Fixed,Semi-Annual,30/360,Book Entry,99.718,4.525,Aug-10-2017,Feb-10-2018,Feb-10-2033,-,-
Aug-15-2033,Verizon Communications Inc. (NYSE:VZ),Retail Note,Verizon Communications Inc. (NYSE:VZ),Senior Unsecured,2.2,1676901940,Aug-16-2021,4.13,4.13,76.414,5.128,BBB+,Aug-26-2021,New Rating,-,USD,FALSE,Fixed,Semi-Annual,30/360,Book Entry,100,2.2,Aug-19-2021,Feb-15-2022,Feb-15-2033,Feb-12-2023,100
Aug-15-2033,Verizon Communications Inc. (NYSE:VZ),Retail Note,Verizon Communications Inc. (NYSE:VZ),Senior Unsecured,2.2,430326626,Aug-23-2021,0.68,0.68,77.213,5.012,BBB+,Aug-16-2021,New Rating,-,USD,FALSE,Fixed,Semi-Annual,30/360,Book Entry,100,2.2,Aug-26-2021,Feb-15-2022,Feb-15-2033,Feb-12-2023,100
Sep-15-2033,Verizon Communications Inc. (NYSE:VZ),Corporate Debentures,Verizon Communications Inc. (NYSE:VZ),Senior Unsecured,6.4,246771123,Sep-11-2013,"6,000.00",354.15,111.819,4.953,BBB+,Sep-10-2013,New Rating,-,USD,FALSE,Fixed,Semi-Annual,30/360,Book Entry,99.9,6.409,Sep-18-2013,Mar-15-2014,Mar-15-2033,-,-
Sep-15-2033,Verizon Communications Inc. (NYSE:VZ),Retail Note,Verizon Communications Inc. (NYSE:VZ),Senior Unsecured,2.2,430326631,Sep-20-2021,1.34,1.34,77.842,4.904,BBB+,Sep-13-2021,New Rating,-,USD,FALSE,Fixed,Semi-Annual,30/360,Book Entry,100,2.2,Sep-23-2021,Mar-15-2022,Mar-15-2033,Feb-12-2023,100
Sep-15-2033,Verizon Communications Inc. (NYSE:VZ),Retail Note,Verizon Communications Inc. (NYSE:VZ),Senior Unsecured,2.25,1682252502,Sep-27-2021,2.83,2.83,78.3,4.897,BBB+,Sep-22-2021,New Rating,-,USD,FALSE,Fixed,Semi-Annual,30/360,Book Entry,100,2.25,Sep-30-2021,Mar-15-2022,Mar-15-2033,Feb-12-2023,100
Nov-15-2033,Verizon Communications Inc. (NYSE:VZ),Retail Note,Verizon Communications Inc. (NYSE:VZ),Senior Unsecured,2.45,430326643,Nov-08-2021,2.36,2.36,79.213,4.964,BBB+,Nov-02-2021,New Rating,-,USD,FALSE,Fixed,Semi-Annual,30/360,Book Entry,100,2.45,Nov-12-2021,May-15-2022,May-15-2033,Feb-12-2023,100
Nov-15-2033,Verizon Communications Inc. (NYSE:VZ),Retail Note,Verizon Communications Inc. (NYSE:VZ),Senior Unsecured,2.35,430326645,Nov-15-2021,1.1,1.1,75.593,5.361,BBB+,Nov-08-2021,New Rating,-,USD,FALSE,Fixed,Semi-Annual,30/360,Book Entry,100,2.35,Nov-18-2021,May-15-2022,May-15-2033,Feb-12-2023,100
Nov-15-2033,Verizon Communications Inc. (NYSE:VZ),Retail Note,Verizon Communications Inc. (NYSE:VZ),Senior Unsecured,2.45,430326647,Nov-22-2021,1.17,1.17,76.493,5.348,BBB+,Nov-15-2021,New Rating,-,USD,FALSE,Fixed,Semi-Annual,30/360,Book Entry,100,2.45,Nov-26-2021,May-15-2022,May-15-2033,Feb-12-2023,100
Dec-15-2033,Verizon Communications Inc. (NYSE:VZ),Retail Note,Verizon Communications Inc. (NYSE:VZ),Senior Unsecured,2.55,430326650,Dec-06-2021,2.21,2.21,78.42,5.172,BBB+,Nov-30-2021,New Rating,-,USD,FALSE,Fixed,Semi-Annual,30/360,Book Entry,100,2.55,Dec-09-2021,Jun-15-2022,Jun-15-2033,Feb-12-2023,100
Dec-15-2033,Verizon Communications Inc. (NYSE:VZ),Retail Note,Verizon Communications Inc. (NYSE:VZ),Senior Unsecured,2.4,430326652,Dec-13-2021,0.76,0.76,79.113,4.903,BBB+,Dec-06-2021,New Rating,-,USD,FALSE,Fixed,Semi-Annual,30/360,Book Entry,100,2.4,Dec-16-2021,Jun-15-2022,Jun-15-2033,Feb-12-2023,100
Feb-17-2034,Verizon Communications Inc. (NYSE:VZ),Foreign Currency Debenture,Verizon Communications Inc. (NYSE:VZ),Senior Unsecured,4.75,256827812,Feb-05-2014,"1,385.61","1,043.15",102.404,4.42,BBB+,Feb-05-2014,New Rating,-,GBP,FALSE,Fixed,Annual,ACT/ACT,Book Entry,99.607,4.781,Feb-12-2014,Feb-17-2015,Feb-17-2033,-,-
Mar-15-2034,Verizon Communications Inc. (NYSE:VZ),Corporate Debentures,Verizon Communications Inc. (NYSE:VZ),Senior Unsecured,5.05,261995116,Mar-10-2014,"1,250.00",173.19,96.891,5.426,BBB+,Mar-10-2014,New Rating,-,USD,FALSE,Fixed,Semi-Annual,30/360,Book Entry,99.925,5.056,Mar-17-2014,Sep-15-2014,Sep-15-2033,Dec-15-2033,100
May-15-2034,Verizon Communications Inc. (NYSE:VZ),Retail Note,Verizon Communications Inc. (NYSE:VZ),Senior Unsecured,4.3,430326658,May-09-2022,0.33,0.33,94.818,4.903,BBB+,May-02-2022,New Rating,-,USD,FALSE,Fixed,Semi-Annual,30/360,Book Entry,100,4.3,May-12-2022,Nov-15-2022,Nov-15-2033,May-15-2023,100
May-15-2034,Verizon Communications Inc. (NYSE:VZ),Retail Note,Verizon Communications Inc. (NYSE:VZ),Senior Unsecured,4.55,430326661,May-16-2022,0.64,0.64,97.015,4.897,BBB+,May-09-2022,New Rating,-,USD,FALSE,Fixed,Semi-Annual,30/360,Book Entry,100,4.55,May-19-2022,Nov-15-2022,Nov-15-2033,May-15-2023,100
Oct-31-2034,Verizon Communications Inc. (NYSE:VZ),Foreign Currency Debenture,Verizon Communications Inc. (NYSE:VZ),Senior Unsecured,4.75,1806155597,Oct-24-2022,"1,250.00","1,250.00",110.8,3.585,BBB+,Oct-24-2022,New Rating,-,USD,FALSE,Fixed,Annual,ACT/ACT,Book Entry,99.892,4.762,Oct-31-2022,Oct-31-2023,Oct-31-2033,Jul-31-2034,100
Nov-01-2034,Verizon Communications Inc. (NYSE:VZ),Corporate Debentures,Verizon Communications Inc. (NYSE:VZ),Senior Unsecured,4.4,275132956,Oct-22-2014,"2,500.00","1,888.45",97.904,4.633,BBB+,Oct-22-2014,New Rating,-,USD,FALSE,Fixed,Semi-Annual,30/360,Book Entry,99.276,4.455,Oct-29-2014,May-01-2015,May-01-2034,May-01-2034,100
Sep-15-2035,Verizon Global Funding Corp.,Corporate Debentures,Verizon Communications Inc. (NYSE:VZ),Senior Unsecured,5.85,236355175,Sep-08-2005,"1,000.00",420.21,107.217,5.068,BBB+,May-31-2018,New Rating,-,USD,FALSE,Fixed,Semi-Annual,30/360,Book Entry,99.286,5.901,Sep-13-2005,Mar-15-2006,Mar-15-2035,-,-
Sep-19-2035,Verizon Communications Inc. (NYSE:VZ),Foreign Currency Debenture,Verizon Communications Inc. (NYSE:VZ),Senior Unsecured,1.125,707712763,Mar-15-2021,894.99,820.03,75.076,3.62,BBB+,Mar-15-2021,New Rating,-,EUR,FALSE,Fixed,Annual,ACT/ACT,Book Entry,98.458,1.242,Mar-22-2021,Sep-19-2021,Sep-19-2034,Jun-19-2035,100
Nov-02-2035,Verizon Communications Inc. (NYSE:VZ),Foreign Currency Debenture,Verizon Communications Inc. (NYSE:VZ),Senior Unsecured,3.125,407965351,Oct-26-2016,550.61,552.26,86.28,4.568,BBB+,Oct-24-2016,New Rating,-,GBP,FALSE,Fixed,Semi-Annual,30/360,Book Entry,4.75,3.191,Nov-02-2016,May-02-2017,May-02-2035,-,-
Jan-15-2036,Verizon Communications Inc. (NYSE:VZ),Corporate Debentures,Verizon Communications Inc. (NYSE:VZ),Senior Unsecured,4.272,285219923,Jul-24-2015,"2,867.15","1,822.41",94.949,4.8,BBB+,Feb-11-2015,New Rating,-,USD,FALSE,Fixed,Semi-Annual,30/360,Book Entry,-,-,Jul-15-2015,Jan-15-2016,Jul-15-2035,-,-
Oct-27-2036,Verizon Communications Inc. (NYSE:VZ),Foreign Currency Debenture,Verizon Communications Inc. (NYSE:VZ),Senior Unsecured,3.375,541445836,Oct-23-2017,"1,318.08","1,227.23",87.581,4.615,BBB+,Oct-25-2017,New Rating,-,GBP,FALSE,Fixed,Annual,30/360,Book Entry,98.631,3.475,Oct-27-2017,Oct-27-2018,Oct-27-2035,-,-
Mar-16-2037,Verizon Communications Inc. (NYSE:VZ),Corporate Debentures,Verizon Communications Inc. (NYSE:VZ),Senior Unsecured,5.25,423519794,Mar-13-2017,"3,000.00","1,095.06",103.787,4.875,BBB+,Mar-14-2017,New Rating,-,USD,FALSE,Fixed,Semi-Annual,30/360,Book Entry,99.23,5.313,Mar-16-2017,Sep-16-2017,Sep-16-2036,-,-
Apr-01-2037,Verizon Communications Inc. (NYSE:VZ),Corporate Debentures,Verizon Communications Inc. (NYSE:VZ),Senior Unsecured,6.25,214795800,Mar-29-2007,750,241.3,109.323,5.304,BBB+,Sep-02-2013,Downgrade,-,USD,FALSE,Fixed,Semi-Annual,30/360,Book Entry,99.171,6.312,Apr-03-2007,Oct-01-2007,Oct-01-2036,-,-
Jan-15-2038,Verizon Communications Inc. (NYSE:VZ),Foreign Currency Debenture,Verizon Communications Inc. (NYSE:VZ),Senior Unsecured,2.875,427305963,Oct-23-2017,"1,761.39","1,640.06",90.04,3.758,BBB+,Oct-25-2017,New Rating,-,EUR,FALSE,Fixed,Annual,30/360,Book Entry,99.432,2.912,Oct-27-2017,Jan-15-2018,Jan-15-2037,-,-
Feb-15-2038,Verizon Communications Inc. (NYSE:VZ),Corporate Debentures,Verizon Communications Inc. (NYSE:VZ),Senior Unsecured,6.4,40884852,Feb-07-2008,"1,750.00",172.07,110.37,5.384,BBB+,Sep-02-2013,Downgrade,-,USD,FALSE,Fixed,Semi-Annual,30/360,Book Entry,99.051,6.472,Feb-12-2008,Aug-15-2008,Aug-15-2037,-,-
Apr-15-2038,Verizon Communications Inc. (NYSE:VZ),Corporate Debentures,Verizon Communications Inc. (NYSE:VZ),Senior Unsecured,6.9,42985957,Apr-01-2008,"1,250.00",152.22,115.171,5.421,BBB+,Sep-02-2013,Downgrade,-,USD,FALSE,Fixed,Semi-Annual,30/360,Book Entry,97.974,7.063,Apr-04-2008,Oct-15-2008,Oct-15-2037,-,-
Nov-03-2038,Verizon Communications Inc. (NYSE:VZ),Foreign Currency Debenture,Verizon Communications Inc. (NYSE:VZ),Senior Unsecured,1.875,693900664,Oct-29-2020,774.34,736.34,69.119,4.693,BBB+,Oct-29-2020,New Rating,-,GBP,FALSE,Fixed,Annual,ACT/ACT,Book Entry,99.319,1.92,Nov-03-2020,Nov-03-2021,Nov-03-2037,Aug-03-2038,100
Mar-01-2039,Verizon Communications Inc. (NYSE:VZ),Corporate Debentures,Verizon Communications Inc. (NYSE:VZ),Senior Unsecured,8.95,49962090,Oct-30-2008,"1,250.00",107.16,133.205,5.755,BBB+,Sep-02-2013,Downgrade,-,USD,FALSE,Fixed,Semi-Annual,30/360,Book Entry,97.483,9.195,Nov-04-2008,Mar-01-2009,Sep-01-2038,-,-
Mar-15-2039,Verizon Communications Inc. (NYSE:VZ),Corporate Debentures,Verizon Communications Inc. (NYSE:VZ),Senior Unsecured,4.812,417622778,Jun-07-2017,"1,706.30","1,136.13",98.319,4.964,BBB+,Feb-15-2017,New Rating,-,USD,FALSE,Fixed,Semi-Annual,30/360,Book Entry,-,-,Mar-15-2017,Sep-15-2017,Sep-15-2038,-,-
Mar-15-2039,Verizon Communications Inc. (NYSE:VZ),Retail Note,Verizon Communications Inc. (NYSE:VZ),Senior Unsecured,4.25,430326531,Mar-25-2019,6.19,6.19,86.161,5.561,BBB+,Mar-18-2019,New Rating,-,USD,FALSE,Fixed,Semi-Annual,30/360,Book Entry,100,4.25,Mar-28-2019,Sep-15-2019,Sep-15-2038,Mar-15-2023,100
Apr-01-2039,Verizon Communications Inc. (NYSE:VZ),Corporate Debentures,Verizon Communications Inc. (NYSE:VZ),Senior Unsecured,7.35,54287328,Mar-24-2009,"1,000.00",112.2,119.483,5.512,BBB+,Sep-02-2013,Downgrade,-,USD,FALSE,Fixed,Semi-Annual,30/360,Book Entry,98.288,7.494,Mar-27-2009,Oct-01-2009,Oct-01-2038,-,-
Apr-15-2039,Verizon Communications Inc. (NYSE:VZ),Retail Note,Verizon Communications Inc. (NYSE:VZ),Senior Unsecured,4.05,430326533,Apr-01-2019,2.24,2.24,82.982,5.669,BBB+,Mar-25-2019,New Rating,-,USD,FALSE,Fixed,Semi-Annual,30/360,Book Entry,100,4.05,Apr-04-2019,Oct-15-2019,Oct-15-2038,Apr-15-2023,100
May-15-2039,Verizon Communications Inc. (NYSE:VZ),Retail Note,Verizon Communications Inc. (NYSE:VZ),Senior Unsecured,4,430326535,May-06-2019,6.7,6.7,86.938,5.199,BBB+,Apr-29-2019,New Rating,-,USD,FALSE,Fixed,Semi-Annual,30/360,Book Entry,100,4,May-09-2019,Nov-15-2019,Nov-15-2038,May-15-2023,100
May-15-2039,Verizon Communications Inc. (NYSE:VZ),Retail Note,Verizon Communications Inc. (NYSE:VZ),Senior Unsecured,4,430326537,May-13-2019,5.67,5.67,84.51,5.447,BBB+,May-06-2019,New Rating,-,USD,FALSE,Fixed,Semi-Annual,30/360,Book Entry,100,4,May-16-2019,Nov-15-2019,Nov-15-2038,May-15-2023,100
May-15-2039,Verizon Communications Inc. (NYSE:VZ),Retail Note,Verizon Communications Inc. (NYSE:VZ),Senior Unsecured,4,430326547,May-20-2019,5.58,5.58,82.936,5.612,BBB+,May-13-2019,New Rating,-,USD,FALSE,Fixed,Semi-Annual,30/360,Book Entry,100,4,May-23-2019,Nov-15-2019,Nov-15-2038,May-15-2023,100
Sep-19-2039,Verizon Communications Inc. (NYSE:VZ),Foreign Currency Debenture,Verizon Communications Inc. (NYSE:VZ),Senior Unsecured,1.5,634573212,Sep-09-2019,552.91,546.69,72.103,3.793,BBB+,Sep-11-2019,New Rating,-,EUR,FALSE,Fixed,Annual,ACT/ACT,Book Entry,98.823,1.597,Sep-19-2019,Sep-19-2020,Sep-19-2038,Mar-19-2039,100
Nov-04-2039,Verizon Communications Inc. (NYSE:VZ),Corporate Debentures,Verizon Communications Inc. (NYSE:VZ),Senior Unsecured,3.5,643026021,Nov-06-2019,344.59,354.56,69.096,6.573,BBB+,Nov-01-2019,New Rating,-,AUD,FALSE,Fixed,Semi-Annual,ACT/365,Global Security,100.019,-,Nov-06-2019,May-04-2020,-,-,-
May-18-2040,Verizon Communications Inc. (NYSE:VZ),Foreign Currency Debenture,Verizon Communications Inc. (NYSE:VZ),Senior Unsecured,1.85,645650791,May-12-2020,869.47,874.7,75.513,3.81,BBB+,May-12-2020,New Rating,-,EUR,FALSE,Fixed,Annual,ACT/ACT,Book Entry,99.983,1.851,May-18-2020,May-18-2021,May-18-2039,Nov-18-2039,100
Nov-20-2040,Verizon Communications Inc. (NYSE:VZ),Corporate Debentures,Verizon Communications Inc. (NYSE:VZ),Senior Unsecured,2.65,694525286,Nov-10-2020,"3,000.00","3,000.00",73.86,4.862,BBB+,Nov-10-2020,New Rating,-,USD,FALSE,Fixed,Semi-Annual,30/360,Book Entry,99.907,2.656,Nov-20-2020,May-20-2021,May-20-2040,May-20-2040,100
Mar-22-2041,Verizon Communications Inc. (NYSE:VZ),Corporate Debentures,Verizon Communications Inc. (NYSE:VZ),Senior Unsecured,3.4,707377293,Mar-11-2021,"3,750.00","3,750.00",82.764,4.838,BBB+,Mar-11-2021,New Rating,-,USD,FALSE,Fixed,Semi-Annual,30/360,Book Entry,99.942,3.404,Mar-22-2021,Sep-22-2021,Sep-22-2040,Sep-22-2040,100
Mar-23-2041,Verizon Communications Inc. (NYSE:VZ),Corporate Debentures,Verizon Communications Inc. (NYSE:VZ),Senior Unsecured,3.85,708729901,Mar-23-2021,115.06,106.37,70.847,6.639,BBB+,Mar-22-2021,New Rating,-,AUD,FALSE,Fixed,Semi-Annual,ACT/ACT,Global Security,100,-,Mar-23-2021,Sep-23-2021,-,Sep-23-2040,100
Apr-01-2041,Verizon Communications Inc. (NYSE:VZ),Corporate Debentures,Verizon Communications Inc. (NYSE:VZ),Senior Unsecured,6,130777049,Mar-23-2011,"1,000.00",122.14,103.111,5.721,BBB+,Sep-02-2013,Downgrade,-,USD,FALSE,Fixed,Semi-Annual,30/360,Book Entry,98.333,6.122,Mar-28-2011,Oct-01-2011,Oct-01-2040,-,-
Sep-03-2041,Verizon Communications Inc. (NYSE:VZ),Corporate Debentures,Verizon Communications Inc. (NYSE:VZ),Senior Unsecured,2.85,1680021304,Sep-01-2021,"1,000.00","1,000.00",75.584,4.861,BBB+,Sep-14-2021,New Rating,-,USD,FALSE,Fixed,Semi-Annual,30/360,Book Entry,99.758,2.866,Sep-03-2021,Mar-03-2022,Mar-03-2041,Mar-03-2041,100
Nov-01-2041,Verizon Communications Inc. (NYSE:VZ),Corporate Debentures,Verizon Communications Inc. (NYSE:VZ),Senior Unsecured,4.75,142298986,Oct-27-2011,750,487.8,97.43,4.962,BBB+,Sep-02-2013,Downgrade,-,USD,FALSE,Fixed,Semi-Annual,30/360,Book Entry,99.068,4.809,Nov-03-2011,May-01-2012,May-01-2041,-,-
Nov-01-2042,Verizon Communications Inc. (NYSE:VZ),Corporate Debentures,Verizon Communications Inc. (NYSE:VZ),Senior Unsecured,3.85,531930730,Nov-02-2012,"1,250.00",715.5,86.508,4.926,BBB+,Sep-02-2013,Downgrade,-,USD,FALSE,Fixed,Semi-Annual,30/360,Book Entry,99.859,3.858,Nov-07-2012,May-01-2013,May-01-2042,May-01-2042,100
Sep-15-2043,Verizon Communications Inc. (NYSE:VZ),Corporate Debentures,Verizon Communications Inc. (NYSE:VZ),Senior Unsecured,6.55,246363685,Sep-11-2013,"15,000.00",803.36,117.392,5.168,BBB+,Sep-10-2013,New Rating,-,USD,FALSE,Fixed,Semi-Annual,30/360,Book Entry,99.883,6.559,Sep-18-2013,Mar-15-2014,Mar-15-2043,-,-
Aug-15-2046,Verizon Communications Inc. (NYSE:VZ),Corporate Debentures,Verizon Communications Inc. (NYSE:VZ),Senior Unsecured,4.125,378429084,Jul-27-2016,"1,500.00",926.86,88.648,4.947,BBB+,Jul-28-2016,New Rating,-,USD,FALSE,Fixed,Semi-Annual,30/360,Book Entry,99.947,4.128,Aug-01-2016,Feb-15-2017,Feb-15-2046,Feb-15-2046,100
Aug-21-2046,Verizon Communications Inc. (NYSE:VZ),Corporate Debentures,Verizon Communications Inc. (NYSE:VZ),Senior Unsecured,4.862,269125054,Feb-11-2015,"4,500.04","2,359.96",98.438,4.975,BBB+,Jul-24-2014,New Rating,-,USD,FALSE,Fixed,Semi-Annual,30/360,Book Entry,-,-,Feb-21-2015,Aug-21-2015,Feb-21-2046,-,-
Mar-16-2047,Verizon Communications Inc. (NYSE:VZ),Corporate Debentures,Verizon Communications Inc. (NYSE:VZ),Senior Unsecured,5.5,423519795,Mar-13-2017,"1,500.00",457.34,105.015,5.135,BBB+,Mar-14-2017,New Rating,-,USD,FALSE,Fixed,Semi-Annual,30/360,Book Entry,99.81,5.513,Mar-16-2017,Sep-16-2017,Sep-16-2046,-,-
May-15-2047,Verizon Communications Inc. (NYSE:VZ),Retail Note,Verizon Communications Inc. (NYSE:VZ),Senior Unsecured,4.9,431126312,May-22-2017,207.02,207.02,92.87,5.432,BBB+,May-23-2017,New Rating,-,USD,FALSE,Fixed,Semi-Annual,30/360,Book Entry,100,4.9,May-25-2017,Nov-15-2017,Nov-15-2046,Mar-04-2023,100
Jun-15-2047,Verizon Communications Inc. (NYSE:VZ),Retail Note,Verizon Communications Inc. (NYSE:VZ),Senior Unsecured,4.75,430327350,Jun-05-2017,31.28,31.28,89.531,5.538,BBB+,May-30-2017,New Rating,-,USD,FALSE,Fixed,Semi-Annual,30/360,Book Entry,100,4.75,Jun-08-2017,Dec-15-2017,Dec-15-2046,Jun-15-2023,100
Jun-15-2047,Verizon Communications Inc. (NYSE:VZ),Retail Note,Verizon Communications Inc. (NYSE:VZ),Senior Unsecured,4.7,430327354,Jun-19-2017,32.91,32.91,92.818,5.224,BBB+,Jun-12-2017,New Rating,-,USD,FALSE,Fixed,Semi-Annual,30/360,Book Entry,100,4.7,Jun-22-2017,Dec-15-2017,Dec-15-2046,Mar-04-2023,100
Jul-15-2047,Verizon Communications Inc. (NYSE:VZ),Retail Note,Verizon Communications Inc. (NYSE:VZ),Senior Unsecured,4.55,430327358,Jul-03-2017,16.92,16.92,86.133,5.598,BBB+,Jun-27-2017,New Rating,-,USD,FALSE,Fixed,Semi-Annual,30/360,Book Entry,100,4.55,Jul-07-2017,Jan-15-2018,Jan-15-2047,Mar-04-2023,100
Aug-15-2047,Verizon Communications Inc. (NYSE:VZ),Retail Note,Verizon Communications Inc. (NYSE:VZ),Senior Unsecured,4.8,430327360,Aug-07-2017,49.68,49.68,91.674,5.417,BBB+,Jul-31-2017,New Rating,-,USD,FALSE,Fixed,Semi-Annual,30/360,Book Entry,100,4.8,Aug-10-2017,Feb-15-2018,Feb-15-2047,Mar-04-2023,100
Aug-15-2047,Verizon Communications Inc. (NYSE:VZ),Retail Note,Verizon Communications Inc. (NYSE:VZ),Senior Unsecured,4.8,430327362,Aug-14-2017,22.76,22.76,91.504,5.431,BBB+,Aug-07-2017,New Rating,-,USD,FALSE,Fixed,Semi-Annual,30/360,Book Entry,100,4.8,Aug-17-2017,Feb-15-2018,Feb-15-2047,Mar-04-2023,100
Aug-15-2047,Verizon Communications Inc. (NYSE:VZ),Retail Note,Verizon Communications Inc. (NYSE:VZ),Senior Unsecured,4.9,430327364,Aug-21-2017,38.83,38.83,92.074,5.492,BBB+,Aug-14-2017,New Rating,-,USD,FALSE,Fixed,Semi-Annual,30/360,Book Entry,100,4.9,Aug-24-2017,Feb-15-2018,Feb-15-2047,Mar-04-2023,100
Aug-15-2047,Verizon Communications Inc. (NYSE:VZ),Retail Note,Verizon Communications Inc. (NYSE:VZ),Senior Unsecured,4.85,430327366,Aug-28-2017,28.26,28.26,91.578,5.478,BBB+,Aug-21-2017,New Rating,-,USD,FALSE,Fixed,Semi-Annual,30/360,Book Entry,100,4.85,Aug-31-2017,Feb-15-2018,Feb-15-2047,Mar-04-2023,100
Sep-15-2047,Verizon Communications Inc. (NYSE:VZ),Retail Note,Verizon Communications Inc. (NYSE:VZ),Senior Unsecured,4.75,430326420,Sep-18-2017,16.78,16.78,90.858,5.427,BBB+,Sep-11-2017,New Rating,-,USD,FALSE,Fixed,Semi-Annual,30/360,Book Entry,100,4.75,Sep-21-2017,Mar-15-2018,Mar-15-2047,Mar-04-2023,100
Sep-15-2047,Verizon Communications Inc. (NYSE:VZ),Corporate Debentures,Verizon Communications Inc. (NYSE:VZ),Senior Unsecured,4.7,430326422,Sep-25-2017,32.93,32.93,87.165,5.674,BBB+,Sep-18-2017,New Rating,-,USD,FALSE,Fixed,Semi-Annual,30/360,Book Entry,100,4.7,Sep-28-2017,Mar-15-2018,Mar-15-2047,-,-
Sep-15-2047,Verizon Communications Inc. (NYSE:VZ),Retail Note,Verizon Communications Inc. (NYSE:VZ),Senior Unsecured,4.75,430327367,Sep-11-2017,17.1,17.1,83.564,6.041,BBB+,Sep-05-2017,New Rating,-,USD,FALSE,Fixed,Semi-Annual,30/360,Book Entry,100,4.75,Sep-14-2017,Mar-15-2018,Mar-15-2047,Mar-04-2023,100
Nov-15-2047,Verizon Communications Inc. (NYSE:VZ),Retail Note,Verizon Communications Inc. (NYSE:VZ),Senior Unsecured,4.7,430326424,Oct-30-2017,44.21,44.21,88.803,5.535,BBB+,Oct-24-2017,New Rating,-,USD,FALSE,Fixed,Semi-Annual,30/360,Book Entry,100,4.7,Nov-02-2017,May-15-2018,May-15-2047,Mar-04-2023,100
Nov-15-2047,Verizon Communications Inc. (NYSE:VZ),Retail Note,Verizon Communications Inc. (NYSE:VZ),Senior Unsecured,4.7,430326426,Nov-06-2017,36.76,36.76,90.984,5.361,BBB+,Oct-30-2017,New Rating,-,USD,FALSE,Fixed,Semi-Annual,30/360,Book Entry,100,4.7,Nov-09-2017,May-15-2018,May-15-2047,Mar-04-2023,100
Nov-15-2047,Verizon Communications Inc. (NYSE:VZ),Retail Note,Verizon Communications Inc. (NYSE:VZ),Senior Unsecured,4.65,430326428,Nov-13-2017,16.76,16.76,85.59,5.747,BBB+,Nov-06-2017,New Rating,-,USD,FALSE,Fixed,Semi-Annual,30/360,Book Entry,100,4.65,Nov-16-2017,May-15-2018,May-15-2047,Mar-04-2023,100
Nov-15-2047,Verizon Communications Inc. (NYSE:VZ),Retail Note,Verizon Communications Inc. (NYSE:VZ),Senior Unsecured,4.65,430326430,Nov-20-2017,22.36,22.36,90.332,5.359,BBB+,Nov-14-2017,New Rating,-,USD,FALSE,Fixed,Semi-Annual,30/360,Book Entry,100,4.65,Nov-24-2017,May-15-2018,May-15-2047,Mar-04-2023,100
Dec-15-2047,Verizon Communications Inc. (NYSE:VZ),Retail Note,Verizon Communications Inc. (NYSE:VZ),Senior Unsecured,4.55,430326432,Dec-04-2017,19.02,19.02,87.081,5.51,BBB+,Nov-27-2017,New Rating,-,USD,FALSE,Fixed,Semi-Annual,30/360,Book Entry,100,4.55,Dec-07-2017,Jun-15-2018,Jun-15-2047,Mar-04-2023,100
Dec-15-2047,Verizon Communications Inc. (NYSE:VZ),Retail Note,Verizon Communications Inc. (NYSE:VZ),Senior Unsecured,4.5,430326434,Dec-11-2017,15.54,15.54,86.903,5.47,BBB+,Dec-04-2017,New Rating,-,USD,FALSE,Fixed,Semi-Annual,30/360,Book Entry,100,4.5,Dec-14-2017,Jun-15-2018,Jun-15-2047,Mar-04-2023,100
Dec-15-2047,Verizon Communications Inc. (NYSE:VZ),Retail Note,Verizon Communications Inc. (NYSE:VZ),Senior Unsecured,4.5,430326436,Dec-18-2017,27.18,27.18,84.417,5.677,BBB+,Dec-11-2017,New Rating,-,USD,FALSE,Fixed,Semi-Annual,30/360,Book Entry,100,4.5,Dec-21-2017,Jun-15-2018,Jun-15-2047,Mar-04-2023,100
Feb-15-2048,Verizon Communications Inc. (NYSE:VZ),Retail Note,Verizon Communications Inc. (NYSE:VZ),Senior Unsecured,4.55,430326437,Jan-29-2018,15.07,15.07,85.896,5.605,BBB+,Jan-24-2018,New Rating,-,USD,FALSE,Fixed,Semi-Annual,30/360,Book Entry,100,4.55,Feb-01-2018,Aug-15-2018,Aug-15-2047,Mar-04-2023,100
Feb-15-2048,Verizon Communications Inc. (NYSE:VZ),Retail Note,Verizon Communications Inc. (NYSE:VZ),Senior Unsecured,4.45,430326439,Feb-05-2018,5.98,5.98,81.974,5.828,BBB+,Jan-29-2018,New Rating,-,USD,FALSE,Fixed,Semi-Annual,30/360,Book Entry,100,4.45,Feb-08-2018,Aug-15-2018,Aug-15-2047,Mar-04-2023,100
Feb-15-2048,Verizon Communications Inc. (NYSE:VZ),Retail Note,Verizon Communications Inc. (NYSE:VZ),Senior Unsecured,4.55,430326441,Feb-12-2018,4.84,4.84,82.361,5.908,BBB+,Feb-05-2018,New Rating,-,USD,FALSE,Fixed,Semi-Annual,30/360,Book Entry,100,4.55,Feb-15-2018,Aug-15-2018,Aug-15-2047,Mar-04-2023,100
Feb-15-2048,Verizon Communications Inc. (NYSE:VZ),Retail Note,Verizon Communications Inc. (NYSE:VZ),Senior Unsecured,4.75,430326451,Feb-20-2018,13.62,13.62,88.594,5.603,BBB+,Feb-12-2018,New Rating,-,USD,FALSE,Fixed,Semi-Annual,30/360,Book Entry,100,4.75,Feb-23-2018,Aug-15-2018,Aug-15-2047,Mar-04-2023,100
Mar-15-2048,Verizon Communications Inc. (NYSE:VZ),Retail Note,Verizon Communications Inc. (NYSE:VZ),Senior Unsecured,4.75,430326453,Mar-05-2018,9.56,9.56,86.038,5.814,BBB+,Feb-26-2018,New Rating,-,USD,FALSE,Fixed,Semi-Annual,30/360,Book Entry,100,4.75,Mar-08-2018,Sep-15-2018,Sep-15-2047,Mar-15-2023,100
Mar-15-2048,Verizon Communications Inc. (NYSE:VZ),Retail Note,Verizon Communications Inc. (NYSE:VZ),Senior Unsecured,4.75,430326455,Mar-12-2018,7.5,7.5,87.268,5.71,BBB+,Mar-05-2018,New Rating,-,USD,FALSE,Fixed,Semi-Annual,30/360,Book Entry,100,4.75,Mar-15-2018,Sep-15-2018,Sep-15-2047,Mar-15-2023,100
Mar-15-2048,Verizon Communications Inc. (NYSE:VZ),Retail Note,Verizon Communications Inc. (NYSE:VZ),Senior Unsecured,4.75,430326457,Mar-19-2018,7.79,7.79,87.123,5.722,BBB+,Mar-14-2018,New Rating,-,USD,FALSE,Fixed,Semi-Annual,30/360,Book Entry,100,4.75,Mar-22-2018,Sep-15-2018,Sep-15-2047,Mar-15-2023,100
Mar-15-2048,Verizon Communications Inc. (NYSE:VZ),Retail Note,Verizon Communications Inc. (NYSE:VZ),Senior Unsecured,4.8,430326459,Mar-26-2018,8.66,8.66,87.693,5.73,BBB+,Mar-19-2018,New Rating,-,USD,FALSE,Fixed,Semi-Annual,30/360,Book Entry,100,4.8,Mar-29-2018,Sep-15-2018,Sep-15-2047,Mar-15-2023,100
Apr-15-2048,Verizon Communications Inc. (NYSE:VZ),Retail Note,Verizon Communications Inc. (NYSE:VZ),Senior Unsecured,4.85,430326461,Apr-02-2018,16.62,16.62,89.69,5.619,BBB+,Mar-26-2018,New Rating,-,USD,FALSE,Fixed,Semi-Annual,30/360,Book Entry,100,4.85,Apr-05-2018,Oct-15-2018,Oct-15-2047,Apr-15-2023,100
May-15-2048,Verizon Communications Inc. (NYSE:VZ),Retail Note,Verizon Communications Inc. (NYSE:VZ),Senior Unsecured,4.85,430326462,Apr-30-2018,4.53,4.53,89.265,5.652,BBB+,Apr-25-2018,New Rating,-,USD,FALSE,Fixed,Semi-Annual,30/360,Book Entry,100,4.85,May-03-2018,Nov-15-2018,Nov-15-2047,May-15-2023,100
May-15-2048,Verizon Communications Inc. (NYSE:VZ),Retail Note,Verizon Communications Inc. (NYSE:VZ),Senior Unsecured,4.85,430326463,May-07-2018,7.21,7.21,87.713,5.78,BBB+,Apr-30-2018,New Rating,-,USD,FALSE,Fixed,Semi-Annual,30/360,Book Entry,100,4.85,May-10-2018,Nov-15-2018,Nov-15-2047,May-15-2023,100
May-15-2048,Verizon Communications Inc. (NYSE:VZ),Retail Note,Verizon Communications Inc. (NYSE:VZ),Senior Unsecured,4.9,430326465,May-14-2018,9.69,9.69,87.671,5.838,BBB+,May-07-2018,New Rating,-,USD,FALSE,Fixed,Semi-Annual,30/360,Book Entry,100,4.9,May-17-2018,Nov-15-2018,Nov-15-2047,May-15-2023,100
May-15-2048,Verizon Communications Inc. (NYSE:VZ),Retail Note,Verizon Communications Inc. (NYSE:VZ),Senior Unsecured,4.85,430326467,May-21-2018,4.69,4.69,87.033,5.837,BBB+,May-14-2018,New Rating,-,USD,FALSE,Fixed,Semi-Annual,30/360,Book Entry,100,4.85,May-24-2018,Nov-15-2018,Nov-15-2047,May-15-2023,100
Jun-15-2048,Verizon Communications Inc. (NYSE:VZ),Retail Note,Verizon Communications Inc. (NYSE:VZ),Senior Unsecured,5,430326469,May-29-2018,51.59,51.59,93.294,5.493,BBB+,May-21-2018,New Rating,-,USD,FALSE,Fixed,Semi-Annual,30/360,Book Entry,100,5,Jun-01-2018,Dec-15-2018,Dec-15-2047,Jun-15-2023,100
Jun-15-2048,Verizon Communications Inc. (NYSE:VZ),Retail Note,Verizon Communications Inc. (NYSE:VZ),Senior Unsecured,4.95,430326471,Jun-18-2018,9.71,9.71,87.902,5.873,BBB+,Jun-11-2018,New Rating,-,USD,FALSE,Fixed,Semi-Annual,30/360,Book Entry,100,4.95,Jun-21-2018,Dec-15-2018,Dec-15-2047,Jun-15-2023,100
Jun-15-2048,Verizon Communications Inc. (NYSE:VZ),Retail Note,Verizon Communications Inc. (NYSE:VZ),Senior Unsecured,4.9,430326473,Jun-25-2018,11.01,11.01,90.555,5.602,BBB+,Jun-18-2018,New Rating,-,USD,FALSE,Fixed,Semi-Annual,30/360,Book Entry,100,4.9,Jun-28-2018,Dec-15-2018,Dec-15-2047,Jun-15-2023,100
Jul-15-2048,Verizon Communications Inc. (NYSE:VZ),Retail Note,Verizon Communications Inc. (NYSE:VZ),Senior Unsecured,5.05,430326483,Jul-02-2018,37.63,37.63,92.824,5.581,BBB+,Jun-25-2018,New Rating,-,USD,FALSE,Fixed,Semi-Annual,30/360,Book Entry,100,5.05,Jul-06-2018,Jan-15-2019,Jan-15-2048,Jul-15-2023,100
Aug-15-2048,Verizon Communications Inc. (NYSE:VZ),Retail Note,Verizon Communications Inc. (NYSE:VZ),Senior Unsecured,4.8,430326485,Jul-30-2018,5.76,5.76,85.34,5.921,BBB+,Jul-25-2018,New Rating,-,USD,FALSE,Fixed,Semi-Annual,30/360,Book Entry,100,4.8,Aug-02-2018,Feb-15-2019,Feb-15-2048,Aug-15-2023,100
Aug-15-2048,Verizon Communications Inc. (NYSE:VZ),Retail Note,Verizon Communications Inc. (NYSE:VZ),Senior Unsecured,4.7,430326487,Aug-06-2018,2.62,2.62,84.314,5.896,BBB+,Jul-30-2018,New Rating,-,USD,FALSE,Fixed,Semi-Annual,30/360,Book Entry,100,4.7,Aug-09-2018,Feb-15-2019,Feb-15-2048,Aug-15-2023,100
Aug-15-2048,Verizon Communications Inc. (NYSE:VZ),Retail Note,Verizon Communications Inc. (NYSE:VZ),Senior Unsecured,4.65,430326489,Aug-13-2018,3.05,3.05,86.534,5.653,BBB+,Aug-06-2018,New Rating,-,USD,FALSE,Fixed,Semi-Annual,30/360,Book Entry,100,4.65,Aug-16-2018,Feb-15-2019,Feb-15-2048,Aug-15-2023,100
Aug-15-2048,Verizon Communications Inc. (NYSE:VZ),Retail Note,Verizon Communications Inc. (NYSE:VZ),Senior Unsecured,4.8,430326491,Aug-20-2018,5.27,5.27,89.136,5.605,BBB+,Aug-13-2018,New Rating,-,USD,FALSE,Fixed,Semi-Annual,30/360,Book Entry,100,4.8,Aug-23-2018,Feb-15-2019,Feb-15-2048,Aug-15-2023,100
Aug-15-2048,Verizon Communications Inc. (NYSE:VZ),Retail Note,Verizon Communications Inc. (NYSE:VZ),Senior Unsecured,4.65,430326493,Aug-27-2018,2.81,2.81,86.402,5.664,BBB+,Aug-20-2018,New Rating,-,USD,FALSE,Fixed,Semi-Annual,30/360,Book Entry,100,4.65,Aug-30-2018,Feb-15-2019,Feb-15-2048,Aug-15-2023,100
Sep-15-2048,Verizon Communications Inc. (NYSE:VZ),Corporate Debentures,Verizon Communications Inc. (NYSE:VZ),Senior Unsecured,4.522,285219926,Jul-24-2015,"5,000.00","1,246.66",92.73,5.03,BBB+,Feb-11-2015,New Rating,-,USD,FALSE,Fixed,Semi-Annual,30/360,Book Entry,-,-,Mar-13-2015,Sep-15-2015,Mar-15-2048,-,-
Sep-15-2048,Verizon Communications Inc. (NYSE:VZ),Retail Note,Verizon Communications Inc. (NYSE:VZ),Senior Unsecured,4.85,430326495,Sep-10-2018,4.59,4.59,89.836,5.602,BBB+,Sep-04-2018,New Rating,-,USD,FALSE,Fixed,Semi-Annual,30/360,Book Entry,100,4.85,Sep-13-2018,Mar-15-2019,Mar-15-2048,Sep-15-2023,100
Sep-15-2048,Verizon Communications Inc. (NYSE:VZ),Retail Note,Verizon Communications Inc. (NYSE:VZ),Senior Unsecured,4.7,430326497,Sep-17-2018,3.08,3.08,87.385,5.636,BBB+,Sep-10-2018,New Rating,-,USD,FALSE,Fixed,Semi-Annual,30/360,Book Entry,100,4.7,Sep-20-2018,Mar-15-2019,Mar-15-2048,Sep-15-2023,100
Sep-15-2048,Verizon Communications Inc. (NYSE:VZ),Retail Note,Verizon Communications Inc. (NYSE:VZ),Senior Unsecured,4.7,430326499,Sep-24-2018,2.46,2.46,84.492,5.879,BBB+,Sep-17-2018,New Rating,-,USD,FALSE,Fixed,Semi-Annual,30/360,Book Entry,100,4.7,Sep-27-2018,Mar-15-2019,Mar-15-2048,Sep-15-2023,100
Oct-15-2048,Verizon Communications Inc. (NYSE:VZ),Retail Note,Verizon Communications Inc. (NYSE:VZ),Senior Unsecured,4.75,430326501,Oct-01-2018,2.77,2.77,86.372,5.774,BBB+,Sep-24-2018,New Rating,-,USD,FALSE,Fixed,Semi-Annual,30/360,Book Entry,100,4.75,Oct-04-2018,Apr-15-2019,Apr-15-2048,Oct-15-2023,100
Nov-15-2048,Verizon Communications Inc. (NYSE:VZ),Retail Note,Verizon Communications Inc. (NYSE:VZ),Senior Unsecured,5,430326503,Nov-05-2018,8.49,8.49,89.159,5.816,BBB+,Oct-31-2018,New Rating,-,USD,FALSE,Fixed,Semi-Annual,30/360,Book Entry,100,5,Nov-08-2018,May-15-2019,May-15-2048,Nov-15-2023,100
Nov-15-2048,Verizon Communications Inc. (NYSE:VZ),Retail Note,Verizon Communications Inc. (NYSE:VZ),Senior Unsecured,5,430326505,Nov-13-2018,6.1,6.1,91.742,5.609,BBB+,Nov-05-2018,New Rating,-,USD,FALSE,Fixed,Semi-Annual,30/360,Book Entry,100,5,Nov-16-2018,May-15-2019,May-15-2048,Nov-15-2023,100
Nov-15-2048,Verizon Communications Inc. (NYSE:VZ),Retail Note,Verizon Communications Inc. (NYSE:VZ),Senior Unsecured,4.9,430326515,Nov-19-2018,1.3,1.3,87.548,5.84,BBB+,Nov-13-2018,New Rating,-,USD,FALSE,Fixed,Semi-Annual,30/360,Book Entry,100,4.9,Nov-23-2018,May-15-2019,May-15-2048,Nov-15-2023,100
Dec-15-2048,Verizon Communications Inc. (NYSE:VZ),Retail Note,Verizon Communications Inc. (NYSE:VZ),Senior Unsecured,5,430326517,Dec-03-2018,6.6,6.6,90.817,5.681,BBB+,Nov-26-2018,New Rating,-,USD,FALSE,Fixed,Semi-Annual,30/360,Book Entry,100,5,Dec-06-2018,Jun-15-2019,Jun-15-2048,Dec-15-2023,100
Dec-15-2048,Verizon Communications Inc. (NYSE:VZ),Retail Note,Verizon Communications Inc. (NYSE:VZ),Senior Unsecured,4.9,430326519,Dec-17-2018,1.64,1.64,92.287,5.46,BBB+,Dec-11-2018,New Rating,-,USD,FALSE,Fixed,Semi-Annual,30/360,Book Entry,100,4.9,Dec-20-2018,Jun-15-2019,Jun-15-2048,Dec-15-2023,100
Jan-15-2049,Verizon Communications Inc. (NYSE:VZ),Retail Note,Verizon Communications Inc. (NYSE:VZ),Senior Unsecured,4.85,430326521,Jan-07-2019,1.85,1.85,90.198,5.568,BBB+,Jan-02-2019,New Rating,-,USD,FALSE,Fixed,Semi-Annual,30/360,Book Entry,100,4.85,Jan-10-2019,Jul-15-2019,Jul-15-2048,Jan-15-2024,100
Feb-15-2049,Verizon Communications Inc. (NYSE:VZ),Retail Note,Verizon Communications Inc. (NYSE:VZ),Senior Unsecured,4.55,430326523,Feb-25-2019,5.54,5.54,84.84,5.671,BBB+,Feb-19-2019,New Rating,-,USD,FALSE,Fixed,Semi-Annual,30/360,Book Entry,100,4.55,Feb-28-2019,Aug-15-2019,Aug-15-2048,Feb-15-2024,100
Mar-15-2049,Verizon Communications Inc. (NYSE:VZ),Retail Note,Verizon Communications Inc. (NYSE:VZ),Senior Unsecured,4.5,430326525,Mar-04-2019,3.17,3.17,83.27,5.744,BBB+,Feb-25-2019,New Rating,-,USD,FALSE,Fixed,Semi-Annual,30/360,Book Entry,100,4.5,Mar-07-2019,Sep-15-2019,Sep-15-2048,Mar-15-2024,100
Mar-15-2049,Verizon Communications Inc. (NYSE:VZ),Retail Note,Verizon Communications Inc. (NYSE:VZ),Senior Unsecured,4.55,430326527,Mar-11-2019,1.56,1.56,86.553,5.529,BBB+,Mar-04-2019,New Rating,-,USD,FALSE,Fixed,Semi-Annual,30/360,Book Entry,100,4.55,Mar-14-2019,Sep-15-2019,Sep-15-2048,Mar-15-2024,100
Mar-15-2049,Verizon Communications Inc. (NYSE:VZ),Retail Note,Verizon Communications Inc. (NYSE:VZ),Senior Unsecured,4.5,430326529,Mar-18-2019,3.56,3.56,82.653,5.797,BBB+,Mar-11-2019,New Rating,-,USD,FALSE,Fixed,Semi-Annual,30/360,Book Entry,100,4.5,Mar-21-2019,Sep-15-2019,Sep-15-2048,Mar-15-2024,100
Apr-15-2049,Verizon Communications Inc. (NYSE:VZ),Corporate Debentures,Verizon Communications Inc. (NYSE:VZ),Senior Unsecured,5.012,417622779,Jun-07-2017,"4,071.61",696.68,99.217,5.066,BBB+,Feb-15-2017,New Rating,-,USD,FALSE,Fixed,Semi-Annual,30/360,Book Entry,-,-,Apr-15-2017,Oct-15-2017,Oct-15-2048,-,-
May-15-2049,Verizon Communications Inc. (NYSE:VZ),Retail Note,Verizon Communications Inc. (NYSE:VZ),Senior Unsecured,4.05,430326549,May-28-2019,2.71,2.71,77.38,5.725,BBB+,May-20-2019,New Rating,-,USD,FALSE,Fixed,Semi-Annual,30/360,Book Entry,100,4.05,May-31-2019,Nov-15-2019,Nov-15-2048,May-15-2024,100
Jun-15-2049,Verizon Communications Inc. (NYSE:VZ),Retail Note,Verizon Communications Inc. (NYSE:VZ),Senior Unsecured,4.1,430326550,Jun-03-2019,3.56,3.56,78.564,5.677,BBB+,May-28-2019,New Rating,-,USD,FALSE,Fixed,Semi-Annual,30/360,Book Entry,100,4.1,Jun-06-2019,Dec-15-2019,Dec-15-2048,Jun-15-2024,100
Jun-15-2049,Verizon Communications Inc. (NYSE:VZ),Retail Note,Verizon Communications Inc. (NYSE:VZ),Senior Unsecured,4.05,430326551,Jun-10-2019,4.67,4.67,78.711,5.605,BBB+,Jun-03-2019,New Rating,-,USD,FALSE,Fixed,Semi-Annual,30/360,Book Entry,100,4.05,Jun-13-2019,Dec-15-2019,Dec-15-2048,Jun-15-2024,100
Aug-15-2049,Verizon Communications Inc. (NYSE:VZ),Retail Note,Verizon Communications Inc. (NYSE:VZ),Senior Unsecured,3.5,430326554,Aug-19-2019,4.99,4.99,69.801,5.728,BBB+,Aug-12-2019,New Rating,-,USD,FALSE,Fixed,Semi-Annual,30/360,Book Entry,100,3.5,Aug-22-2019,Feb-15-2020,Feb-15-2049,Aug-15-2024,100
Aug-15-2049,Verizon Communications Inc. (NYSE:VZ),Retail Note,Verizon Communications Inc. (NYSE:VZ),Senior Unsecured,3.5,430326557,Aug-26-2019,5.29,5.29,75.424,5.222,BBB+,Aug-20-2019,New Rating,-,USD,FALSE,Fixed,Semi-Annual,30/360,Book Entry,100,3.5,Aug-29-2019,Feb-15-2020,Feb-15-2049,Aug-15-2024,100
Sep-15-2049,Verizon Communications Inc. (NYSE:VZ),Retail Note,Verizon Communications Inc. (NYSE:VZ),Senior Unsecured,3.3,430326559,Sep-16-2019,1.74,1.74,78.767,4.707,BBB+,Sep-09-2019,New Rating,-,USD,FALSE,Fixed,Semi-Annual,30/360,Book Entry,100,3.3,Sep-19-2019,Mar-15-2020,Mar-15-2049,Sep-15-2024,100
Sep-15-2049,Verizon Communications Inc. (NYSE:VZ),Retail Note,Verizon Communications Inc. (NYSE:VZ),Senior Unsecured,3.55,430326561,Sep-23-2019,6.66,6.66,77.448,5.109,BBB+,Sep-16-2019,New Rating,-,USD,FALSE,Fixed,Semi-Annual,30/360,Book Entry,100,3.55,Sep-26-2019,Mar-15-2020,Mar-15-2049,Sep-15-2024,100
Oct-15-2049,Verizon Communications Inc. (NYSE:VZ),Retail Note,Verizon Communications Inc. (NYSE:VZ),Senior Unsecured,3.55,430326563,Sep-30-2019,7.89,7.89,77.816,5.076,BBB+,Sep-23-2019,New Rating,-,USD,FALSE,Fixed,Semi-Annual,30/360,Book Entry,100,3.55,Oct-03-2019,Apr-15-2020,Apr-15-2049,Oct-15-2024,100
Oct-15-2049,Verizon Communications Inc. (NYSE:VZ),Retail Note,Verizon Communications Inc. (NYSE:VZ),Senior Unsecured,3.55,430326565,Oct-07-2019,8.66,8.66,78.631,5.01,BBB+,Oct-01-2019,New Rating,-,USD,FALSE,Fixed,Semi-Annual,30/360,Book Entry,100,3.55,Oct-10-2019,Apr-15-2020,Apr-15-2049,Oct-15-2024,100
Nov-15-2049,Verizon Communications Inc. (NYSE:VZ),Retail Note,Verizon Communications Inc. (NYSE:VZ),Senior Unsecured,3.5,430326567,Nov-12-2019,3.13,3.13,80.314,4.816,BBB+,Nov-04-2019,New Rating,-,USD,FALSE,Fixed,Semi-Annual,30/360,Book Entry,100,3.5,Nov-15-2019,May-15-2020,May-15-2049,Feb-12-2023,100
Nov-15-2049,Verizon Communications Inc. (NYSE:VZ),Retail Note,Verizon Communications Inc. (NYSE:VZ),Senior Unsecured,3.55,430326569,Nov-18-2019,3.74,3.74,78.716,5.001,BBB+,Nov-12-2019,New Rating,-,USD,FALSE,Fixed,Semi-Annual,30/360,Book Entry,100,3.55,Nov-21-2019,May-15-2020,May-15-2049,Feb-12-2023,100
Nov-15-2049,Verizon Communications Inc. (NYSE:VZ),Retail Note,Verizon Communications Inc. (NYSE:VZ),Senior Unsecured,3.5,430326579,Nov-25-2019,4.03,4.03,77.929,5.005,BBB+,Nov-18-2019,New Rating,-,USD,FALSE,Fixed,Semi-Annual,30/360,Book Entry,100,3.5,Nov-29-2019,May-15-2020,May-15-2049,Feb-12-2023,100
Dec-15-2049,Verizon Communications Inc. (NYSE:VZ),Retail Note,Verizon Communications Inc. (NYSE:VZ),Senior Unsecured,3.45,430326581,Dec-02-2019,2.11,2.11,77.46,4.981,BBB+,Nov-25-2019,New Rating,-,USD,FALSE,Fixed,Semi-Annual,30/360,Book Entry,100,3.45,Dec-02-2019,Jun-15-2020,Jun-15-2049,Feb-12-2023,100
Dec-15-2049,Verizon Communications Inc. (NYSE:VZ),Retail Note,Verizon Communications Inc. (NYSE:VZ),Senior Unsecured,3.45,430326583,Dec-09-2019,4.04,4.04,75.373,5.153,BBB+,Dec-02-2019,New Rating,-,USD,FALSE,Fixed,Semi-Annual,30/360,Book Entry,100,3.45,Dec-12-2019,Jun-15-2020,Jun-15-2049,Feb-12-2023,100
Dec-15-2049,Verizon Communications Inc. (NYSE:VZ),Retail Note,Verizon Communications Inc. (NYSE:VZ),Senior Unsecured,3.4,430326585,Dec-16-2019,2.64,2.64,72.327,5.354,BBB+,Dec-09-2019,New Rating,-,USD,FALSE,Fixed,Semi-Annual,30/360,Book Entry,100,3.4,Dec-19-2019,Jun-15-2020,Jun-15-2049,Feb-12-2023,100
Mar-15-2050,Verizon Communications Inc. (NYSE:VZ),Retail Note,Verizon Communications Inc. (NYSE:VZ),Senior Unsecured,3,430326586,Mar-02-2020,3,3,77.854,4.408,BBB+,Feb-25-2020,New Rating,-,USD,FALSE,Fixed,Semi-Annual,30/360,Book Entry,100,3,Mar-05-2020,Sep-15-2020,Sep-15-2049,Feb-12-2023,100
Mar-22-2050,Verizon Communications Inc. (NYSE:VZ),Corporate Debentures,Verizon Communications Inc. (NYSE:VZ),Senior Unsecured,4,659319767,Mar-17-2020,"1,250.00","1,178.00",86.506,4.905,BBB+,Mar-17-2020,New Rating,-,USD,FALSE,Fixed,Semi-Annual,30/360,Book Entry,100,4,Mar-20-2020,Sep-22-2020,Sep-22-2049,Sep-22-2049,100
May-15-2050,Verizon Communications Inc. (NYSE:VZ),Retail Note,Verizon Communications Inc. (NYSE:VZ),Senior Unsecured,2.75,430326588,May-11-2020,0.47,0.47,74.999,4.319,BBB+,May-04-2020,New Rating,-,USD,FALSE,Fixed,Semi-Annual,30/360,Book Entry,100,2.75,May-14-2020,Nov-15-2020,Nov-15-2049,Feb-12-2023,100
May-15-2050,Verizon Communications Inc. (NYSE:VZ),Retail Note,Verizon Communications Inc. (NYSE:VZ),Senior Unsecured,2.95,430326590,May-18-2020,1.57,1.57,73.429,4.685,BBB+,May-12-2020,New Rating,-,USD,FALSE,Fixed,Semi-Annual,30/360,Book Entry,100,2.95,May-21-2020,Nov-15-2020,Nov-15-2049,Feb-12-2023,100
May-15-2050,Verizon Communications Inc. (NYSE:VZ),Retail Note,Verizon Communications Inc. (NYSE:VZ),Senior Unsecured,2.95,430326591,May-26-2020,1.83,1.83,65.236,5.4,BBB+,May-18-2020,New Rating,-,USD,FALSE,Fixed,Semi-Annual,30/360,Book Entry,100,2.95,May-29-2020,Nov-15-2020,Nov-15-2049,Feb-12-2023,100
May-16-2050,Verizon Communications Inc. (NYSE:VZ),Foreign Currency Debenture,Verizon Communications Inc. (NYSE:VZ),Senior Unsecured,3.625,667570781,May-13-2020,213.1,225.36,79.397,5.02,BBB+,May-13-2020,New Rating,-,CAD,FALSE,Fixed,Semi-Annual,30/360,Book Entry,98.827,3.69,May-15-2020,Nov-16-2020,Nov-16-2049,Nov-16-2049,100
Jun-15-2050,Verizon Communications Inc. (NYSE:VZ),Retail Note,Verizon Communications Inc. (NYSE:VZ),Senior Unsecured,2.8,430326593,Jun-08-2020,3.57,3.57,69.367,4.829,BBB+,Jun-02-2020,New Rating,-,USD,FALSE,Fixed,Semi-Annual,30/360,Book Entry,100,2.8,Jun-11-2020,Dec-15-2020,Dec-15-2049,Feb-12-2023,100
Sep-15-2050,Verizon Communications Inc. (NYSE:VZ),Corporate Debentures,Verizon Communications Inc. (NYSE:VZ),Senior Unsecured,5.15,533317885,Aug-01-2017,950,950,99.917,5.281,BBB+,Aug-03-2017,New Rating,-,USD,FALSE,Fixed,Semi-Annual,30/360,Book Entry,100,5.15,Aug-15-2017,Mar-15-2018,Mar-15-2050,Sep-15-2023,100
Nov-15-2050,Verizon Communications Inc. (NYSE:VZ),Retail Note,Verizon Communications Inc. (NYSE:VZ),Senior Unsecured,2.75,430326595,Nov-23-2020,6.16,6.16,74.018,4.375,BBB+,Nov-16-2020,New Rating,-,USD,FALSE,Fixed,Semi-Annual,30/360,Book Entry,100,2.75,Nov-27-2020,May-15-2021,May-15-2050,Feb-12-2023,100
Nov-20-2050,Verizon Communications Inc. (NYSE:VZ),Corporate Debentures,Verizon Communications Inc. (NYSE:VZ),Senior Unsecured,2.875,694525287,Nov-10-2020,"2,750.00","2,750.00",69.801,4.869,BBB+,Nov-10-2020,New Rating,-,USD,FALSE,Fixed,Semi-Annual,30/360,Book Entry,99.74,2.888,Nov-20-2020,May-20-2021,May-20-2050,May-20-2050,100
Dec-15-2050,Verizon Communications Inc. (NYSE:VZ),Retail Note,Verizon Communications Inc. (NYSE:VZ),Senior Unsecured,2.65,430326597,Nov-30-2020,1.26,1.26,57.55,5.712,BBB+,Nov-23-2020,New Rating,-,USD,FALSE,Fixed,Semi-Annual,30/360,Book Entry,100,2.65,Dec-03-2020,Jun-15-2021,Jun-15-2050,Feb-12-2023,100
Mar-15-2051,Verizon Communications Inc. (NYSE:VZ),Corporate Debentures,Verizon Communications Inc. (NYSE:VZ),Senior Unsecured,5,603643623,Feb-20-2019,510,510,100.406,4.615,-,-,-,-,USD,FALSE,Fixed,Semi-Annual,30/360,Book Entry,100,5,Mar-11-2019,Sep-15-2019,Sep-15-2050,Mar-15-2024,100
Mar-22-2051,Verizon Communications Inc. (NYSE:VZ),Foreign Currency Debenture,Verizon Communications Inc. (NYSE:VZ),Senior Unsecured,4.05,708073280,Mar-16-2021,500,500,84.754,5.08,BBB+,Mar-22-2021,New Rating,-,USD,FALSE,Fixed,Semi-Annual,30/360,Book Entry,99.759,4.064,Mar-22-2021,Sep-22-2021,Sep-22-2050,Sep-22-2050,100
Mar-22-2051,Verizon Communications Inc. (NYSE:VZ),Corporate Debentures,Verizon Communications Inc. (NYSE:VZ),Senior Unsecured,3.55,707377286,Mar-11-2021,"4,500.00","4,500.00",78.993,4.94,BBB+,Mar-11-2021,New Rating,-,USD,FALSE,Fixed,Semi-Annual,30/360,Book Entry,99.105,3.599,Mar-22-2021,Sep-22-2021,Sep-22-2050,Sep-22-2050,100
May-15-2051,Verizon Communications Inc. (NYSE:VZ),Retail Note,Verizon Communications Inc. (NYSE:VZ),Senior Unsecured,3.35,430326599,May-17-2021,5.35,5.35,78.098,4.768,BBB+,May-11-2021,New Rating,-,USD,FALSE,Fixed,Semi-Annual,30/360,Book Entry,100,3.35,May-20-2021,Nov-15-2021,Nov-15-2050,Feb-12-2023,100
May-15-2051,Verizon Communications Inc. (NYSE:VZ),Retail Note,Verizon Communications Inc. (NYSE:VZ),Senior Unsecured,3.4,430326601,May-24-2021,5.08,5.08,75.902,5.001,BBB+,May-17-2021,New Rating,-,USD,FALSE,Fixed,Semi-Annual,30/360,Book Entry,100,3.4,May-27-2021,Nov-15-2021,Nov-15-2050,Feb-12-2023,100
Jun-15-2051,Verizon Communications Inc. (NYSE:VZ),Retail Note,Verizon Communications Inc. (NYSE:VZ),Senior Unsecured,3.35,430326611,Jun-01-2021,5.52,5.52,74.473,5.054,BBB+,May-25-2021,New Rating,-,USD,FALSE,Fixed,Semi-Annual,30/360,Book Entry,100,3.35,Jun-04-2021,Dec-15-2021,Dec-15-2050,Feb-12-2023,100
Jun-15-2051,Verizon Communications Inc. (NYSE:VZ),Retail Note,Verizon Communications Inc. (NYSE:VZ),Senior Unsecured,3.4,430326613,Jun-07-2021,4.68,4.68,78.748,4.775,BBB+,Jun-01-2021,New Rating,-,USD,FALSE,Fixed,Semi-Annual,30/360,Book Entry,100,3.4,Jun-10-2021,Dec-15-2021,Dec-15-2050,Feb-12-2023,100
Jun-15-2051,Verizon Communications Inc. (NYSE:VZ),Retail Note,Verizon Communications Inc. (NYSE:VZ),Senior Unsecured,3.35,430326616,Jun-14-2021,6.09,6.09,70.741,5.371,BBB+,Jun-08-2021,New Rating,-,USD,FALSE,Fixed,Semi-Annual,30/360,Book Entry,100,3.35,Jun-17-2021,Dec-15-2021,Dec-15-2050,Feb-12-2023,100
Jun-15-2051,Verizon Communications Inc. (NYSE:VZ),Retail Note,Verizon Communications Inc. (NYSE:VZ),Senior Unsecured,3.25,430326619,Jun-21-2021,5.22,5.22,76.849,4.743,BBB+,Jun-16-2021,New Rating,-,USD,FALSE,Fixed,Semi-Annual,30/360,Book Entry,100,3.25,Jun-24-2021,Dec-15-2021,Dec-15-2050,Feb-12-2023,100
Jul-15-2051,Verizon Communications Inc. (NYSE:VZ),Retail Note,Verizon Communications Inc. (NYSE:VZ),Senior Unsecured,3.05,430326621,Jun-28-2021,4.43,4.43,68.969,5.137,BBB+,Jun-21-2021,New Rating,-,USD,FALSE,Fixed,Semi-Annual,30/360,Book Entry,100,3.05,Jul-01-2021,Jan-15-2022,Jan-15-2051,Feb-12-2023,100
Aug-15-2051,Verizon Communications Inc. (NYSE:VZ),Retail Note,Verizon Communications Inc. (NYSE:VZ),Senior Unsecured,2.95,430326623,Aug-09-2021,1.59,1.59,67.894,5.097,BBB+,Aug-03-2021,New Rating,-,USD,FALSE,Fixed,Semi-Annual,30/360,Book Entry,100,2.95,Aug-12-2021,Feb-15-2022,Feb-15-2051,Feb-12-2023,100
Aug-15-2051,Verizon Communications Inc. (NYSE:VZ),Retail Note,Verizon Communications Inc. (NYSE:VZ),Senior Unsecured,3,1676901939,Aug-16-2021,5.19,5.19,78.898,4.289,BBB+,Aug-26-2021,New Rating,-,USD,FALSE,Fixed,Semi-Annual,30/360,Book Entry,100,3,Aug-19-2021,Feb-15-2022,Feb-15-2051,Feb-12-2023,100
Aug-15-2051,Verizon Communications Inc. (NYSE:VZ),Retail Note,Verizon Communications Inc. (NYSE:VZ),Senior Unsecured,3,430326627,Aug-23-2021,6.42,6.42,73.584,4.689,BBB+,Aug-16-2021,New Rating,-,USD,FALSE,Fixed,Semi-Annual,30/360,Book Entry,100,3,Aug-26-2021,Feb-15-2022,Feb-15-2051,Feb-12-2023,100
Sep-15-2051,Verizon Communications Inc. (NYSE:VZ),Retail Note,Verizon Communications Inc. (NYSE:VZ),Senior Unsecured,3,430326628,Aug-30-2021,5.44,5.44,74.077,4.647,BBB+,Aug-23-2021,New Rating,-,USD,FALSE,Fixed,Semi-Annual,30/360,Book Entry,100,3,Sep-02-2021,Mar-15-2022,Mar-15-2051,Feb-12-2023,100
Sep-15-2051,Verizon Communications Inc. (NYSE:VZ),Retail Note,Verizon Communications Inc. (NYSE:VZ),Senior Unsecured,3.05,430326630,Sep-13-2021,5.25,5.25,71.213,4.94,BBB+,Sep-07-2021,New Rating,-,USD,FALSE,Fixed,Semi-Annual,30/360,Book Entry,100,3.05,Sep-16-2021,Mar-15-2022,Mar-15-2051,Feb-12-2023,100
Sep-15-2051,Verizon Communications Inc. (NYSE:VZ),Retail Note,Verizon Communications Inc. (NYSE:VZ),Senior Unsecured,2.95,430326632,Sep-20-2021,1.87,1.87,67.263,5.149,BBB+,Sep-13-2021,New Rating,-,USD,FALSE,Fixed,Semi-Annual,30/360,Book Entry,100,2.95,Sep-23-2021,Mar-15-2022,Mar-15-2051,Feb-12-2023,100
Sep-15-2051,Verizon Communications Inc. (NYSE:VZ),Retail Note,Verizon Communications Inc. (NYSE:VZ),Senior Unsecured,2.9,1682252501,Sep-27-2021,2.56,2.56,73.474,4.571,BBB+,Sep-22-2021,New Rating,-,USD,FALSE,Fixed,Semi-Annual,30/360,Book Entry,100,2.9,Sep-30-2021,Mar-15-2022,Mar-15-2051,Feb-12-2023,100
Nov-15-2051,Verizon Communications Inc. (NYSE:VZ),Retail Note,Verizon Communications Inc. (NYSE:VZ),Senior Unsecured,3.1,430326644,Nov-08-2021,5.27,5.27,75.353,4.665,BBB+,Nov-02-2021,New Rating,-,USD,FALSE,Fixed,Semi-Annual,30/360,Book Entry,100,3.1,Nov-12-2021,May-15-2022,May-15-2051,Feb-12-2023,100
Nov-15-2051,Verizon Communications Inc. (NYSE:VZ),Retail Note,Verizon Communications Inc. (NYSE:VZ),Senior Unsecured,3,430326646,Nov-15-2021,2.59,2.59,68.997,5.056,BBB+,Nov-08-2021,New Rating,-,USD,FALSE,Fixed,Semi-Annual,30/360,Book Entry,100,3,Nov-18-2021,May-15-2022,May-15-2051,Feb-12-2023,100
Nov-15-2051,Verizon Communications Inc. (NYSE:VZ),Retail Note,Verizon Communications Inc. (NYSE:VZ),Senior Unsecured,3.05,430326648,Nov-22-2021,2.17,2.17,75.208,4.615,BBB+,Nov-15-2021,New Rating,-,USD,FALSE,Fixed,Semi-Annual,30/360,Book Entry,100,3.05,Nov-26-2021,May-15-2022,May-15-2051,Feb-12-2023,100
Dec-15-2051,Verizon Communications Inc. (NYSE:VZ),Retail Note,Verizon Communications Inc. (NYSE:VZ),Senior Unsecured,3.05,430326649,Nov-29-2021,1,1,69.227,5.097,BBB+,Nov-22-2021,New Rating,-,USD,FALSE,Fixed,Semi-Annual,30/360,Book Entry,100,3.05,Dec-02-2021,Jun-15-2022,Jun-15-2051,Feb-12-2023,100
Dec-15-2051,Verizon Communications Inc. (NYSE:VZ),Retail Note,Verizon Communications Inc. (NYSE:VZ),Senior Unsecured,3.05,430326651,Dec-06-2021,1.88,1.88,74.155,4.694,BBB+,Nov-30-2021,New Rating,-,USD,FALSE,Fixed,Semi-Annual,30/360,Book Entry,100,3.05,Dec-09-2021,Jun-15-2022,Jun-15-2051,Feb-12-2023,100
Dec-15-2051,Verizon Communications Inc. (NYSE:VZ),Retail Note,Verizon Communications Inc. (NYSE:VZ),Senior Unsecured,2.9,430326653,Dec-13-2021,0.49,0.49,66.973,5.097,BBB+,Dec-06-2021,New Rating,-,USD,FALSE,Fixed,Semi-Annual,30/360,Book Entry,100,2.9,Dec-16-2021,Jun-15-2022,Jun-15-2051,Feb-12-2023,100
Dec-15-2051,Verizon Communications Inc. (NYSE:VZ),Retail Note,Verizon Communications Inc. (NYSE:VZ),Senior Unsecured,3.05,430326654,Dec-20-2021,1.71,1.71,69.227,5.097,BBB+,Dec-13-2021,New Rating,-,USD,FALSE,Fixed,Semi-Annual,30/360,Book Entry,100,3.05,Dec-23-2021,Jun-15-2022,Jun-15-2051,Feb-12-2023,100
Mar-01-2052,Verizon Communications Inc. (NYSE:VZ),Corporate Debentures,Verizon Communications Inc. (NYSE:VZ),Senior Unsecured,3.875,1772110454,Feb-16-2022,"1,000.00","1,000.00",82.884,4.998,BBB+,Feb-16-2022,New Rating,-,USD,FALSE,Fixed,Semi-Annual,30/360,Book Entry,98.949,3.935,Mar-01-2022,Sep-01-2022,Sep-01-2051,Sep-01-2051,100
Apr-15-2052,Verizon Communications Inc. (NYSE:VZ),Retail Note,Verizon Communications Inc. (NYSE:VZ),Senior Unsecured,4,430326656,Apr-04-2022,0.95,0.95,75.048,5.779,BBB+,Mar-28-2022,New Rating,-,USD,FALSE,Fixed,Semi-Annual,30/360,Book Entry,100,4,Apr-07-2022,Oct-15-2022,Oct-15-2051,Apr-15-2023,100
May-15-2052,Verizon Communications Inc. (NYSE:VZ),Retail Note,Verizon Communications Inc. (NYSE:VZ),Senior Unsecured,4.55,430326659,May-09-2022,0.24,0.24,80.851,5.936,BBB+,May-02-2022,New Rating,-,USD,FALSE,Fixed,Semi-Annual,30/360,Book Entry,100,4.55,May-12-2022,Nov-15-2022,Nov-15-2051,May-15-2023,100
May-15-2052,Verizon Communications Inc. (NYSE:VZ),Retail Note,Verizon Communications Inc. (NYSE:VZ),Senior Unsecured,4.8,430326662,May-16-2022,0.52,0.52,92.974,5.273,BBB+,May-09-2022,New Rating,-,USD,FALSE,Fixed,Semi-Annual,30/360,Book Entry,100,4.8,May-19-2022,Nov-15-2022,Nov-15-2051,May-15-2023,100
May-15-2052,Verizon Communications Inc. (NYSE:VZ),Retail Note,Verizon Communications Inc. (NYSE:VZ),Senior Unsecured,4.65,430326664,May-23-2022,0.47,0.47,86.256,5.611,BBB+,May-17-2022,New Rating,-,USD,FALSE,Fixed,Semi-Annual,30/360,Book Entry,100,4.65,May-26-2022,Nov-15-2022,Nov-15-2051,May-15-2023,100
Jun-15-2052,Verizon Communications Inc. (NYSE:VZ),Retail Note,Verizon Communications Inc. (NYSE:VZ),Senior Unsecured,4.65,430326666,May-31-2022,0.75,0.75,91.65,5.208,BBB+,May-23-2022,New Rating,-,USD,FALSE,Fixed,Semi-Annual,30/360,Book Entry,100,4.65,Jun-03-2022,Dec-15-2022,Dec-15-2051,Jun-15-2023,100
Jun-15-2052,Verizon Communications Inc. (NYSE:VZ),Retail Note,Verizon Communications Inc. (NYSE:VZ),Senior Unsecured,4.45,430326676,Jun-06-2022,0.1,0.1,90.224,5.095,BBB+,May-31-2022,New Rating,-,USD,FALSE,Fixed,Semi-Annual,30/360,Book Entry,100,4.45,Jun-09-2022,Dec-15-2022,Dec-15-2051,Jun-15-2023,100
Jun-15-2052,Verizon Communications Inc. (NYSE:VZ),Retail Note,Verizon Communications Inc. (NYSE:VZ),Senior Unsecured,4.45,430326678,Jun-13-2022,0.07,0.07,94.668,4.79,BBB+,Jun-06-2022,New Rating,-,USD,FALSE,Fixed,Semi-Annual,30/360,Book Entry,100,4.45,Jun-16-2022,Dec-15-2022,Dec-15-2051,Jun-15-2023,100
Aug-15-2052,Verizon Communications Inc. (NYSE:VZ),Retail Note,Verizon Communications Inc. (NYSE:VZ),Senior Unsecured,4.6,430326681,Aug-08-2022,0.64,0.64,91.135,5.19,BBB+,Aug-01-2022,New Rating,-,USD,FALSE,Fixed,Semi-Annual,30/360,Book Entry,100,4.6,Aug-11-2022,Feb-15-2023,Feb-15-2052,Feb-15-2023,100
Aug-15-2052,Verizon Communications Inc. (NYSE:VZ),Retail Note,Verizon Communications Inc. (NYSE:VZ),Senior Unsecured,4.65,430326683,Aug-15-2022,0.15,0.15,91.729,5.201,BBB+,Aug-09-2022,New Rating,-,USD,FALSE,Fixed,Semi-Annual,30/360,Book Entry,100,4.65,Aug-18-2022,Feb-15-2023,Feb-15-2052,Aug-15-2023,100
Aug-15-2052,Verizon Communications Inc. (NYSE:VZ),Retail Note,Verizon Communications Inc. (NYSE:VZ),Senior Unsecured,4.65,430326685,Aug-22-2022,0.35,0.35,93.134,5.103,BBB+,Aug-16-2022,New Rating,-,USD,FALSE,Fixed,Semi-Annual,30/360,Book Entry,100,4.65,Aug-25-2022,Feb-15-2023,Feb-15-2052,Aug-15-2023,100
Sep-15-2052,Verizon Communications Inc. (NYSE:VZ),Retail Note,Verizon Communications Inc. (NYSE:VZ),Senior Unsecured,4.85,430326687,Aug-29-2022,0.4,0.4,96.158,5.103,BBB+,Aug-23-2022,New Rating,-,USD,FALSE,Fixed,Semi-Annual,30/360,Book Entry,100,4.85,Sep-01-2022,Mar-15-2023,Mar-15-2052,Sep-15-2023,100
May-02-2053,Verizon Communications Inc. (NYSE:VZ),Corporate Debentures,Verizon Communications Inc. (NYSE:VZ),Senior Unsecured,5.32,563019703,May-04-2018,730,730,99.991,5.344,BBB+,May-08-2018,New Rating,-,USD,FALSE,Fixed,Semi-Annual,30/360,Book Entry,100,5.32,May-18-2018,Nov-18-2018,Nov-18-2052,May-18-2023,100
Aug-21-2054,Verizon Communications Inc. (NYSE:VZ),Corporate Debentures,Verizon Communications Inc. (NYSE:VZ),Senior Unsecured,5.012,531930729,Feb-11-2015,"5,500.00",793.98,99.267,5.059,BBB+,Jul-24-2014,New Rating,-,USD,FALSE,Fixed,Semi-Annual,30/360,Book Entry,-,-,Feb-21-2015,Aug-21-2015,Feb-21-2054,-,-
Mar-04-2055,Verizon Communications Inc. (NYSE:VZ),Corporate Debentures,Verizon Communications Inc. (NYSE:VZ),Senior Unsecured,4.1,1772324183,Feb-22-2022,655,655,85.142,5.039,-,-,-,-,USD,FALSE,Fixed,Semi-Annual,30/360,Registered,100,4.1,Mar-04-2022,Sep-04-2022,Sep-04-2054,Mar-04-2027,100
Mar-15-2055,Verizon Communications Inc. (NYSE:VZ),Corporate Debentures,Verizon Communications Inc. (NYSE:VZ),Senior Unsecured,4.672,285219928,Jul-24-2015,"5,500.00",722.56,93.888,5.059,BBB+,Feb-11-2015,New Rating,-,USD,FALSE,Fixed,Semi-Annual,30/360,Book Entry,-,-,Mar-13-2015,Sep-15-2015,Sep-15-2054,-,-
Oct-30-2056,Verizon Communications Inc. (NYSE:VZ),Corporate Debentures,Verizon Communications Inc. (NYSE:VZ),Senior Unsecured,2.987,713787115,Apr-05-2021,"4,498.81","3,651.15",67.884,4.956,BBB+,May-12-2021,New Rating,-,USD,FALSE,Fixed,Semi-Annual,30/360,Book Entry,-,-,Oct-06-2020,Apr-30-2021,Apr-30-2056,Apr-30-2056,100
Feb-24-2060,Verizon Communications Inc. (NYSE:VZ),Corporate Debentures,Verizon Communications Inc. (NYSE:VZ),Senior Unsecured,3.6,654627141,Feb-06-2020,"2,385.00","2,385.00",76.414,5.006,BBB+,Feb-06-2020,New Rating,-,USD,FALSE,Fixed,Semi-Annual,30/360,Book Entry,100,3.6,Feb-24-2020,Aug-24-2020,Aug-24-2059,Feb-24-2025,100
Sep-29-2060,Verizon Communications Inc. (NYSE:VZ),Corporate Debentures,Verizon Communications Inc. (NYSE:VZ),Senior Unsecured,3,689501081,Sep-17-2020,"1,123.00","1,123.00",65.163,5.087,BBB+,Sep-17-2020,New Rating,-,USD,FALSE,Fixed,Semi-Annual,30/360,Book Entry,100,3,Sep-29-2020,Mar-29-2021,Mar-29-2060,Sep-29-2025,100
Nov-20-2060,Verizon Communications Inc. (NYSE:VZ),Corporate Debentures,Verizon Communications Inc. (NYSE:VZ),Senior Unsecured,3,694525288,Nov-10-2020,"2,000.00","2,000.00",66.739,4.956,BBB+,Nov-10-2020,New Rating,-,USD,FALSE,Fixed,Semi-Annual,30/360,Book Entry,99.124,3.038,Nov-20-2020,May-20-2021,May-20-2060,May-20-2060,100
Mar-22-2061,Verizon Communications Inc. (NYSE:VZ),Corporate Debentures,Verizon Communications Inc. (NYSE:VZ),Senior Unsecured,3.7,707567388,Mar-11-2021,"3,500.00","3,500.00",77.359,5.043,BBB+,Mar-11-2021,New Rating,-,USD,FALSE,Fixed,Semi-Annual,30/360,Book Entry,98.989,3.749,Mar-22-2021,Sep-22-2021,Sep-22-2060,Sep-22-2060,100
