额尔古纳河右岸,文学,小说,迟子建,32.00元,2019-6-1,人民文学出版社,9.1,(18835人评价),《额尔古纳河右岸》是一部描写鄂温克人生存现状及百年沧桑的长篇小说，展示了弱小民族在严酷的自然环境和现代文明的挤压下的顽强生命力和不屈不挠的民族精神，以及丰富...
最后的故事,文学,小说,[波兰]奥尔加·托卡尔丘克,52.00元,2023-4,浙江文艺出版社,8.4,(171人评价),◑诺奖得主托卡尔丘克长篇小说代表作◑三代女性来自不同时空的心灵私语◑一部关于死亡的隐喻纪事◑诺奖、尼刻奖、布克国际奖得主托卡尔丘克动人之作——更克制、...
人生海海,文学,小说,麦家,55.00元,2019-4,北京十月文艺出版社,8.0,(83758人评价),★豆瓣2019年度书单·中国文学（小说类）第一名·“他是全村最出奇古怪的人，古怪的名目要扳着指头一个一个数：第一，他当过国民党军队的上校，是革命群众...
恶意,文学,小说,[日]东野圭吾,39.50元,2016-11,南海出版公司,8.7,(110049人评价),《恶意》是东野圭吾挑战写作极限的长篇杰作，与《白夜行》《嫌疑人X的献身》《解忧杂货店》并称东野圭吾四大杰作。《恶意》深刻揭示人性，故事中无边的恶意深不见底，...
六个说谎的大学生,文学,小说,[日]浅仓秋成,45.00元,2023-4,四川文艺出版社,8.0,(1627人评价),八年前，日本著名IT企业SHOU次开启校招，六名大学生从五千人中脱颖而出。然而一封神秘“告发信”的出现，揭穿了六人面具之下的“谎言”与“罪恶”。完美光鲜的名...
炽焰燃烧,文学,小说,[美]罗恩·拉什,65.00元,2023-3-15,人民文学出版社,8.5,(1202人评价),🔥舍伍德·安德森奖、阿巴拉契亚年度图书奖、欧·亨利短篇小说奖得主，当代美国南方文学代表作家罗恩·拉什短篇小说扛鼎之作；🔥2010年弗兰克·奥康纳国际短篇小...
绑架回忆:诡计博物馆2,文学,小说,[日]大山诚一郎,42,2023-4-4,北京日报出版社,6.8,(1128人评价),★悬案23年都无法破解，只因犯罪动机匪夷所思！★短篇推理之神大山诚一郎聚焦“悬案”的力作！斩获密室大奖，横扫日本推理榜单的口碑之作《诡计博物馆》的续...
夜晚的潜水艇,文学,小说,陈春成,52.00元,2020-9,上海三联书店,8.3,(57838人评价),★《亚洲周刊》2020年度十大小说★豆瓣读书2020年度中国文学（小说类）Top1★2021年宝珀理想国文学奖首奖作品★2020年单向街书店文...
平原上的摩西,文学,小说,双雪涛,59,2021-4,北京日报出版社,8.2,(17916人评价),《平原上的摩西》是小说家双雪涛的代表作，收录十篇极具风格的中短篇小说，以同名作品最为经典：1995年艳粉街的平安夜，一场大雪掩藏的谜案，一次未赴之约，一颗心...
圣母,文学,小说,[日]秋吉理香子,42.00,2019-3,新星出版社,8.1,(41293人评价),一起男童被害案搅得蓝出市人心惶惶。好不容易怀孕生产的保奈美抱紧年幼的孩子，立誓要不惜任何代价保护她。男人是在孩子出生后才成为父亲的，但女人，是从小生命来...
献给阿尔吉侬的花束,文学,小说,[美]丹尼尔·凯斯,36.00元,2015-4,广西师范大学出版社,9.1,(91190人评价),声称能改造智能的科学实验在白老鼠阿尔吉侬身上获得了突破性的进展，下一步急需进行人体实验。个性和善、学习态度积极的心智障碍者查理·高登成为最佳人选。手术成功后...
恶徒的救赎,文学,小说,[日]高野和明,49.90元,2023-4-10,北京日报出版社,7.6,(1100人评价),【内容简介】东京突发连环杀人案：有人被捆住手脚丢入浴缸的沸水之中；有人在街头被烈火焚烧……与此同时，恶徒八神终于等来洗心革面的机会——在17小时内抵达医...
秋园,文学,小说,杨本芬,38.00元,2020-6,北京联合出版公司,9.0,(80328人评价),听八旬奶奶讲述她和妈妈的故事。1914年，世上有了“秋园”这个人。1918年，汉语有了“她”这个字。秋园，她来过，挣扎过，绝望过，幸福过。今天，她80岁的...
霍乱时期的爱情,文学,小说,[哥伦比亚]加西亚·马尔克斯,39.50元,2012-9-1,南海出版公司,9.0,(270846人评价),★马尔克斯唯一正式授权，首次完整翻译★《霍乱时期的爱情》是我最好的作品，是我发自内心的创作。——加西亚•马尔克斯★这部光芒闪耀、令人心碎的作品是人类有史...
祈祷之海:格雷格·伊根经典科幻三重奏I,文学,小说,[澳]格雷格·伊根,58,2023-1,新星出版社,9.0,(959人评价),★极致的唯物主义美学，绝对的认知快感！★当代科幻难以逾越的两座高峰：一座是特德·姜，另一座是格雷格·伊根！★一套书囊括72个世界级科幻大奖及提名。★收...
狐狸,文学,小说,[荷]杜布拉夫卡·乌格雷西奇,58.00元,2023-5,北京日报出版社,9.2,(142人评价),狐狸不属于野兽，不属于我们人类，也不属于神灵。她是一个永恒的偷渡者，一个在世界之间穿梭自如的移民，被抓到逃票时，就会用尾巴玩球，表演她廉价的小把戏，目光极...
燕食记,文学,小说,葛亮,78,2022-8,人民文学出版社,8.9,(2715人评价),-----------------------------------------------名家推荐人间味是食知味，人间事终究是调鼎鼐、烹小鲜。《燕食...
我本芬芳,文学,小说,杨本芬,39.80,2022-2-1,北京联合出版公司,8.3,(26569人评价),世界看不见我，但我看见我。中国式婚姻里，还有多少看不见的女人？继《秋园》《浮木》后，八旬奶奶讲述六十年婚姻故事，写尽那些无人知晓的伤痛与困惑，带给万千女性共...
三体:“地球往事”三部曲之一,文学,小说,刘慈欣,23.00,2008-1,重庆出版社,8.9,(481540人评价),文化大革命如火如荼进行的同时。军方探寻外星文明的绝秘计划“红岸工程”取得了突破性进展。但在按下发射键的那一刻，历经劫难的叶文洁没有意识到，她彻底改变了人类的...
白夜行,文学,小说,[日]东野圭吾,39.50元,2013-1-1,南海出版公司,9.2,(442999人评价),东野圭吾万千书迷心中的无冕之王周刊文春推理小说年度BEST10第1名本格推理小说年度BEST10第2名《白夜行》是东野圭吾迄今口碑最好的长篇杰作，具备...
法治的细节,文学,随笔,罗翔,49.8,2021-11,云南人民出版社,8.4,(17972人评价),◎编辑推荐：◇2020年度法治人物、中国政法大学罗翔教授全新法律随笔，解读热点案件，思辨法治要义。◇集结罗翔近两年对法治与社会的观察，论法理、聊读书、谈...
在东大和上野千鹤子学“吵架”,文学,随笔,[日]遥洋子,52.00元,2023-3-1,北京联合出版公司,7.9,(1515人评价),▲想要在“吵架”中获胜？上野千鹤子教授告诉你：“要学的不是一招制胜，而是玩弄对方于股掌之间。”▲无数人的女性主义启蒙导师、“全日本最可怕的女人”上野千鹤...
唯有书籍:读书、藏书及与书有关的一切,文学,随笔,[英]汤姆·摩尔,68,2023-4,上海文化出版社,8.3,(285人评价),读书的人会消失，但书籍将带着记忆永存。书签、藏书票、书籍装帧；二手书、私人藏书、特装书、被遗弃的书；图书馆、书店、书展、读书俱乐部……作为一件物品出现时...
百合花摇曳,文学,随笔,舒行,59.00元,2023-5,江苏凤凰文艺出版社,9.6,(58人评价),时事移易，唯自然恒常如新。那些故里的山川，城市的风物，往往是我们紧张忙碌的生活中最难以忘却的乡愁，和最好的慰藉===================无...
菌中毒,文学,随笔,聂荣庆（著）、曾孝濂（绘）、杨建昆（绘）,88.00元,2023-5-1,中信出版集团,8.0,(119人评价),【名人推荐】这本书读起来引人入胜，同时让人想入非非。然后开始向往5月的昆明，吃上几顿菌儿，手舞足蹈几下，几下足够了。——余华作家菌子是大自然的神奇存...
世间的小儿女,文学,随笔,陈慧,56,2021-4,宁波出版社,8.5,(445人评价),野生作家陈慧长年混迹于嘈杂的小镇菜场，她却用澄净、温暖的文字，守住了内心的安宁。作品集《世间的小儿女》中，陈慧以童年的苏中平原和远嫁的浙东小镇为背景，描画其...
秋园,文学,随笔,杨本芬,38.00元,2020-6,北京联合出版公司,9.0,(80328人评价),听八旬奶奶讲述她和妈妈的故事。1914年，世上有了“秋园”这个人。1918年，汉语有了“她”这个字。秋园，她来过，挣扎过，绝望过，幸福过。今天，她80岁的...
弃猫:当我谈起父亲时,文学,随笔,[日]村上春树,48.00元,2021-1,花城出版社,7.4,(16640人评价),村上春树2021新作，终于完整谈起父亲、自我、回忆与猫。（ps：阅读推荐村上2022新书随笔集《村上T》）有些事会随着时间被忘记，有些事则会被时间重新提...
遥远的向日葵地,文学,随笔,李娟,38.00元,2017-11,花城出版社,9.1,(25983人评价),此书为李娟近两年开始写作并发表在《文汇报》笔会的专栏——“遥远的向日葵地”的最新文字结集。“向日葵地”在阿勒泰戈壁草原的乌伦古河南岸，是李娟母亲多年前承包...
白色绵羊里的黑色绵羊,文学,随笔,双雪涛,59.00,2023-1,上海文艺出版社,7.9,(1347人评价),《白色绵羊里的黑色绵羊》是双雪涛的首部杂文集。全书分为三个部分：第一部分“白色绵羊里的黑色绵羊：谈小说”，收录了作者面向写作爱好者的九篇专文：从小说的开头、...
北野武的午夜电台,文学,随笔,[日本]北野武,49.8,2023-4,四川文艺出版社,6.3,(166人评价),午夜时分，北野武电台限时播报欢迎大家随北野武一起进入粗粝、迷惑又充满美丽泡影的成人世界。在这里，我们聊思想与言行，谈流氓、明星、首相和自己，谈平凡伟大...
盐镇,文学,随笔,易小荷,69.00元,2023-2,新星出版社,8.6,(5713人评价),◎编辑推荐★“她们的命运里，有你所不了解的中国。”第一本深度书写中国乡镇女性生活、情感与命运的佳作。罗新、梁鸿、李海鹏、许知远、伊险峰赤诚推荐！“...
梨与枣,文学,随笔,葛亮,52.00元,2023-3-1,江苏凤凰文艺出版社,8.8,(49人评价),《梨与枣》是”中国好书“获得者、作家葛亮的全新随笔集，分“朵颐记”“谈艺录”“格物志”“东西引”“少年游”“挽歌行”“太虚境”“林下赋”等七个章节，关乎阅读...
纳瓦尔宝典:财富与幸福指南,文学,随笔,[美]埃里克·乔根森,68.00元,2022-4,中信出版社,8.4,(13729人评价),致富不仅仅靠运气，幸福也不是从天而降的。积累财富和幸福生活都是我们可以且需要学习的技能。那么指导我们学习的原则和方法是什么？本书提供了原则和方法。这本书收...
大宋河山可骑驴,文学,随笔,王这么,59.9,2023-4-10,江苏凤凰文艺出版社,8.1,(403人评价),苏东坡旷达，辛弃疾豪放，王安石执拗，李清照侠气，欧阳修真性情，陆游特立独行，他们那样洒脱，让人都忘记了他们也曾遭受过社会的毒打：苏东坡一生三次被贬，黄州、...
乾隆百工局1：千里伏杀,文学,随笔,唐炜杰,49.8元,2023-4,重庆出版社,9.1,(441人评价),乾隆朝是中国古代历史上经济文化颇为繁盛的一个时期，就像英国的维多利亚时代一样，具有丰富的史料和厚重的文化积淀，形成了具有烟火气息和现代启蒙的时代奇观。《乾...
庆祝什么也不干的一天:智利生活手记,文学,随笔,园有桃,68.00元,2023-5-10,浙江摄影出版社,9.3,(49人评价),该书如同一本智利版的《撒哈拉的故事》，作者以自然、清新、诙谐、细腻的笔触揭开了智利的神秘面纱，以自由探索内心的三毛风带我们走进马尔克斯笔下的拉美魔幻现实主义...
给青年的十二封信,文学,随笔,朱光潜,39.9,2023-3-15,海南出版社,9.0,(262人评价),《给青年的十二封信》是朱光潜先生于20世纪20年代发表于《一般》杂志的文章合集，每一篇都是以“朋友”开头的书信体，每一句都能读出朱光潜先生的风趣...
我与地坛,文学,随笔,史铁生,42.00元,2016-10,湖南文艺出版社,9.1,(2354人评价),当代文学大家史铁生的散文质朴通透，蕴含深刻的生命哲理，被誉为中国文坛最美的收获。这部散文集选取了《我与地坛》《记忆与印象》《秋天的怀念》《合欢树》《黄土地情...
阅读是一座随身携带的避难所,文学,随笔,[英]毛姆,38.00元,2023-4,万卷出版社,9.0,(146人评价),如果世界上有一种叫作阅读家的职业，不会再有人比毛姆更加适合。这本书就是毛姆写给大众的阅读指南，作家热爱读书，这似乎是自然的事，但像毛姆一样，按图索骥，从作...
身为女性的选择,文学,日本,[日]上野千鹤子、[日]信田小夜子,56.00,2023-3-8,国际文化出版公司,8.0,(2350人评价),上野千鹤子2023全新作品！写给所有女性的清醒之书。“上野女士在这本书里讲到的东西，足以匹敌好几本专业书籍。”著名女性主义学者上野千鹤子×心理学家信田小...
恶意,文学,日本,[日]东野圭吾,39.50元,2016-11,南海出版公司,8.7,(110049人评价),《恶意》是东野圭吾挑战写作极限的长篇杰作，与《白夜行》《嫌疑人X的献身》《解忧杂货店》并称东野圭吾四大杰作。《恶意》深刻揭示人性，故事中无边的恶意深不见底，...
克莱因壶,文学,日本,[日]冈岛二人,48.00元,2019-9,化学工业出版社,8.9,(56684人评价),什么时候你开始怀疑这个世界是假的？.日本虚拟现实VR题材开山杰作，超前《盗梦空间》20年！传奇推理作家组合冈岛二人预言之书，以超强的技术预见力，30...
东京贫困女子,文学,日本,[日]中村淳彦,59.00元,2021-8,人民文学出版社,8.3,(14809人评价),■	入围2019年日本书店大赏。■	日本著名音乐人、演员坂本龙一推荐。■内容介绍◇	原本刊载于日本《东洋经济新闻》，是一个以《在贫困中呻吟的女性》为题...
日本文化核心,文学,日本,[日]松冈正刚,68.00元,2023-3,岳麓书社,7.5,(45人评价),“日本文化”是松冈正刚常年以来都在深耕的课题，作为当代日本文化研究的领军人物、编辑泰斗，松冈先生常年参与多种文化领域的观察、实践经验，也让他能够以多视角、多...
500个目击者:绝对不在场证明2,文学,日本,[日]大山诚一郎,42.00元,2022-12,北京日报出版社,7.0,(2198人评价),【内容简介】用500句真话，编出一句天衣无缝的谎言!一家神秘的钟表店，只需五千日元，店主就能帮你推翻一切不在场证明!沉入湖底的豪车中，绑着一个死...
LEVELE,文学,日本,[日]富坚义博,120,2023-4-1,贵州人民出版社,8.9,(438人评价),★漫画大师富坚义博杰作首度引进，未删减全三册，大开本复刻日版★无论何时拿起，都会看得脸颊抽搐的神作！构思天马行空、剧情层层反转、结尾大出意料！★3册套装...
被讨厌的勇气,文学,日本,(日)岸见一郎，古贺史健,55,2021-1,机械工业出版社,8.4,(9109人评价),本书用“青年与哲人的对话”这一故事形式总结了与弗洛伊德、荣格并称为“心理学三大巨头”的阿尔弗雷德·阿德勒的思想(阿德勒心理学)。风靡欧美的阿德勒心理学对于...
溶于雾中,文学,日本,[日]笹泽左保,49.00元,2023-3,新星出版社,7.6,(1130人评价),1场选美大赛5名美女入围决赛4人遭遇不测3个密室等待破解日本推理作家协会奖获奖者日本推理文学大奖获奖者笹泽左保代表作！秘密的感情对...
空芯手帐,文学,日本,八木咏美,49,2023-3,南海出版公司,7.8,(473人评价),★“今天，我怀孕了，因为不想上班，因为同事太烦！”★从1000多部作品中脱颖而出！太宰治奖新锐得主八木咏美处女作，出道即惊艳文坛★席卷欧美的亚洲现...
在森崎书店的日子,文学,日本,八木泽里志,55.00,2020-3-1,南海出版公司,7.6,(2541人评价),每个人都想用自己的眼睛确认这个世界，从中寻找不同的可能性。我在森崎书店的日子，是从夏初到翌年的初春。这期间，我住在书店二楼的一个空房间里，每天过着埋在书堆里...
白夜行,文学,日本,[日]东野圭吾,39.50元,2013-1-1,南海出版公司,9.2,(442999人评价),东野圭吾万千书迷心中的无冕之王周刊文春推理小说年度BEST10第1名本格推理小说年度BEST10第2名《白夜行》是东野圭吾迄今口碑最好的长篇杰作，具备...
孤独社会:即将到来的第五消费时代,文学,日本,[日]三浦展,59.80,2023-5,人民邮电出版社,7.6,(120人评价),日本消费社会学者三浦展将日本消费史分为五个阶段。第一消费时代的特征是中产阶级的出现与消费的萌芽，第二消费时代的特征是以家庭为核心，第三消费时代的特征是以个人...
桶川跟踪狂杀人事件,文学,日本,[日]清水洁,45.00元,2021-2,四川人民出版社,9.0,(40801人评价),推动反跟踪骚扰法案出台的凶杀案件！是谁杀害了一个女孩三次？调查记者全程追踪，直击日本官僚体制的结构性罪恶日本纪实文学金字塔尖之作，日本记者会议大奖作品...
山茶文具店,文学,日本,[日]小川糸,49.80,2018-3,湖南文艺出版社,8.3,(50366人评价),★日本全国700多家书店店员投票选出的最想卖的书！2016、2017连续两年获日本“书店大奖”重推！★日本畅销作家小川糸备受好评暖心之作。16封手写书信...
育儿放弃:被困住的母亲与被忽视的女儿,文学,日本,[日]杉山春,58.00元,2023-5,北京日报出版社,8.9,(139人评价),她是妈妈，也是女儿，可是她被指控杀死了自己的女儿一起轰动日本的女童忽视案，直击东亚女性普遍性的育儿困境没有“恶母”，只有一个个孤立无援、陷入绝望的母亲...
一朵桔梗花,文学,日本,[日]连城三纪彦,48.00,2017-10,新星出版社,8.6,(5338人评价),直木奖、推理作家协会奖得主连城三纪彦经典畅销作旧时代底层女人的浮世绘========================================女...
时空旅行者的沙漏,文学,日本,[日]方丈贵惠,48.00,2021-5,新星出版社,7.4,(2006人评价),第29届鲇川哲也奖获奖作！发生在孤岛别墅中的连续杀人案为拯救爱人而穿越时空搜查真凶时间旅行x本格推理一口气读到底！◎拥有魔术盒的魅力，不知会...
GOTH断掌事件,文学,日本,[日]乙一,59.0元,2022-12,南海出版公司,7.5,(2818人评价),★黑乙一巅峰作，横扫日本各大年度推理榜：本格推理大奖、这本推理小说了不起Top2、周刊文春年度推理小说、雅虎日本网友票选年度推理Top1★绝版10年，完...
金色梦乡,文学,日本,[日]伊坂幸太郎,69.00元,2016-11,南海出版公司,8.9,(49678人评价),《金色梦乡》是日本知名作家伊坂幸太郎的代表作，获第5届日本书店大奖、第21届山本周五郎奖，日文版销量突破114万册，堺雅人、竹内结子主演同名电影。对于《金色...
中国现代文学新讲,文学,文学,钱理群,129.00元,2023-4,九州出版社,8.4,(70人评价),★晚年钱理群写给大家的——中国现代文学入门之书★大部头，小单元，轻松开启以作家作品为中心的“陪伴式”阅读★更有钱老原声朗读名家名作，一部“有情”“...
房思琪的初恋乐园,文学,文学,林奕含,45.00元,2018-2,北京联合出版公司,9.2,(355290人评价),令人心碎却无能为力的真实故事。向死而生的文学绝唱打动万千读者的年度华语小说。李银河戴锦华骆以军张悦然詹宏志蒋方舟等多位学者作家社会名人郑...
百年孤独,文学,文学,[哥伦比亚]加西亚·马尔克斯,39.50元,2011-6,南海出版公司,9.3,(404662人评价),《百年孤独》是魔幻现实主义文学的代表作，描写了布恩迪亚家族七代人的传奇故事，以及加勒比海沿岸小镇马孔多的百年兴衰，反映了拉丁美洲一个世纪以来风云变幻的历史。...
博尔赫斯，写作课,文学,文学,[阿根廷]豪尔赫·路易斯·博尔赫斯著、[美]丹尼尔·哈尔彭、[美]诺尔曼·托马斯·迪·乔瓦尼、[美]弗兰克·麦克沙恩编、[阿根廷]豪·路·博尔赫斯,65.00,2023-5,上海译文出版社,7.9,(50人评价),*“作家的作家”博尔赫斯哥伦比亚大学写作班讲课实录*谈小说、谈诗歌、谈翻译打破写作的条条框框传授成就大师的秘籍*博尔赫斯拆解博尔赫斯代表作...
文学回忆录:1989—1994,文学,文学,木心口述、陈丹青笔录,98.00元,2013-1-10,广西师范大学出版社,9.1,(42747人评价),文学是可爱的。生活是好玩的。艺术是要有所牺牲的。八十年代末，木心客居纽约时期，亦自他恢复写作、持续出书以来，纽约地面的大陆和台湾同行在异国谋饭之中，居然促...
额尔古纳河右岸,文学,文学,迟子建,32.00元,2019-6-1,人民文学出版社,9.1,(18835人评价),《额尔古纳河右岸》是一部描写鄂温克人生存现状及百年沧桑的长篇小说，展示了弱小民族在严酷的自然环境和现代文明的挤压下的顽强生命力和不屈不挠的民族精神，以及丰富...
当我们不再理解世界,文学,文学,[智利]本哈明·拉巴图特,59.00元,2022-9-1,人民文学出版社,8.3,(14511人评价),◆编辑推荐：★二〇二一年国际布克奖、美国国家图书奖短名单作品！★入选二〇二一年度《纽约时报书评周刊》十大好书！★入选奥巴马二〇二一年夏季阅读书单！★...
秋园,文学,文学,杨本芬,38.00元,2020-6,北京联合出版公司,9.0,(80328人评价),听八旬奶奶讲述她和妈妈的故事。1914年，世上有了“秋园”这个人。1918年，汉语有了“她”这个字。秋园，她来过，挣扎过，绝望过，幸福过。今天，她80岁的...
我以文字为业,文学,文学,[美]厄休拉·勒古恩,72.00元,2023-5,河南文艺出版社,9.2,(121人评价),阅读写作批评行动六十八篇散文一部“思想自传”“艰难的时代要来了，在那样的时代里，我们将会需要另一些作家的声音，他们能够看到与我们当下不同的生活方...
我与地坛,文学,文学,史铁生,23.00元,2011-1-1,人民文学出版社,9.3,(39598人评价),《我与地坛》收入《我与地坛》、《记忆与印象》等以记事为主的散文，配少量图片。《我与地坛》由中国当代著名作家史铁生著。是史铁生文学作品中，充满哲思又极为人性化...
石头的故事:中国古代传说与《红楼梦》《西游记》《水浒传》,文学,文学,[美]王瑾,88,2023-5,上海文艺出版社,7.8,(66人评价),《红楼梦》《西游记》与《水浒传》，这三部最为中国人所熟悉的经典小说，都与石头有着深刻的联系。王瑾这部开创性的研究著作对中国古代石头传说进行了重建，并用“石头...
莎士比亚喜剧集:插图珍藏版,文学,文学,[英]威廉·莎士比亚、[英]H.C.塞卢斯绘,118.00元,2023-4,江苏凤凰文艺出版社,9.8,(123人评价),后浪插图经典，名家名译名画收录传世插画，精心打磨译本莎士比亚喜剧代表作“一代译莎巨匠”朱生豪译本全新校勘修订版首度引进英国天才艺术家塞卢斯66幅精...
我的天才女友:那不勒斯四部曲1,文学,文学,[意]埃莱娜·费兰特,42.00元,2017-1,人民文学出版社,8.7,(104153人评价),只有你身为女人才会知道这些丑陋的秘密两个女人，50年的友谊和战争过去五年，几乎所有欧美读者都在谈论她、全球畅销百万册被翻译成40种语言《金融时报》...
炽焰燃烧,文学,文学,[美]罗恩·拉什,65.00元,2023-3-15,人民文学出版社,8.5,(1202人评价),🔥舍伍德·安德森奖、阿巴拉契亚年度图书奖、欧·亨利短篇小说奖得主，当代美国南方文学代表作家罗恩·拉什短篇小说扛鼎之作；🔥2010年弗兰克·奥康纳国际短篇小...
莎士比亚悲剧集:插图珍藏版,文学,文学,[英]威廉·莎士比亚、[英]H.C.塞卢斯绘,138.00元,2023-4,江苏凤凰文艺出版社,9.7,(136人评价),后浪插图经典，名家名译名画收录传世插画，精心打磨译本莎士比亚悲剧代表作“一代译莎巨匠”朱生豪译本全新校勘修订版首度引进英国天才艺术家塞卢斯88幅精...
局外人,文学,文学,[法]阿尔贝·加缪,22.00元,2010-8,上海译文出版社,9.1,(222453人评价),《局外人》是法国作家加缪的成名作，同时也是存在主义文学的杰出作品之一，该书以一种客观记录式的“零度风格”，粗线条地描述了主人公默尔索在荒谬的世界中经历的种种...
梁永安：爱情这门课，你可别挂科！:跟梁老师重读文学经典,文学,文学,梁永安,59.8,2023-3,上海社会科学院出版社,8.0,(773人评价),梁永安教授长期在复旦大学从事文学研究与教学，对当下的社会生活有深切敏锐的关注与洞察，他通过解读经典文学作品中的爱情主题，探讨现实生活中的爱情问题。本书独具匠...
狐狸,文学,文学,[荷]杜布拉夫卡·乌格雷西奇,58.00元,2023-5,北京日报出版社,9.2,(142人评价),狐狸不属于野兽，不属于我们人类，也不属于神灵。她是一个永恒的偷渡者，一个在世界之间穿梭自如的移民，被抓到逃票时，就会用尾巴玩球，表演她廉价的小把戏，目光极...
命运,文学,文学,蔡崇达,59.80元,2022-9-5,浙江文艺出版社、广州出版社,9.0,(17805人评价),编辑推荐：继畅销四百万册的非虚构作品《皮囊》之后，睽违八年，蔡崇达携长篇小说新作《命运》重磅归来！献给想要改变命运的你：“只要活下去，命运终是赢不了我们...
杀死一只知更鸟,文学,文学,[美]哈珀·李,58.00,2017-2,译林出版社,9.3,(59339人评价),《杀死一只知更鸟》是公认的美国文学经典，而它在教育领域的意义却使其突破了国界，成为世界上最有名的成长小说之一。《杀死一只知更鸟》在西方世界的影响力巨大，是美...
撒哈拉的故事,文学,散文,三毛,49.00元,2022-4,南海出版公司,9.3,(2267人评价),▍内容简介《撒哈拉的故事》是当代作家三毛的散文集，也是她脍炙人口的代表作。《撒哈拉的故事》收录了三毛的19篇散文。这些文字记录了她在沙漠定居的桩桩乐事、...
撒哈拉的故事,文学,散文,三毛,15.80元,2003-8,哈尔滨出版社,9.2,(160905人评价),三毛作品中最脍炙人口的《撒哈拉的故事》，由12篇精彩动人的散文结合而成，其中《沙漠中的饭店》，是三毛适应荒凉单调的沙漠生活后，重新拾笔的第一篇文字，自此之后...
人生没有多余的疼,文学,散文,朱成玉,59.80,2023-4-1,江苏凤凰文艺出版社,9.6,(100人评价),本书是百花文学奖得主朱成玉的散文作品集，重点收录入选九年义务教育语文教材、中高考语文阅读试题的精彩篇章，同时收录部分全新作品。当我们的生活陷入一潭死水中毫...
百合花摇曳,文学,散文,舒行,59.00元,2023-5,江苏凤凰文艺出版社,9.6,(58人评价),时事移易，唯自然恒常如新。那些故里的山川，城市的风物，往往是我们紧张忙碌的生活中最难以忘却的乡愁，和最好的慰藉===================无...
我的阿勒泰,文学,散文,李娟,42.00元,2021-8,花城出版社,8.8,(3149人评价),2017年度“中国好书”奖2018第七届“鲁迅文学奖”2019第七届“中华优秀出版物”得主李娟“阿勒泰”系列代表作面世11年全新修订版—————...
一个人的村庄,文学,散文,刘亮程,68,2022-1,译林出版社,8.7,(671人评价),【编辑推荐】1.中文写作的垂范之作，感动数代人的文化经典：风靡24年，感动8000万人，白岩松、周深、李锐、李娟、韩少功、魏小河……真情推荐，豆瓣万余人8...
暮色将尽,文学,散文,[英]戴安娜·阿西尔,49.80元,2022-7,四川人民出版社,8.0,(11771人评价),20世纪英国传奇女编辑，89岁漫谈独身老年生活，写下一份酷对“凋零”的诚挚手记：独身女性的坦率心声ⅹ老年生活的全新收获；妥协与自由反复掣肘的女性一生...
麝过春山草自香,文学,散文,张晓风,59,2023-4,广西师范大学出版社,9.2,(49人评价),本书收录张晓风52篇近作，作品由日常生活生发，引经据典，娓娓道来，自成一格，广博的视野中见坚实的学养，睿智的思考中饱含深切的情感。日常事、平凡人，一草一木，...
献给爱与子宫的花束:夜女郎的母女论,文学,散文,[日本]铃木凉美,59.00元,2023-4,广西师范大学出版社,7.8,(848人评价),“恶女斗士”、传奇作家铃木凉美的自传性随笔，写于《始于极限》之前的叛逆书。撕掉社会赋予女性的层层标签，真诚展现成长的一路挣扎与刺痛。💐★不了解铃木凉...
克拉克森的农场:田园生活从开始到放弃（划掉）,文学,散文,[英]杰里米·克拉克森,48,2023-2-21,台海出版社,8.2,(3709人评价),*开着兰博基尼拖拉机去种地，一个植物杀手的另类自然随笔*亚马逊迄今为止最成功的真人秀之一主角克拉克森分享一年农场生活的鸡飞狗跳*摘掉小清新滤镜的硬核田...
《朝向一朵花的盛开》,文学,散文,陈应松,48元,2021-10,北京联合出版公司,8.6,(130人评价),陈应松是一位书写自然的工匠，在他的笔下，山川河流、日月星辰全部被赋予了生命，带给世人无限的美好与憧憬，也凭借其炉火纯青的文笔和独特的生命体验谱写了一曲曲动人...
小于一,文学,散文,[美]约瑟夫·布罗茨基,86,2021-1,上海译文出版社,9.1,(337人评价),《小于一》是约瑟夫•布罗茨基的首部散文集，以长文为主，夹以若干短文，仅十八篇文章，篇篇精彩，再加上其文体和“书体”的独特，遂形成一本完美之书。这是一个伟大诗...
文化苦旅:余秋雨三十年散文自选集,文学,散文,余秋雨,CNY38.00,2014-4-1,长江文艺出版社,8.2,(30304人评价),《文化苦旅》一书于1992年首次出版，是余秋雨先生1980年代在海内外讲学和考察途中写下的作品，是他的第一部文化散文集。全书主要包括两部分，一部分为历史、文...
春祺夏安,文学,散文,杜梨,52.00,2023-5,湖南文艺出版社,9.2,(83人评价),从皇家传奇宫苑到世间人情冷暖，书写百年风云变幻间的小人物。主要分为四个主题：宫里、家里、柔软、无常，分别讲述职业见闻、家族事迹、动物救助、人生岁月等当下和过...
羊道·春牧场,文学,散文,李娟,38.00元,2022-9,花城出版社,8.9,(1221人评价),春天到来，积雪融化，牧人们逐水草而居。扎克拜妈妈带领一大家子，儿子斯马胡力、女儿卡西及李娟，从乌伦古河畔迁往额尔齐斯河北岸的塔门尔图春牧场。他们一路逶迤而行...
那个苹果也很好:在巴黎学会自由,文学,散文,栾颖新,59.80,2023-3-1,湖南文艺出版社,8.7,(195人评价),东北女作家、90后历史学博士生栾颖新在巴黎六年的生活随感。因为旅行时看到被列为“瑕疵品”的苹果，作者展开了关于人生和自由的思考，由此写下这本书。本书由一些可...
世间的小儿女,文学,散文,陈慧,56,2021-4,宁波出版社,8.5,(445人评价),野生作家陈慧长年混迹于嘈杂的小镇菜场，她却用澄净、温暖的文字，守住了内心的安宁。作品集《世间的小儿女》中，陈慧以童年的苏中平原和远嫁的浙东小镇为背景，描画其...
我的阿勒泰,文学,散文,李娟,22.00元,2010-7,云南人民出版社,8.9,(26175人评价),本书是作者十年来散文创作的合集。分为阿勒泰文字、阿勒泰角落和九篇雪三辑。这是一部描写疆北阿勒泰地区生活和风情的原生态散文集。充满生机活泼、新鲜动人的元素。记...
秋园,文学,散文,杨本芬,38.00元,2020-6,北京联合出版公司,9.0,(80328人评价),听八旬奶奶讲述她和妈妈的故事。1914年，世上有了“秋园”这个人。1918年，汉语有了“她”这个字。秋园，她来过，挣扎过，绝望过，幸福过。今天，她80岁的...
冬牧场,文学,散文,李娟,59.00,2018-11,新星出版社,9.2,(7266人评价),我从不掩饰自己对《冬牧场》的偏爱，它应该是目前为止自己最重要的一本书吧。——李娟李娟非虚构长篇《冬牧场》首推精装珍藏版，精细校订，全新自序，新增26张冬牧...
二十首情诗和一首绝望的歌,文学,诗歌,[智利]巴勃罗·聂鲁达,39.50元,2014-6,南海出版公司,8.2,(13748人评价),【聂鲁达豆瓣小站：http://site.douban.com/neruda/】生命中只有两样东西不可缺少：诗歌和爱情。送一首诗给你的爱情！★诺贝尔...
死亡赋格：保罗·策兰诗精选:保罗·策兰诗精选,文学,诗歌,保罗·策兰,65.00元,2021-1,北京联合出版公司,8.6,(2217人评价),【看点介绍】※最伟大的现代主义抒情诗人之一，里尔克之后最伟大的德语诗人痛饮虚空之物跨越沉默之河锻写血滴般的诗歌※著名诗人、翻译家黄灿然译本呈...
我的孤独是一座花园:阿多尼斯诗选,文学,诗歌,[叙利亚]阿多尼斯,28.00,2009-3,译林出版社,8.6,(15739人评价),《我的孤独是一座花园》是阿多尼斯作品的首个中译版，收录了诗人从上世纪50年代“最初的诗”到2008年的最新作品，时间跨越半个世纪。
回声之巢：帕索里尼诗选:帕索里尼诗选,文学,诗歌,[意]皮埃尔·保罗·帕索里尼,82,2022-8,北京联合出版公司,9.1,(160人评价),※道德或诗歌或美，我不晓得，我伸出这只玫瑰只为映照自我。【编辑推荐】※意大利20世纪最重要的知识分子，传奇电影大师皮埃尔·保罗·帕索里尼...
万物静默如谜:辛波斯卡诗选Ⅰ,文学,诗歌,[波]维斯拉瓦·辛波斯卡,48.00元,2016-8,湖南文艺出版社,8.7,(9396人评价),我偏爱写诗的荒谬，胜于不写诗的荒谬。——辛波斯卡1996年诺贝尔文学奖得主辛波斯卡，是当代最为迷人的诗人之一，享有“诗界莫扎特”的美誉。她的诗别具一格，...
帕特森:威廉斯的诗,文学,诗歌,[美国]威廉·卡洛斯·威廉斯,75.00,2022-4,中信出版集团,8.9,(97人评价),【编辑推荐】★美国当代诗歌源头性作品，揭示神秘而神圣的存在★普利策奖、全美图书奖得主，美国后现代主义诗歌鼻祖卡洛斯·威廉斯代表作，国内首次完整译介。★...
红的因式分解:梁小曼诗选,文学,诗歌,梁小曼,52.00元,2023-2,南京大学出版社,9.2,(40人评价),【图书简介】《红的因式分解》精选梁小曼2017年至2021年创作的诗歌，呈现了诗人阶段性的创作面貌。全书由六十首短诗、一首长组诗及一束关于诗的札记构成，另...
布劳提根诗选,文学,诗歌,[美国]理查德·布劳提根,45.00元,2019-9,广西师范大学出版社,8.3,(4164人评价),★联邦走马策划★“垮掉派”著名边缘人物，村上春树“一生中反复阅读”的美国作家之一——理查德•布劳提根★惊世诗作。《飞越疯人院》作者肯•克西：“当我们所有...
提琴与坟墓:洛尔迦诗选,文学,诗歌,[西]费德里科·加西亚·洛尔迦,45.00,2021-1-1,北京联合出版公司,8.2,(3403人评价),※继塞万提斯之后最为世界所熟知的西班牙作家加西亚•洛尔迦诗歌精选※他是被全世界拥抱的诗人，甜蜜如雪地里一声啜泣※莱昂纳德•科恩和帕蒂•史密斯都从他的作品...
吃饭要吃八分饱剩下两分留给药:银发川柳,文学,诗歌,日本公益社团法人全国养老院协会、[日]古谷充子,36.00,2022-3,人民文学出版社,7.3,(250人评价),★《三联生活周刊》《Lens》《新周刊》《读者》《新世相》等多家国内媒体曾暖心推荐！★风靡世界多年的日本老年人写作，让千万读者又哭又笑的“打油诗”！★从...
反诗歌:帕拉诗集,文学,诗歌,[智]尼卡诺尔·帕拉,99.00元,2022-12,江苏凤凰文艺出版社,8.7,(64人评价),《反诗歌:帕拉诗集》是一本厚重的诗歌合集，从包括《诗歌与反诗歌》《沙龙篇》《饭后演讲》在内的十一部帕拉诗集中，精选了近二百六十首诗歌，全面展现了“反诗人”帕...
另一个，同一个,文学,诗歌,[阿根廷]博尔赫斯,35.00元,2016-8,上海译文出版社,9.0,(6417人评价),博尔赫斯创作于一九六四年的诗集，也是作者特别偏爱的一本，收诗七十五篇，包括名作《关于天赐的诗》、《猜测的诗》、《玫瑰与弥尔顿》、《胡宁》等，主题涉及布宜诺斯...
我笨拙地爱着这个世界,文学,诗歌,王计兵,45元,2023-4-20,江苏凤凰文艺出版社,7.8,(166人评价),《我笨拙地爱着这个世界》收录了诗人王计兵亲选的130首诗作。在这里，他写生活的困顿、对父母的追忆、对故乡的怀念。质朴平实的文字迸发出惊人的力量，被网友称为...
想象一朵未来的玫瑰:佩索阿诗选,文学,诗歌,[葡]费尔南多·佩索阿,59.80,2019-5,中信出版集团,8.4,(5463人评价),★★★疲惫的人生不能没有诗意我的心略大于宇宙葡萄牙国宝级作家、诗人佩索阿以异名“冈波斯”创作的诗卷诗人陈黎、黄灿然、蓝蓝、王敖推荐★★★【内容...
马尔多罗之歌,文学,诗歌,[法]洛特雷阿蒙,68.00元,2018-10,四川文艺出版社,9.0,(1664人评价),天才、有罪的少年，美与邪恶的混合体，几代大师膜拜的偶像，留给世人的唯一一部奇书中的奇书◎编辑推荐☆《马尔多罗之歌》是法国诗人洛特雷阿蒙的天才之...
草叶集,文学,诗歌,[美]沃尔特·惠特曼、WaltWhitman,198.00元,2020-11,后浪丨江苏凤凰文艺出版社,8.9,(597人评价),美国现代诗歌之父惠特曼奠定世界声誉之作美国文学走向世界的标志毛姆、卡夫卡、博尔赫斯挚爱之书传奇翻译家赵萝蕤倾十年译出的全译本随书附赠英国艺术家绘制插...
新的一天,文学,诗歌,许立志著、秦晓宇编选,32.00元,2015-3,作家出版社,8.3,(3116人评价),2014年9月30日下午近两点，九零后许立志从深圳龙华一座大厦的十七层一跃而下，10月1日0点0分，他预设了定时发送的一条微博“新的一天”，准时发布于他已辞...
伊莎贝拉:插图珍藏版,文学,诗歌,[英]约翰·济慈、[英]威廉·布朗·麦克杜格尔绘,98.00元,2023-3,江苏凤凰文艺出版社,9.1,(139人评价),后浪插图经典系列，名家名译名画收录传世插画，精心打磨译本被誉为“莎翁本人之后，所有诗人中最具莎翁风格”的诗人济慈的经典长诗翻译名家朱维基权威译本中英...
爱丽丝漫游奇境与镜中奇遇:诺顿注释本,文学,童话,[英]刘易斯·卡罗尔、[美]马丁·加德纳,96.00元,2022-9,湖南文艺出版社,9.2,(207人评价),☆	美国科普大师、卡罗尔研究专家耗时55年编写、注释，卡罗尔研究史上的里程碑之作☆	5篇导读、380条注释、近200幅插图，至为丰富完整的名作指南，全方位...
甜点们的盛大舞会:梦野久作童话集,文学,童话,[日]梦野久作、绘者：陈琪,68.00元,2023-5,上海人民美术出版社,8.8,(31人评价),文学大师写给孩子们的经典故事中外插画家绘制的精美插图版本◎宫崎骏盛赞的日本传奇推理大师，创作生涯中难得一见的童心之作梦野久作是日本极具传奇色彩的幻想文...
柳林风声:谢泼德彩色插图版,文学,童话,[英]肯尼斯·格雷厄姆、[英]E.H.谢泼德,168.00元,2023-3,上海译文出版社,9.0,(25人评价),《柳林风声》是英国作家肯尼思•格雷厄姆（1859—1932）的代表作，以他讲给天生患有眼疾的儿子的故事为基础创作而成。自1908年出版以来，《柳林风声》收获...
鲁西西传,文学,童话,郑渊洁,25,2015-12-1,浙江少年儿童出版社,8.3,(195人评价),鲁西西是所有家长老师心目中的正统乖乖女，听话、学习好、循规蹈矩，做为皮皮鲁的双胞胎妹妹，她的生活因为哥哥皮皮鲁而经常充满了各种奇遇。这次她跟新朋友团团来到了...
快乐王子,文学,童话,[英]王尔德,10.00元,2007-7,上海译文出版社,9.2,(13768人评价),这本书收入王尔德两部著名的童话集《快乐王子集》和《石榴之家》，是唯美主义童话的代表作。作家除遵循一般童话中应有的惩恶扬善、锄强扶弱、劫富济贫以及褒美贬丑等主...
中国童话,文学,童话,果麦编、刘丽朵撰文、喵九,78,2020-5-1,云南美术出版社,8.1,(467人评价),这是一本给孩子的中国童话故事集。以“非教训的无意思、空灵的幻想、快活的嬉笑、纯净的诗意、悠远的生命体味”为选篇标准，从《搜神记》《太平广记》《聊斋志异》《...
夜莺与玫瑰,文学,童话,[英]奥斯卡·王尔德,32,2015-4,浙江文艺出版社,9.0,(13058人评价),除了《小王子》，成人童话我们还看王尔德《夜莺与玫瑰》。第一部真正写给成人看的童话，他第一个提出成人童话概念。王尔德说：“童话不是为儿童而写，是为十八到八...
格林童话（上下）,文学,童话,[德]格林兄弟,228.00元,2018-5,云南美术出版社,8.6,(902人评价),"译自1857年德语经典第7版。210个童话，全本无删减。新增25篇通行版未收录故事。旅德文泽尔历时9年翻译,比对德文各个版本，为每个故事附上解说，讲述..."
爱德华的奇妙之旅,文学,童话,[美]凯特·迪卡米洛、[美]马格拉姆·伊巴图林,15.00元,2007,新蕾出版社,8.8,(8687人评价),从前，在埃及街旁的一所房子里，住着一只名叫爱德华·图雷恩的瓷兔子。那小兔子很是自鸣得意，而且理由充足：他为一个名叫阿比林的女孩儿所拥有，她对他关怀备至，崇敬...
木偶奇遇记,文学,童话,[意大利]卡洛·科洛迪,28元,2018-5,人民文学出版社,9.2,(56人评价),一个老头没有孩子，用木头雕刻了一个男孩，起名叫匹诺曹。这男孩有很多坏毛病：撒谎、逃学、结交坏朋友，几次上当仍屡教不改。后来，一位仙女教育了他，每当他说谎的时...
让我留在你身边,文学,童话,张嘉佳,38.00元,2014-8-1,湖南人民出版社,7.0,(9055人评价),张嘉佳最新作品。新的暖心睡前故事来了！张嘉佳，6个月畅销200万册《从你的全世界路过》作者，微博上最会讲故事的人，精分新作！这一次，张嘉佳从他的狗狗女儿...
从前有一个故事：龙向梅童话集（全5册）,文学,童话,龙向梅、MonicaLiaw,158,2022-1,广西师范大学出版社,8.7,(41人评价),★在最该阅读童话的年龄，读到最贴近心灵的作品，为童年和一生铺上真纯温暖的精神底色。★少有的原创佳作：充满想象力，文字清澈，极富儿童性；更有独特的家园情...
夜莺与玫瑰:王尔德童话全集,文学,童话,[英国]奥斯卡·王尔德,38.00元,2022-5,译林出版社,8.7,(297人评价),【内容介绍】《夜莺与玫瑰：王尔德童话全集》完整收录了王尔德的九篇童话故事，出自其两部童话故事集《快乐王子及其他》和《石榴之屋》。王尔德善于用华丽的笔法和生...
小王子,文学,童话,[法]圣埃克絮佩里,29.00元,2009-4,上海译文出版社,9.4,(21599人评价),&nbsp;&nbsp;&nbsp;&nbsp;《小王子》是法国著名作家圣埃克絮佩里的一部享誉世界的畅销童话。本书是中、法、英三种语言对照的版本，采用彩色插...
不存在的骑士,文学,童话,[意]伊塔洛·卡尔维诺,22.00元,2012-4,译林出版社,8.9,(20625人评价),《卡尔维诺经典：不存在的骑士》是卡尔维诺“我们的祖先”三部曲之一。“我们的祖先”三部曲包括：《不存在的骑士》《分成两半的子爵》《树上的男爵》，这三个故事代...
一千零一夜,文学,童话,纳训,22.00,2003-01,人民文学出版社,8.7,(57163人评价),"《一千零一夜》被高尔基誉为""世界民间文学史上最壮丽的一座纪念碑""。本书故事精彩、妙趣横生、想象丰富、扣人心弦，充满神秘奇幻的色彩，蕴藏瑰丽丰富的风貌，既是儿..."
小王子:《小王子》出版75周年西西弗纪念版,文学,童话,[法]圣埃克絮佩里,58,2018-8,上海译文出版社,9.6,(398人评价),《小王子》是法国著名作家圣埃克絮佩里的一部享誉世界的畅销童话。本书是中、法、英三种语言对照的版本，采用彩色插图并配有难词解析，可以同时兼顾喜爱《小王子》的读...
皮皮鲁传,文学,童话,郑渊洁,25.00,2015-12-1,浙江少年儿童出版社,7.5,(361人评价),皮皮鲁是一个常规定义下淘气、调皮的孩子，但并不妨碍他正直善良，勇敢有担当。这本书里的皮皮鲁，从小就胆大，经常做出一些常人无法想象的事情，有次过春节他居然自制...
大师与玛格丽特,文学,名著,米·阿·布尔加科夫,58.00元,2017-5,中央编译出版社,9.3,(2389人评价),《大师与玛格丽特》为俄罗斯作家布尔加科夫最重要的作品，被公认为20世纪最伟大的小说之一，是世界级的艺术瑰宝。法国的《理想藏书》对它推崇备至，诺贝尔文学奖得主...
茶花女,文学,名著,（法）小仲马,8.00,2003-01,人民文学出版社,8.6,(2576人评价),《茶花女》内容简介：我认为只有在深入地研究了人以后，才能创造人物，就像要讲一种语言就得先认真学生这种语言一样。既然我还没到能够创造的年龄，那就只好满足于平铺...
基督山伯爵,文学,名著,[法]大仲马,138,2018-10,译林出版社,9.2,(8115人评价),《基督山伯爵》是法国文学必读名著，影响一批中国作家，包括金庸、余华、木心等。译者周克希系资深翻译家。他的译作颇多，文笔优美、流畅，深得广大读者的厚爱。译...
雾都孤儿,文学,名著,狄更斯(CharlesDickens),23.00元,2010-8-1,上海译文出版社,8.2,(1135人评价),《译文名著精选:雾都孤儿》讲述孤儿奥立弗·退斯特从小在贫民习艺所受尽欺凌，逃到伦敦后又不幸陷入贼窟。身边的世界像一台疯狂运转的机器，小奥立弗却努力坚守着心底...
围城,文学,名著,钱锺书,39.00元,1991-2-1,人民文学出版社,9.3,(96510人评价),《围城》是一幅栩栩如生的世井百态图，人生的酸甜苦辣千般滋味均在其中得到了淋漓尽致的体现。钱钟书先生将自己的语言天才并入极其渊博的知识，再添加上一些讽刺主义的...
童年,文学,名著,[苏联]高尔基,38.00,2018-5,译林出版社,8.5,(496人评价),高尔基写童年的悲惨经历，目的不是为了向人显示他是多么值得同情与可怜，也不仅仅是简单地回忆童年生活，而是用自己童年的亲身经历，告诉读者，无论环境多么恶劣，生活...
悲惨世界,文学,名著,[法]雨果,110.00元,2015-6,人民文学出版社,9.6,(16194人评价),《悲惨世界(上中下)(精)》是雨果在流亡期间写的长篇小说，是他的代表作，也是世界文学宝库的珍品之一。《悲惨世界(上中下)(精)》通过冉阿让等人的悲惨遭遇以...
城南旧事:纪念普及版,文学,名著,林海音文、关维兴图,16.00元,2003-7,中国青年出版社,9.1,(147806人评价),多少年来，《城南旧事》感动了一代又一代的读者，除了再版无数次的小说版外，1985年，本书在中国大陆搬上银幕，电影“城南旧事”获得“中国电影金鸡奖”、第二届“...
欧也妮·葛朗台,文学,名著,[法]巴尔扎克,22.00,2017-3,译林出版社,8.7,(2609人评价),葛朗台是世界文学史上的经典的形象，在世界各地成为“守财奴”代言人。巴尔扎克塑造人物、制造戏剧冲突的能力，在这部杰出小说里得到充分发挥，留下令人赞叹的不朽故...
半小时漫画《红楼梦》,文学,名著,二混子,2023-6,文汇出版社,二混子,7.2,(818人评价),没耐心读红楼梦！陈磊（笔名：混子哥）领衔的半小时漫画团队仅仅通过诙谐的语言和手绘漫画的形式，捋清了红楼梦的人物关系和故事脉络——贾氏公司咋破产的，宝黛爱情咋...
变形记,文学,名著,[奥地利]弗朗茨·卡夫卡,39.80,2020-11-1,浙江人民出版社,9.0,(3602人评价),“早上醒来，我发现自己变成了一只甲虫。震惊、挣扎、自责、悔恨，却没人在乎。”格里高尔原本是家中的财务支柱，照顾父母和妹妹。而这一天早上发生的事却改变了一切...
百年孤独,文学,名著,[哥伦比亚]加西亚·马尔克斯,39.50元,2011-6,南海出版公司,9.3,(404662人评价),《百年孤独》是魔幻现实主义文学的代表作，描写了布恩迪亚家族七代人的传奇故事，以及加勒比海沿岸小镇马孔多的百年兴衰，反映了拉丁美洲一个世纪以来风云变幻的历史。...
子夜,文学,名著,茅盾,19.80元,2002-1,人民文学出版社,7.2,(7600人评价),本书是大学生必读丛书中的一册，书中以教育部全国高等学校中文学科教学指导委员会指定书目为依据，收录了著名作家茅盾先生的长篇小说《子夜》。本书具有很强的经典性...
人生的枷锁,文学,名著,[英]威廉·萨默赛特·毛姆,50,2016-9,作家出版社,8.9,(1369人评价),《人生的枷锁》是毛姆十数年精心构思创作出的半自传体现实主义巨著，被誉为“天才的著作”，广受评论家好评，为世界各国读者所传诵。小说部分取材于毛姆早年的真实生...
鲁滨逊漂流记,文学,名著,[英国]丹尼尔·笛福,39.00元,2020-11,译林出版社,8.6,(1677人评价),【编辑推荐】每一个陷入困境、孤立无援的人都该一读，这本书会让你更加强大。“英国小说之父”丹尼尔.笛福的传世之作，以全新面貌呈现，带我们重温经典。这是一个孤...
钢铁是怎样炼成的,文学,名著,(苏)尼古拉·奥斯特洛夫斯基,2017-9,天津人民出版社,陈恒哲,8.4,(3652人评价),“人的一生应该怎样度过？”年仅29岁，双目失明的尼古拉·奥斯特洛夫斯基在索契寒冷的夜里为全世界的青年发出的这声疑问，铸就了指引一代代人的灯塔——《钢铁是怎样...
活着,文学,名著,余华,20.00元,2012-8-1,作家出版社,9.4,(780079人评价),《活着(新版)》讲述了农村人福贵悲惨的人生遭遇。福贵本是个阔少爷，可他嗜赌如命，终于赌光了家业，一贫如洗。他的父亲被他活活气死，母亲则在穷困中患了重病，福贵...
水浒传,文学,名著,施耐庵、罗贯中,195.00元,2018-1,人民文学出版社,9.0,(3031人评价),《水浒传》，又称《水浒》、《忠义水浒传》、《水浒全传》，是中国古典章回小说“四大名著”之一，由施耐庵、罗贯中合著。《水浒传》叙述了北宋末年以宋江为首的英雄人...
被伤害与侮辱的人们,文学,名著,（俄）陀思妥耶夫斯基,22.00,2004-11,上海译文出版社,8.9,(281人评价),《被伤害与侮辱的人们》系19世纪俄国打文豪陀思妥耶夫斯基的重要作品之一。小说描写了资产阶级冒险家瓦尔科夫斯基对“小人物”尤其是两个弱女子的迫害和一手造成的两...
穿过荒野的女人：华文女性小说世纪读本:华文女性小说世纪读本,文学,港台,苏伟贞、刘俊主编,56.00,2015-6,南京大学出版社,7.4,(82人评价),综观新文学以降，华文女性书写场与批评的荒芜，曾经牛步辗转，来到二十世纪，究竟是进步还是退步？女性角色与遭遇反映于书写，究竟是开阔还是狭幅？华文女性小说的写作...
從逆寇到民族英雄:清代張煌言形象的轉變,文学,港台,陳永明,NTD320,2017-9-12,臺大出版中心,7.4,(33人评价),張煌言，曾與鄭成功合作反清，一起北征、攻打南京。兵敗後，鄭成功遠走臺灣；張煌言則選擇以死明志，被清廷處決於杭州。張煌言從容就義的氣節及其抗清事蹟，並未隨著時...
記憶無非看透的一切,文学,港台,安妮·艾諾,2022-11-26,大塊,張穎綺,,(46人评价),那一刻，我殺掉的是體內的母親。2022年諾貝爾文學桂冠──安妮-艾諾生死並存，獻祭與救贖的血肉//電影《正發生》原著小說//◆本書賣點◆2022年...
契約之成立與生效:契約法講義I,文学,港台,陳自強,TWD560.00,2018-10,元照出版公司,9.4,(40人评价),摆脱传统教科书按民法典编排顺序的叙述方式，而依其对契约成立与生效的理论认识，重新建构法律行为体系，希望能提供民法学习上与法律行为研究上崭新视野。内容分为「...
反穀:穀物是食糧還是政權工具？人類為農耕社會付出何種代價？一個政治人類,文学,港台,詹姆斯.斯科特(JamesC.Scott),NTD450,2019-6-29,麥田,8.9,(189人评价),兩河流域文明的開展，起源於農業社會。高度文明的開始，背後有農業社會支撐？本書推翻過去對國家與文明成形基本假設，提出野心統治才是今日城邦建立的原型。《紐約...
東京輓歌,文学,港台,安西水丸,400NT,2023-5-4,鯨嶼文化,,(18人评价),【男人的故鄉是少年時代。】而成為大人，指的就是與無數的、無道理可言的死亡相逢。日本「拙巧派」漫畫元祖安西水丸自傳體長篇漫畫《東京輓歌》少年系・...
