1,2,3,4,5,6,7,8,9,10,11,12,13,14,15,16,17,
,,,,,,,1,,,,1,,,1,,,10000
,1,,,,,,1,,,,1,,,,,,10001
,,,,,,,,,,,,,,1,,,10002
,,,,,1,,1,,,,1,,,1,,,10003
,,,,,1,1,1,1,,,1,1,,1,,,10004
,,,,,1,,,1,,,1,,,1,,,10005
,,,,,,,,1,,,1,,,,,,10006
,,,,,,,,1,,,1,,,1,,,10007
,,,,,,1,,,,,1,1,,1,,,10008
,,,,,,,,,,,1,1,,1,,,10009
,,,,,,,,1,,,1,,,1,,,10010
,,,,,,1,1,1,,1,1,1,,1,,,10011
,,,,,,1,,1,,1,,,,,,,10012
,1,1,,,1,,,1,,,1,1,,1,,,10013
,,,,,,,1,,,,1,,,,,,10014
,,1,,,,,1,1,,1,1,,,1,,,10015
,,,,,1,1,,,,,1,1,,1,,,10016
,,,,,,,,1,,,1,,,,,,10017
,1,1,,,1,1,1,1,,,1,1,,1,,,10018
,1,,,,,1,,,,,1,,,1,,,10019
,1,,,,,1,1,1,,1,1,,,1,,,10020
,,,,,1,1,,1,,,1,1,,1,,,10021
,,,,,1,,1,1,,,1,,,1,,,10022
,,,,,1,1,1,,,,1,,,1,,,10023
,,,,,,,1,1,,1,1,,,1,,,10024
,,,,,1,1,,,,,1,,,1,,,10025
,,,,,,,,1,,,,,,,,,10026
,,1,,,,,1,1,,,1,,,1,,,10027
,,,,,,,,,,1,1,,,1,,,10028
,,,,,,,,1,,,1,,,1,,,10029
,,,,,1,,1,1,,1,1,1,,1,,,10030
,,,,,,1,,1,,,1,1,,,,,10031
,,,,,,,,,,,1,,,1,,,10032
,,,,,1,,,1,,,1,,,1,,,10033
,,,,,,,,1,,1,1,,,1,,,10034
,1,,,,1,,,1,,1,1,,,,,,10035
,,,,,,1,1,1,,1,1,,,1,,,10036
,,,,,,,,,,,1,,1,,,,10037
,,,,,,1,,,,,,,,,,,10038
,,,,,1,,,1,,,1,,,,,,10039
,,,,,,1,,1,,,1,,,1,,,10040
,,,,,,,,1,,,1,,,1,,,10041
,,,,,1,,1,,,,1,,,1,,,10042
,,,,,,,,,,,1,,,,,,10043
,,,,,1,,,,,,,,,,,,10044
,,,,,1,,,1,,,1,,,,,,10045
,,,,,,,,1,,,1,,,1,,,10046
,,,,,1,1,1,1,,,1,1,,1,,,10047
,,,1,,1,1,,,,,1,,,1,,,10048
,,,,,,,,,,,1,1,,1,,,10049
,,,,,,,,,,,,,,1,,,10050
,,,,,1,,,1,,,1,,,1,,,10051
,,,,,,1,,,,,1,,,1,,,10052
,1,,,,,,1,,,,1,1,,,,,10053
,,,,,,,,,,,1,1,,,,,10054
,1,,,,1,,,,,,,,,1,,,10055
,,,,,,,,1,,,1,1,,,,,10056
,,,,,1,1,,,,1,1,,,,,,10057
,,1,,,,,,,,1,1,1,,1,,,10058
,,1,,,,,,,,1,1,1,,1,,,10059
,,1,,,1,,,1,,1,1,,,1,,,10060
,,,,,,,1,,,1,1,1,,1,,,10061
,,,,,,,1,,,1,1,1,,1,,,10062
,,,,,1,,1,,,1,,,,1,,,10063
,,,,,1,,1,1,,1,1,,,1,,,10064
,,1,,,1,,,,,1,1,,,1,,,10065
,,,,,,,1,1,,1,1,,,1,,,10066
,1,1,,,,,1,1,,1,1,,,1,,,10067
,,1,,,,,,,,1,1,,,1,,,10068
,,1,,,,,1,1,,1,1,1,,1,,,10069
,,,,,,1,1,,,1,1,,,,,,10070
,,,,,1,,1,,,1,1,,,1,,,10071
,,,,,,,1,1,,1,1,,,,,,10072
,,,,,,1,,,,1,,,,,,,10073
,,1,,,,,1,,,1,1,,,1,,,10074
,,,,,1,1,,,,,1,1,,1,,,10075
,,,,,1,,1,1,,,1,,,1,,,10076
,,,,,,1,1,,,,1,1,,1,,,10077
,,,,,,,,,,,1,1,,1,,,10078
,,,,,1,,,,,,1,,,,,,10079
,,1,,,1,,,,,,,,,,,,10080
,,,,,,,1,,,,1,,,1,,,10081
,,1,,,1,,1,,,,1,,,1,,,10082
,,,,,1,,1,1,,,1,,,,,,10083
,,,,,1,,,,,,,,,1,,,10084
,1,,,,1,,1,,,,1,,,1,,,10085
,,,,,1,,,1,,,,,,,,,10086
,,,,,1,,,,,,1,,,,,,10087
,,,,,1,,,,,1,1,1,,1,,,10088
,,,,,,1,,1,,1,1,1,,1,,,10089
,,,,,1,,,,,,1,,,,,,10090
,,,,,,,1,1,,,1,,,1,,,10091
,,,,,1,1,,,,,1,1,,1,,,10092
,,,,,1,1,,,,,1,,,1,,,10093
,,,,,1,,1,,,,1,,,1,,,10094
,,,,,1,,,1,,,1,,,,,,10095
,,,,,1,,1,,,,1,,,1,,,10096
,,,,,1,,1,,,1,1,,,1,,,10097
,,,,,,,,,,,,,,,,,10098
,,,,,1,1,1,1,,,1,,,1,,,10099
,,,,,,,1,,,,1,1,,1,,,10100
,,,,,,,1,1,,1,,,,,,,10101
,,,,,,,,,,,,,,1,,,10102
,,,,,1,1,1,,,,1,1,,1,,,10103
,,,,,1,1,1,1,,,1,,,,,,10104
,,,,,1,,,,,,1,,,1,,,10105
,,,,,1,,1,,,,,,,1,,,10106
,,,,,,,1,1,,,1,,,1,,,10107
,,,,,,1,1,1,,,1,,,,,,10108
,,,,,,,,1,,,1,1,,,,,10109
,,,,,,1,,1,,,1,,,,,,10110
,,,,,,,1,,,,1,,,1,,,10111
,,,,,,,,1,,,1,,,,,,10112
,1,,,,1,1,,,,,1,1,1,1,,,10113
,,,,,1,,,1,,,1,,,,,,10114
,,,,,,1,1,1,,,1,1,,1,,,10115
,,,,,1,,,,,,1,1,,1,,,10116
,1,,,,1,,,,,,1,,,1,,,10117
,,,,,,,,,,,1,,,,,,10118
,,,,,1,,,,,,1,,,1,,,10119
,,,,,1,,,,,,1,,,1,,,10120
,,,,,,1,1,1,,,,,,1,,,10121
,,,,,1,1,1,1,,,1,1,,1,,,10122
,,,,,1,1,,,,,1,,,,,,10123
,,1,,,1,,1,1,,,1,1,,1,,,10124
,,,,,1,,,1,,,,1,1,1,,,10125
,,,,,1,,,,,,1,,,,,,10126
,,1,,,,,,1,,,1,1,,1,,,10127
,,1,,,1,1,1,1,,,1,,,1,,,10128
,,,,,1,,,1,,,1,,,,,,10129
,,,,,,1,,1,,,1,,,1,,,10130
,,,,,,,,,,,1,,,1,,,10131
,,,,,,,,,,,1,1,,1,,,10132
,,,,,1,,,1,,,1,,,,,,10133
,,,,,,,1,,,,1,1,,1,,,10134
,1,,,,1,,,,,,1,,,1,,,10135
,,,,,,,1,1,,,1,1,,1,,,10136
,,,,,,,,,,,1,,,1,,,10137
,,,,,,,,,,,1,1,,1,,,10138
,1,,,,1,,,1,,,1,,,1,,,10139
,,,,,,,1,,,,1,,,,,,10140
,,,,,,,,,,1,,,,,,,10141
,,,,,,1,,1,,,1,,,1,,,10142
,,,,,,1,1,,,1,1,1,,1,,,10143
,,,,,1,,,,,,1,,,1,,,10144
,,,,,1,,1,,,,1,,,1,,,10145
,,,,,1,,1,,,1,1,,,1,,,10146
,1,,,,1,,,,,,1,1,,1,,,10147
,,,,,,,,1,,,1,,,1,,,10148
,,,,,1,,,,,,1,1,,1,,,10149
,1,,,,1,,,1,,,1,,,1,,,10150
,,,,,,1,,,,,,,,,,,10151
,,,,,1,,1,1,,,1,,,1,,,10152
,,,,,1,,,,,1,1,1,,1,,,10153
,,,,,,1,,1,,,1,1,,1,,,10154
,,,,,,,1,,,,1,,,1,,,10155
,,,,,1,,,,,,1,,,,,,10156
,1,1,,,1,1,1,1,,,1,,,1,,,10157
,,,,,,,,1,,,1,,,,,,10158
,,,,,,,,,,,,,,,,,10159
,,,,,,1,,,,1,1,1,,1,,,10160
,,,,,,1,1,,,1,1,1,,1,,,10161
,,,,,,,1,,,1,1,,,,,,10162
,,,1,,1,,,,,,,,,1,,,10163
,1,,,,1,,,,,,1,1,,1,,,10164
,,1,,,1,,,,,,1,,,1,,,10165
,,,,,1,,,,,,1,,,,,,10166
,,1,,,1,,,,,,1,,,1,,,10167
,,1,,,1,,,1,,,1,,,1,,,10168
,,,,,,,,1,,,1,,,1,,,10169
,,,,,1,,1,,,,1,,,1,,,10170
,,,,,,1,,,,1,,,,1,,,10171
,,,,,1,,1,,,,1,,,1,,,10172
,,1,,,,,1,,,,1,,,,,,10173
,,,,,,,,,,,,,,1,,,10174
,,,,,,,,,,,1,1,1,1,,,10175
,,,,,1,1,,,,,1,,,1,,,10176
,,,,,,,1,,,,1,1,,1,,,10177
,,,,,1,,,,,,1,,,,,,10178
,,1,,,,,,,,,1,,,,,,10179
,,1,,,,,,,,,1,,,1,,,10180
,1,,,,,,,1,,,1,,,,,,10181
,,,,,1,,,1,,,1,,,1,,,10182
,,,1,,1,1,,1,,,1,,,,,,10183
,,1,,,,,1,,,,1,,,1,,,10184
,,,,,1,,,,,,1,,,1,,,10185
,,,,,1,1,1,1,,,1,,,1,,,10186
,,,,,,1,1,,,,1,1,,1,,,10187
,,,,,,1,1,1,,,1,,,1,,,10188
,,,,,,1,1,1,,,1,,,1,,,10189
,1,,,,1,,,1,,,1,,1,1,,,10190
,,,,,,,,,,1,,,,,,,10191
,,,,,,1,1,,,,,,,,,,10192
,,,,,,,,1,,,1,,,1,,,10193
,,,,,,,1,,,,1,,,1,,,10194
,,1,,,1,1,,,,,,1,,1,,,10195
,,,,,1,1,,,,,1,1,,1,,,10196
,,,,,1,1,,,,1,1,,,1,,,10197
,,,,,,,1,,,,1,,,1,,,10198
,,1,,,,,1,,,,1,,,1,,,10199
,,,1,,,1,,,,,1,1,,1,,,10200
,,,,,,,,1,,1,1,,,1,,,10201
,1,,,,1,,1,1,,1,1,,,1,,,10202
,,1,,,,,,,,,1,,,1,,,10203
,,,,,,1,,1,,,1,,,1,,,10204
,,,,,,,,1,,,1,,,,,,10205
,,1,1,,,,1,,,,1,,,1,,,10206
,,,,,,1,,1,,,,,,,,,10207
,,1,,,,1,1,1,,1,1,,,1,,,10208
,,,,,,,1,,,,1,,,1,,,10209
,,,,,1,,,1,,,,,,,,,10210
,,,,,1,,,1,,,1,1,,1,,,10211
,,,,,1,,,,,1,1,,,1,,,10212
,,,,,1,1,1,1,,,,,,,,,10213
,,,,,1,1,,1,,,1,1,,1,,,10214
,,,,,,1,,,,,1,1,,1,,,10215
,,,,,,,1,1,,,1,,,1,,,10216
,,,,,,,,1,,,1,,,1,,,10217
,,,,,1,,,,,1,,,,,,,10218
,,,,,,,,1,,,1,,,1,,,10219
,,,,,,,1,,,,1,,,1,,,10220
,,,,,1,1,,1,,,1,,,,,,10221
,,,,,,,,,,,1,,,1,,,10222
,,1,,,,,,,,,1,,,1,,,10223
,,,,,,,,,,,1,,,1,,,10224
,,,,,,1,,1,,,1,1,,1,,,10225
,,,,,1,,1,,,,1,,,1,,,10226
,,,,,,1,1,,,,1,,,1,,,10227
,1,,,,1,,1,,,,1,1,,1,,,10228
,,,,,,1,,1,,,1,1,,1,,,10229
,,,,,,,1,1,,,1,1,,1,,,10230
,,,,,,1,,,,,1,,,1,,,10231
,,,,,1,,,1,,,1,1,,1,,,10232
,,,,,,,,,,,1,1,,1,,,10233
,1,,,,1,1,,,,,1,1,,1,,,10234
,,,,,,,,1,,,1,,,,,,10235
,,,,,,,1,,,,1,,,1,,,10236
,,1,,,,,,,,1,,,,,,,10237
,,,,,,,,1,,,1,1,,1,,,10238
,,1,,,,,,,,,1,,,1,,,10239
,,,1,,1,1,1,,,,1,,,1,,,10240
,,1,,1,,,1,,1,1,,,,1,,,10241
,,,,,,1,,1,,1,1,1,,1,,,10242
,,,,,,,,,,,,,,1,,,10243
,,,,,,,1,1,,,1,,,1,,,10244
,,,,,1,1,,1,,,1,,,1,,,10245
,,,,,1,1,,1,,,1,1,,1,,,10246
,,,,,,1,,,,,1,1,,1,,,10247
,,,,,,,1,,,,1,,,1,,,10248
,,,,,,1,,,,,1,1,,1,,,10249
,1,,,,1,,1,1,,,1,,,,,,10250
,,,,,1,,1,1,,,1,,,,,,10251
,,,,,,1,,,,,1,,,1,,,10252
,,,,,,,,,,,1,,,1,,,10253
,1,,,,,,1,1,,,1,1,,1,,,10254
,,,,,,1,1,,,1,1,,,1,,,10255
,,,,,,,,,,,1,,,,,,10256
,,,,,,,1,1,,,1,,,1,,,10257
,,,,,,1,,1,,,1,1,,1,,,10258
,,,,,,1,1,,,,1,,,1,,,10259
,,,,,1,,1,,,,1,,,1,,,10260
,,,,,,1,,1,,,1,,,1,,,10261
,,,,,1,,,,,,,,,1,,,10262
,,,,,1,1,,1,,,1,1,,1,,,10263
,,,,,1,,,1,,,1,,,1,,,10264
,,,1,,,,1,1,,,1,,,1,,,10265
,,,,,,,,,,,1,,,1,,,10266
,,,,,1,,1,,,,,,,,,,10267
,1,,,,,,,1,,,1,1,,1,,,10268
,,,,,,,1,,,,1,,,1,,,10269
,,,,,,,1,,,,1,,,1,,,10270
,,,,,,,1,,,,1,,,1,,,10271
,,,,,,,,1,,,1,,,1,,,10272
,,,,,,,,,,,1,,,,,,10273
,,,,,1,1,1,,,1,1,1,,1,,,10274
,,,,,,1,,,,,1,1,,1,,,10275
,,,,,,,,,,1,1,,,1,,,10276
,,,,,1,1,1,1,,,1,1,,1,,,10277
,,,,,,,1,1,,,1,1,,1,,,10278
,,,,,,,,1,,,1,,,,,,10279
,1,,,,,,1,,,,1,,,1,,,10280
,,,,,1,,,1,,1,1,,,1,,,10281
,,,1,,,,1,,,1,1,,,,,,10282
,,,1,,,,,,,,1,,,1,,,10283
,,1,,,,,,1,,,,,,,,,10284
,,,,,,1,1,1,,,1,1,,1,,,10285
,,,,,1,1,1,1,,,1,1,,1,,,10286
,,,,,,,,1,,,1,,,1,,,10287
,,,,,1,1,,,,,1,1,,1,,,10288
,,,,,,,1,,,,1,,,1,,,10289
,,,,,,1,,1,,,1,1,,1,,,10290
,,,,,,1,,1,,1,1,1,,1,,,10291
,1,,,,1,,,,,,1,,,1,,,10292
,,,,,,,1,,,,1,,,1,,,10293
,,,,,,,1,,,,1,,,1,,,10294
,1,,,,,,1,,,,1,,,1,,,10295
,,,,,,,1,,,,,,,,,,10296
,,,,,,1,1,1,,,1,,,,,,10297
,,,,,,,1,,,,1,,,1,,,10298
,,,,,,,1,,,1,1,,,1,,,10299
,,,,,,,,1,,1,,,,,,,10300
,,,,,1,1,,1,,,1,1,,1,,,10301
,,,,,1,,1,1,,,1,,,1,,,10302
,,,,,,,1,,,,1,,,1,,,10303
,,,,,,,1,1,,,1,,,1,,,10304
,,,,,1,,1,,,,1,,,1,,,10305
,,,,,,,1,1,,,1,,,1,,,10306
,,,,,,,1,,,,1,,,1,,,10307
,,,,,1,,1,1,,,1,,,1,,,10308
,,,,,,,1,,,,1,,,,,,10309
,,,,,,,1,1,,,1,,,,,,10310
,,,,,,1,1,,,,1,,,1,,,10311
,,,,,,,1,1,,,1,,,1,,,10312
,,,,,,,1,1,,,1,,,1,,,10313
,1,,,,,,1,,,,1,,,,,,10314
,,,,,,,1,1,,,1,,,,,,10315
,,,,,,1,1,1,,1,1,,,1,,,10316
,,,,,,,1,,,,1,,,1,,,10317
,,,,,1,,1,1,,,1,,,1,,,10318
,1,,,,1,1,,1,,,1,1,,1,,,10319
,,,,,,,,1,,1,1,,,,,,10320
,,1,,,,,,,,,1,1,,1,,,10321
,,,,,1,1,,,,,1,,,,,,10322
,,,,,1,,1,1,,,1,1,,1,,,10323
,,,,,1,1,,1,,,1,1,,1,,,10324
,,,,,,1,,,,,,1,,,,,10325
,,,,,1,,,,,,1,1,,1,,,10326
,,,,,1,1,,,,,1,,,,,,10327
,,,,,1,,,1,,,1,,,,,,10328
,,,,,1,,1,1,,1,1,,,1,,,10329
,,,,,1,1,,,,1,,,,1,,,10330
,,,,,,,1,,,1,1,,,,,,10331
,,,1,,,,,1,,,1,,,1,,,10332
,,,,,1,,1,1,,,1,,,1,,,10333
,1,,,,1,,,,,,1,,,1,,,10334
,,,,,,,,1,,,1,,,1,,,10335
,,,,,1,,,,,,1,,,1,,,10336
,,,,,,,,,,,1,,,1,,,10337
,,,,,1,,,,,,1,1,,1,,,10338
,,,,,,1,1,1,,,1,1,,1,,,10339
,,,,,1,,,,,,,,,,,,10340
,1,,,,,1,1,,,,1,1,,1,,,10341
,,,,,,,1,1,,1,1,1,,,,,10342
,,,,,,,,,,,1,,,1,,,10343
,,,,,,,1,,,1,,1,,1,,,10344
,,,,,1,,,1,,,1,,,,,,10345
,,,,,1,,,,,,1,,,1,,,10346
,,1,,,1,,,1,,,1,,,1,,,10347
,,,,,1,,,1,,,,,,,,,10348
1,,,,,1,1,1,,,1,1,1,,1,,,10349
,,,,,1,,,,,,1,,1,1,,,10350
,,,1,,,,1,,,,1,,,1,,,10351
,,,,,1,,,1,,,1,,,,,,10352
,,,,,1,,,,,,1,1,,1,,,10353
,,,,,,1,1,1,,,1,,,,,,10354
,,,,,,,,1,,,1,,,1,,,10355
,,,,,1,,1,,,,1,,,1,,,10356
,,,,,,,,,,,,,,,,,10357
,,,,,,1,1,1,,,1,,,1,,,10358
,,,,,,1,,1,,,,,,,,,10359
,1,,,,1,,,,,,,,,1,,,10360
,,,,,1,,1,,,,1,1,,1,,,10361
,,,,,1,,,,,,1,,,1,,,10362
,,,,,,,,,,,1,,,,,,10363
,,1,,,1,,1,1,,,1,,,1,,,10364
,,,,,1,1,1,,,,1,,,1,,,10365
,,,,,,1,1,,,,1,1,,1,,,10366
,,,,,,1,,,,,1,,,1,,,10367
,,1,,,,,,,,,1,,,1,,,10368
,,,,,1,,1,1,,,1,1,,1,,,10369
,,,,,1,,,,,,1,,,1,,,10370
,,,,,1,1,1,,,,,,,,,,10371
,,,,,,,1,1,,,,,,1,,,10372
,,,,,,,1,1,,,,,,1,,,10373
,,,,,,1,,1,,,,,,1,,,10374
,,,,,,1,1,1,,,1,,,1,,,10375
,,,,,1,,,1,,,1,,,1,,,10376
,,,,,1,,1,1,,,1,1,,1,,,10377
,,,,,,1,1,1,,,1,,,1,,,10378
,,,,,,,1,,,,1,,,1,,,10379
,,,,,1,,,,,,1,,,1,,,10380
,,,,,1,,,1,,,,,,,,,10381
,,,,,1,,,1,,,1,,,,,,10382
,,,,,,1,,1,,,1,1,,1,,,10383
,,,,,1,1,1,1,,,1,,,1,,,10384
,,,,,,1,,1,,,1,,,,,,10385
,,1,,,1,,,1,,,1,1,,1,,,10386
,,,,,,,1,1,,,1,,,1,,,10387
,,,,,1,,,,,,1,,,,,,10388
,,,,,1,,,1,,,1,1,,1,,,10389
,1,1,,,,,,1,,1,1,1,,1,,,10390
,,,,,,,,,,,1,,,1,,,10391
,,,,,,,,,,,,,,1,,,10392
,,,,,,,,,,,,,,,,,10393
,,1,,,1,,1,,,,1,,,1,,,10394
,,,,,,,,,,,1,,,,,,10395
,,,,,,,1,1,,,1,,,,,,10396
,,,,,,,,,,,1,,,1,,,10397
,1,,,,,1,1,,,,1,1,,1,,,10398
,1,,,,1,1,,,,,1,,,1,,,10399
,1,,,,,1,,,,,,1,,,,,10400
,,,,,,1,,1,,,1,,,1,,,10401
,,,,,,1,1,,,,1,1,,1,,,10402
,,,,,1,1,1,1,,,1,,,1,,,10403
,,,,,1,,,1,,,1,,,,,,10404
,1,,,,1,,1,,,,1,,,1,,,10405
,,,,,1,,,,,,1,,,,,,10406
,,,,,,,,,,,1,,,1,,,10407
,,,,,1,,1,1,,,1,,,1,,,10408
,,,,,1,,,1,,,1,1,,1,,,10409
,1,,,,1,,,,,1,1,,,1,,,10410
,,,,,1,,1,,,,1,,1,1,,,10411
,1,,,,1,,,1,,,1,,,,,,10412
,,,,,1,1,1,1,,,1,1,,1,,,10413
,,1,1,,1,1,,,,,1,1,,1,,,10414
,,,,,,1,,,,,1,1,,1,,,10415
,,,,,1,,,,,,1,,,,,,10416
,,,,,,1,,,,,1,1,,1,,,10417
,,,,,1,1,,1,,,1,,,1,,,10418
,,,,,,1,1,1,,,1,,,1,,,10419
,,1,,,1,1,,,,,1,,,1,,,10420
,,,,,1,1,,1,,,1,,,1,,,10421
,,,,,,,1,1,,,1,,,1,,,10422
,,,,,1,1,,,,,,1,,,,,10423
,,,,,,1,,,,,1,1,,1,,,10424
,,,,,,1,1,,,,1,1,,1,,,10425
,,,,,,1,,,,,1,1,,1,,,10426
,,,,,,1,,,,,,,,,,,10427
,,,,,1,,,,,,1,,,1,,,10428
,,,,,,,,1,,,1,,,1,,,10429
,,,,,1,1,,1,,,1,,,1,,,10430
1,,,,,,,,,,1,1,,,1,,,10431
,,,,,,,,,,,1,,,1,,,10432
,,,,,,,1,,,,1,,,1,,,10433
,,,,,,1,,,,,1,1,,1,,,10434
,,,,,1,,,,,,1,,,,,,10435
,,,,,,,,,,,1,1,,,,,10436
,,,,,,1,,1,,,1,1,,1,,,10437
,,,,,,1,1,1,,,1,1,,1,,,10438
,,,,,1,1,,1,,,1,1,,,,,10439
,1,,,,,1,1,,,,1,1,,1,,,10440
,,,,,,1,,1,,,1,1,,1,,,10441
,,,,,,,1,,,1,1,1,,1,,,10442
,,,,,,1,1,1,,,1,1,,1,,,10443
,,,,,1,,,,,,1,,,,,,10444
,1,,,,1,1,1,,,,1,,,1,,,10445
,,,,,1,,,,,,1,,,1,,,10446
,,,,,1,,,,,,1,1,,1,,,10447
,,,,,,1,,1,,,1,1,,1,,,10448
,,,,,,1,,,,,1,,,,,,10449
,1,,,,,1,1,1,,,1,,,1,,,10450
,,,,,,1,1,1,,,1,,,1,,,10451
,,,,,,1,,,,,1,,,1,,,10452
,,,,,,1,1,,,,1,,,1,,,10453
,1,,,,1,,,,,,1,1,,1,,,10454
,,,,,1,1,,,,,,,,1,,,10455
,,,,,,,1,,,,1,1,,1,,,10456
,,,,,,,,,,,1,,,,,,10457
,,1,,,1,1,1,1,,1,1,,,1,,,10458
,,,,,1,,1,,,1,1,,,,,,10459
,,,,,1,,1,,,,1,,,1,,,10460
,,,,,1,,1,,,,,,,,,,10461
,,,,,,1,1,,,1,1,1,,1,,,10462
,,,,,,1,,1,,1,1,1,,1,,,10463
,,,,,,1,,1,,,1,,,1,,,10464
,,,,,,,,,,,1,,,,,,10465
,,,,,,,1,,,,1,,,1,,,10466
,,,,,,,1,1,,,1,1,,1,,,10467
,,,,,,,1,1,,,1,,,1,,,10468
,,,,,1,,1,,,,1,,,,,,10469
,,,,,,,1,1,,,1,,,1,,,10470
,,,,,,,1,1,,,1,,,1,,,10471
,,,,,1,1,1,1,,,1,,,1,,,10472
,,,,,,,1,,,1,1,1,,1,,,10473
,,,,,,,1,,,,1,1,,1,,,10474
,,,,,,,1,1,,,1,,,,,,10475
,,,,,,,1,1,,,1,,,,,,10476
,,,,,1,1,1,,,,1,,,1,,,10477
,,,,,,,1,1,,,1,,,1,,,10478
,,,,,,,1,,,,1,,,1,,,10479
,,,,,,,1,,,,1,1,,1,,,10480
,,,,,,1,1,1,,,1,,,,,,10481
,,,,,,,1,1,,,1,,,,,,10482
,,,,,1,,1,,,,1,,,,,,10483
,,,,,1,,1,,,1,1,,,,,,10484
,,,,,1,,1,1,,,1,,,1,,,10485
,,,,,,,1,,,,1,,,1,,,10486
,,,,,,,1,,,,1,,,,,,10487
,,,,,,,1,1,,,1,,,1,,,10488
,,,,,,,1,1,,,1,1,,1,,,10489
,,,1,,,,1,1,,,1,,,,,,10490
,,,,,,,1,,,,1,,,1,,,10491
,,,,,,,1,,,,1,,,1,,,10492
,,,,,1,,1,1,,,1,,,1,,,10493
,,,,,,1,1,1,,,1,,,,,,10494
,,,,,1,,1,1,,,1,,,1,,,10495
,,,,,,,1,,,,1,,,,,,10496
,,,,,,,1,1,,,1,,,1,,,10497
,,,,,,,1,,,,1,1,,,,,10498
,,,,,,,1,1,,1,1,,,1,,,10499
,,,,,,1,1,1,,,1,,,1,,,10500
,,,,,,,1,1,,,1,,,1,,,10501
,,,,,,1,1,1,,,1,,,1,,,10502
,,,,,,1,1,,,,1,,,1,,,10503
,,,,,,,1,,,,1,,,,,,10504
,,,,,,,1,,,,1,,,1,,,10505
,,1,,,1,,1,,,,1,,,1,,,10506
,,,1,,,,1,,,,1,,,1,,,10507
,,,,,,,1,1,,,1,,,,,,10508
,,,,,,1,1,1,,,1,,,1,,,10509
,,,,,,,1,,,,1,,,,,,10510
,,,,,1,,1,1,,,,,,,,,10511
,,,,,1,,1,1,,,1,1,,1,,,10512
,,,,,1,1,1,1,,,1,,,1,,,10513
,1,,,,,,1,,,,1,1,,1,,,10514
,,,,,,,,,,,1,1,,1,,,10515
,,,,,1,,,,,,1,,,,,,10516
,,,,,1,1,1,,,,1,,,1,,,10517
,1,,,,1,,1,1,,,1,,,1,,,10518
,,,,,,,,,,,1,1,,1,,,10519
,,,,,,1,,1,,,1,,,,,,10520
,,,,,,,1,,,1,1,1,,1,,,10521
,,,,,,,,,,,1,1,,,,,10522
,,,,,,,1,,,,1,1,,1,,,10523
,,,,,1,1,,,,,1,1,,1,,,10524
,,1,,,,,,,,1,1,1,,,,,10525
,,1,,,,1,,,,,1,,,,,,10526
,1,1,,,1,,,,,,1,,,1,,,10527
,,,,,,,,,,1,1,1,,1,,,10528
,,,,,1,1,,1,,,1,1,,1,,,10529
,,,,,,1,1,1,,1,1,1,,1,,,10530
,,1,,,,1,1,,,1,1,1,,1,,,10531
,,,,,1,1,,,,1,,,,,,,10532
,1,,,,,,1,,,,1,,,1,,,10533
,,,,,,1,1,,,,1,,,,,,10534
,,,,,,1,,,,,1,1,,1,,,10535
,,,,,,1,,,,,1,1,,1,,,10536
,1,,,,,,1,,,,1,,,,,,10537
,,,,,,1,1,,,,1,1,,1,,,10538
,,,,,,1,1,1,,,1,1,,1,,,10539
,,,,,,,,,,1,1,1,,,,,10540
,,,,,,,1,1,,,1,,,1,,,10541
,,,,,,1,,1,,,1,1,,1,,,10542
,,,,,1,,,,,,,,,,,,10543
,1,1,,,1,,,,,,1,,,1,,,10544
,,,,,,,1,1,,,1,,,1,,,10545
,,,,,1,1,1,1,,,1,1,,1,,,10546
,,,,,1,1,,1,,,1,1,,1,,,10547
,,,,,1,1,,1,,,1,1,,1,,,10548
,,,,,,,,,,,1,,,1,,,10549
,,,,,,,,,,,1,,,,,,10550
,,,,,,,1,,,,1,,,1,,,10551
,,1,,,1,,,1,,,1,,,,,,10552
,,,,,,,,,,,1,1,,1,,,10553
,,,,,,1,,,,,1,1,,1,,,10554
,,1,,,,,,1,,,1,,,1,,,10555
,,,,,1,,,,,,1,,,,,,10556
,,,,,1,,,,,,1,,,,,,10557
,,,,,1,,,1,,,1,1,,1,,,10558
,,,,,1,1,1,1,,,1,1,,1,,,10559
,1,,,,1,,1,1,,,1,,,,,,10560
,,,,,,1,1,,,,1,1,,1,,,10561
,1,,,,1,,,1,,,1,,,,,,10562
,,,1,,,,,,,,1,1,,,,,10563
,,,,,,1,,1,,,1,1,,1,,,10564
,,,,,,,,,,,1,1,,,,,10565
,,,,,1,1,,,,,1,,,,,,10566
,,,,,,1,1,1,,1,1,1,,1,,,10567
,,,,,1,,1,,,,,,,1,,,10568
,,,,,1,,1,,,,1,1,,,,,10569
,,,,,,1,,,,,1,1,,1,,,10570
,1,,,,1,,,,,1,,,,1,,,10571
,,,,,,,,,,,1,,,1,,,10572
,,,,,,1,1,1,,,1,1,,1,,,10573
,,1,,,1,,,,,,1,,,1,,,10574
,,,,,,,,1,,,1,,,,,,10575
,,,,,,,1,1,,1,1,,,1,,,10576
,,,,,,,1,,,1,1,,,1,,,10577
,,,,,1,,,,,,1,,,1,,,10578
,,,,,,1,1,,,,1,,,1,,,10579
,,,,,,,,,,,1,,,,,,10580
,,,,,1,,,1,,,1,,,1,,,10581
,1,,,,1,1,,,,,1,,,1,,,10582
,,,,,,,,1,,,,,,,,,10583
,,,,,,,1,,,,,,,1,,,10584
,,,,,1,1,,1,,,1,,,1,,,10585
,,,,,1,,1,,,,1,,,1,,,10586
,,,,,,,,1,,1,1,,,1,,,10587
,1,,,,,1,,,,,1,1,1,1,,,10588
,,,,,,,,1,,,,,,1,,,10589
,,,,,,1,,,,,1,,,,,,10590
,,,,,1,1,,,,,1,,,1,,,10591
,,,,,1,,1,1,,,1,,,,,,10592
,,,,,1,1,1,,,,1,1,,1,,,10593
,,,,,1,1,,1,,,1,1,,1,,,10594
,,,,,1,1,,,,,1,1,,,,,10595
,,,,,1,1,,1,,,1,1,,1,,,10596
,,,,,1,,1,1,,,1,,,1,,,10597
,,,1,,1,1,,1,,,1,1,,1,,,10598
,,,,,1,1,,,,,1,,,,,,10599
,,,,,1,,,,,,1,1,,1,,,10600
,,,,,1,1,,1,,,1,1,,1,,,10601
,1,,,,1,1,,,,,1,,,1,,,10602
,,,,,1,1,1,,,,1,1,,1,,,10603
,1,,,,1,1,,1,,,1,1,1,1,,,10604
,,,,,1,1,1,1,,,1,1,,1,,,10605
,,,,,1,1,,,,,1,1,,1,,,10606
,,,,,1,1,,1,,,1,1,,1,,,10607
,1,,,,1,,,,,,1,1,,1,,,10608
,,,,,1,,,1,,,1,1,,1,,,10609
,,,,,1,,,1,,,1,,,,,,10610
,1,,,,1,,,1,,,1,,,1,,,10611
,,,,,1,,,,,,1,,,1,,,10612
,,,,,,,,,,,1,,,,,,10613
,,,,,,,,,,,1,,,,,,10614
,,,,,,,,1,,,1,,,,,,10615
,,,,,1,,,,,,1,,,1,,,10616
,,,,,,,,,,,,,,,,,10617
,,,,,,1,,,,,1,,,1,,,10618
,,,,,,1,,,,,1,1,,1,,,10619
,,,,,,,,,,,,,,,,,10620
,,,,,,,,,,,,,,,,,10621
,,,,,1,,,,,,,,,,,,10622
,,,,,1,,,,,,,,,,,,10623
,,,,,,,1,1,,,1,,,,,,10624
,,,,,1,,,,,,1,1,,1,,,10625
,,,,,,,1,1,,,1,,,,,,10626
,,,,,,,1,,,,1,,,1,,,10627
,,,,,,,,,,,1,1,,1,,,10628
,,,,,1,1,,1,,,1,1,,1,,,10629
,,,,,1,1,,,,,1,1,,1,,,10630
,,,,,,,,1,,1,1,1,,1,,,10631
,,,,,,1,,,,,1,,,,,,10632
,,,,,,1,1,1,,,1,,,1,,,10633
,,,,,,1,,,,,1,1,,1,,,10634
,,,,,1,1,,1,,,,,,,,,10635
,,,,,1,1,1,1,,1,1,,,1,,,10636
,,,,,1,1,,1,,,1,,,1,,,10637
,1,,,,1,,,,,,1,1,,1,,,10638
,,,,,1,1,,1,,,1,1,,1,,,10639
,,,,,,,,,,,1,1,,1,,,10640
,,1,,,,,1,,,1,1,1,,1,,,10641
,,,,,,,1,,,,1,1,,1,,,10642
,,,,,1,,1,,,,1,1,,1,,,10643
,,,,,,1,1,,,,1,1,,1,,,10644
,,,,,1,1,,1,,1,1,1,,1,,,10645
,,,,,,1,1,1,,,1,1,,1,,,10646
,,,,,,,,,,,,1,,1,,,10647
,,,,,1,1,1,,,,1,1,,1,,,10648
,,,,,1,1,,,,,1,1,,1,,,10649
,,,,,,1,,1,,,1,1,,1,,,10650
,,,,,,,,1,,,1,1,,1,,,10651
,,,,,,,,1,,,1,,,,,,10652
,,,,,,1,,1,,,1,,,,,,10653
,1,,,,1,1,1,1,,,1,,,1,,,10654
,,,,,,,1,,,,1,,,1,,,10655
,,,,,1,,1,,,,1,,1,,,,10656
,,,,,1,1,,,,,1,,,1,,,10657
,,,,,,,1,1,,,1,1,,1,,,10658
,,,,,,1,1,1,,,1,,,1,,,10659
,,,,,,1,,,,,1,1,,1,,,10660
,1,,,,,,1,,,,1,1,,1,,,10661
,,,,,1,,,1,,,1,,,1,,,10662
,,,,,,,,1,,,1,,,,,,10663
,,,,,1,,,,,,1,,,,,,10664
,,,,,,,,,,,1,,,1,,,10665
,1,,,,1,1,1,1,,,1,1,,,,,10666
,,,,,1,,,,,,1,,,1,,,10667
,,,,,,,1,,,1,1,,,1,,,10668
,,,,,,1,,1,,,,,,,,,10669
,,,,,,1,,1,,,1,,,1,,,10670
,,,,,1,,1,1,,,1,1,,1,,,10671
,,,,,,,,,,,1,,,1,,,10672
,,,,,,,1,,,,1,,,1,,,10673
,,,,,,,1,1,,1,1,,,1,,,10674
,,,,,,,1,,,,1,,,1,,,10675
,,,,,,,1,,,,1,,,1,,,10676
,,,,,,1,1,1,,,1,,,1,,,10677
,,,,,,1,1,,,,1,1,,1,,,10678
,,,,,,1,1,1,,,1,1,,1,,,10679
,,,,,,1,1,1,,1,1,,,,,,10680
,,,,,,,,,,1,1,1,,1,,,10681
,,,1,,,1,,1,,,,1,,,,,10682
,,,,,,1,1,,,,1,,,1,,,10683
,,,,,,1,1,1,,,1,1,,1,,,10684
,,,,,,1,1,,,,1,,,,,,10685
,,,,,,1,,1,,,1,1,,1,,,10686
,,,,,,1,1,1,,,1,,,1,,,10687
,,,,,1,1,,1,,,1,1,,1,,,10688
,,,,,,1,,,,,1,1,,1,,,10689
,,,,,,1,,,,1,1,1,,1,,,10690
,,,,,,1,,,,,1,,,,,,10691
,,,,,,1,,,,,1,,,1,,,10692
,,,,,,1,,1,,,1,,,1,,,10693
,,,,,1,,,,,1,1,1,,1,,,10694
,,,,,1,1,1,,,1,1,1,,1,,,10695
,,,,,,1,,1,,,1,,,1,,,10696
,,,,,1,,,,,,1,,,1,,,10697
,,,,,,,,,,,1,,,,,,10698
,,,,,1,1,1,,,,1,1,,1,,,10699
,,1,,,,1,1,1,,,,,,1,,,10700
,,,,,,,,,,,,,,,,,10701
,,,,,,1,,,,,1,1,,,,,10702
,,,,,,1,,1,,,1,1,,1,,,10703
,,,,,,1,,,,1,1,1,,1,,,10704
,1,,,,,1,1,,,,1,,,1,,,10705
,,,,,,1,,,,,1,,,1,,,10706
,,,,,1,,,1,,,1,1,,1,,,10707
,1,,,,,1,1,,,,1,,,1,,,10708
,,,,,1,,1,,,1,1,,,1,,,10709
,1,,,,,,,1,,,1,,,,,,10710
,,,,,,,,1,,,,,,1,,,10711
,,,,,1,1,1,1,,1,1,,,1,,,10712
,,,,,1,1,,1,,,1,1,,1,,,10713
,,,,,,,,1,,,1,,,,,,10714
,,1,1,,,,1,1,,,1,,,,,,10715
,,,,,1,1,,1,,,1,1,,1,,,10716
,,,,,1,1,,1,,,1,1,,1,,,10717
,,,,,,,,1,,,1,,,,,,10718
,,,,,1,1,1,1,,,1,,,1,,,10719
,,1,,,,,1,1,,1,1,,,1,,,10720
,1,,,,1,1,,1,,,1,,,1,,,10721
,1,1,,,1,,,1,,,1,1,,1,,,10722
,,,,,,,,,,,1,1,,1,,,10723
,,,,,,,,1,,,,,,,,,10724
,,,,,1,1,1,1,,,1,1,,1,,,10725
,,,,,1,,1,1,,,1,,,1,,,10726
,,,,,,1,1,,,,1,1,,1,,,10727
,,,,,1,,,,,,,,,1,,,10728
,,,,,1,,,,,,1,,,,,,10729
,,,,,,,,,,,1,,,,,,10730
,,,,,1,,,1,,,1,,,1,,,10731
,,,,,1,,,,,,1,,,,,,10732
,,,,,1,,1,,,,1,,,,,,10733
,,,,,,,,,,,1,,,1,,,10734
,,,,,,,,1,,,1,,,,,,10735
,,,,,,,1,,,,1,1,,,,,10736
,1,,,,1,,,,,,,,,,,,10737
,,,,,1,,,1,,,1,,,1,,,10738
,,,,,,1,1,1,,,1,,,,,,10739
,1,1,,,1,1,,,,,1,1,,1,,,10740
,1,,,,1,,1,,,,1,1,,1,,,10741
,,,,,1,1,1,1,,,1,1,,1,,,10742
,,,,,,,1,1,,,1,,,1,,,10743
,,,,,,1,,,,,1,,,,,,10744
,,,,,,1,1,,,,1,,,1,,,10745
,,,,,,,,,,,,1,,1,,,10746
,1,,,,1,1,1,1,,,1,1,,1,,,10747
,1,,,,,,1,1,,,1,,,,,,10748
,1,,,,,,1,1,,,1,,,,,,10749
,,,,,1,,,,,,1,,,1,,,10750
,,,,,,1,,1,,,1,,,,,,10751
,,,,,1,,,1,,,1,,,1,,,10752
,,,,,1,,1,,,1,1,,,1,,,10753
,,,,,,,1,,,1,1,,,1,,,10754
,,,,,,,,1,,,,,,1,,,10755
,,,,,1,1,1,,,,1,,,1,,,10756
,,,,,,,,,,,1,,,,,,10757
,,,,,1,1,1,1,,,1,1,,1,,,10758
,,,,,1,,1,,1,,1,,,,,,10759
,,1,,,1,,,,,,1,,,1,,,10760
,,,,,1,,,,,,,,,1,,,10761
,,,,,1,,1,,1,,1,1,,1,,,10762
,,,,,,,1,1,,,1,1,,1,,,10763
,,,,,1,,1,,,,,,,1,,,10764
,,,,,1,,1,,,,1,1,,1,,,10765
,,,,,,,,,,,1,,,1,,,10766
,,,,,,,,,,1,1,1,,1,,,10767
,,,,,,,,,,,1,1,,1,,,10768
,,,,,,1,1,1,,,1,,,1,,,10769
,,,,,1,,,,,,1,1,,,,,10770
,,,,,1,,,1,,1,1,,,1,,,10771
,,,,,1,,,1,,1,1,,,1,,,10772
,,,,,1,,,1,,,1,,,,,,10773
,,,,,,,,,,,1,1,,1,,,10774
,,1,,,,1,1,1,,,1,,,1,,,10775
,,,,,1,,,,,,1,,,1,,,10776
,,,,,,,,,,,1,,,1,,,10777
,,,,,1,,,,,,1,,,1,,,10778
,,,,,,,,1,,,1,,,,,,10779
,,,,,,,1,,,,,,,1,,,10780
,,,,,1,,,,,,,,,,,,10781
,,,,,1,,1,,,,1,1,,1,,,10782
,,,,,,1,,,,,1,1,,1,,,10783
,,,,,,,,,,,1,,,1,,,10784
,,,,,1,,,1,,,1,,,,,,10785
,,,,,,,,,,,,,,,,,10786
,,,1,,,1,1,1,,,1,,,1,,,10787
,1,,,,1,,,1,,1,,,,1,,,10788
,,,,,1,1,,1,,,1,,,1,,,10789
,,,,,,1,1,1,,1,1,1,,1,,,10790
,,,,,,,,1,,,1,,,1,,,10791
,,,,,,,,1,,,1,1,,1,,,10792
,,,,,1,,,1,,,1,1,,1,,,10793
,,,,,,,1,,,,1,1,,1,,,10794
,,,,,,,,1,,,1,1,,1,,,10795
,,,,,,,,1,,,1,,,1,,,10796
,,,,,,,,1,,,1,1,,1,,,10797
,,,,,,,1,1,,1,1,,,1,,,10798
,,,,,,,1,,,,1,,,1,,,10799
,,,,,,,,,,,1,,,1,,,10800
,,1,,,,,,,,,1,,,,,,10801
,1,,,,1,1,,1,,,1,,,,,,10802
,,,,,1,,,,,,1,,,1,,,10803
,,,,,,,1,1,,,1,,,1,,,10804
,,,1,,,,,1,,,1,,,1,,,10805
,,,,,1,1,1,,,,1,1,,1,,,10806
,,,,,,,,,,,,1,,,,,10807
,,,,,1,,,1,,,1,,,,,,10808
,,,,,,,1,1,,,1,,,1,,,10809
,,,,,,,1,,,,1,1,,1,,,10810
,,,,,1,1,1,1,,,1,,,,,,10811
,,,,,,,,,,,1,,,,,,10812
,,,,,,,,,,,1,,,1,,,10813
,,,,,,1,1,1,,1,,1,,1,,,10814
,,,,,1,,,,,1,,,,,,,10815
,,,,,1,1,1,1,,,1,,,,,,10816
,1,,,,,,,,,,1,,,1,,,10817
,,,,,1,,,,,,1,,,1,,,10818
,,,,,,,,,,,,,,1,,,10819
,,,,,,,,,,,,,,1,,,10820
,,,,,1,,1,,,1,,,,,,,10821
,1,,,,,,,,,,1,,,1,,,10822
,1,,,,1,1,,,,,1,1,,1,,,10823
,,,,,,,1,,,,1,1,,1,,,10824
,,,,,,,,1,,,,,,1,,,10825
,,,,,,1,1,,,,1,,,1,,,10826
,,,,,1,,,1,,,1,,,,,,10827
,,,,,,,,1,,,1,,,1,,,10828
,,1,,,1,,,,,,1,,,,,,10829
,,,,,1,,1,,,,1,1,,1,,,10830
,,,,,,,,1,,,1,,,1,,,10831
,,,,,1,,,,,,1,1,,,,,10832
,1,,,,1,,1,,,,1,,,,,,10833
,,,,,,1,,,,,1,,,,,,10834
,1,,,1,,,1,,,1,1,,,1,,,10835
,,,,,,1,1,,,,1,,,,,,10836
,,,,,1,,,1,,,1,,,,,,10837
,,,,,1,,,1,,,1,,,1,,,10838
,,,,,,,,,,,1,1,,1,,,10839
,,,,,,,,,,,1,,,1,,,10840
,,,,,,,,1,,,1,,,1,,,10841
,,,,,1,,1,1,,,1,,,,,,10842
,,,,,,1,1,,,,1,,,1,,,10843
,,,,,,1,1,,,,1,,,1,,,10844
,,,,,,1,1,1,,,1,,,1,,,10845
,,,,,1,,,,,,1,,1,1,,,10846
,,,,,1,,1,,,,1,,,1,,,10847
,,,,,1,,,1,,,,,,,,,10848
,,,,,1,1,,1,,,1,1,,,,,10849
,,,,,,,,1,1,1,1,,,1,,,10850
,,,,,1,,,1,,,1,,,,,,10851
,,,,,1,,1,1,,,,,,1,,,10852
,,,,,1,,1,,,,1,1,1,1,,,10853
,,,,,,,,1,,,1,,,1,,,10854
,1,,,,,,,1,,,1,,,,,,10855
,,,,,1,,,1,,,1,,,1,,,10856
,,,,,,,,1,,,1,1,,1,,,10857
,,,,,,1,,1,,,1,1,,1,,,10858
,1,,,,1,,,,,,1,1,1,1,,,10859
,1,,,,,,,,,,1,,,1,,,10860
,,,,,,,1,,,1,1,,,1,,,10861
,,1,,,,,,1,,1,1,1,,1,,,10862
,,,,,,,1,,,1,,,,1,,,10863
,,,,,1,,1,,,,1,1,,1,,,10864
,,,,,,,1,,,,,,,,,,10865
,,,,,,,,,,,1,,,1,,,10866
,,,,,,,,1,,,1,,,1,,,10867
,,1,,,,,,,,,1,,1,1,,,10868
,,,,,1,1,1,,,,,,,,,,10869
,1,,,,1,,,,,,1,,,,,,10870
,,,,,,,,,,,1,,,1,,,10871
,,,,,,1,1,1,,,1,,,1,,,10872
,,,,,,1,,1,,,1,1,,1,,,10873
,,,,,1,1,,,,,,,,,,,10874
,,,,,1,,,1,,,1,,,,,,10875
,,,,,1,,1,1,,,1,,,1,,,10876
,,,,,,1,,1,,,1,1,,1,,,10877
,,,,,1,1,,1,,,1,,,1,,,10878
,1,,,,1,,,1,,,,1,,1,,,10879
,,,,,,1,,1,,,,,,,,,10880
,,,,,,,,,,,1,,,,,,10881
,,,,,,1,,,,,1,,,1,,,10882
,1,,,,,,,1,,,1,,,,,,10883
,,,,,1,,,,,,1,,,,,,10884
,,,,,,,1,1,,,1,,,1,,,10885
,,1,,,1,,,,,,1,,,1,,,10886
,,,,,,,,,,,1,1,,1,,,10887
,,,,,1,,,1,,,1,,,,,,10888
,1,,,,,,,,,,1,,,1,,,10889
,,1,,,,,,,,,1,,,1,,,10890
,1,,,,,,,1,,,1,1,,1,,,10891
,,,,,1,,1,1,,,1,,,1,,,10892
,,1,,,,,,,,,,,,1,,,10893
,,,,,,,1,,,,1,,,1,,,10894
,,,,,1,1,1,,,,1,,,,,,10895
,,,,,1,,,1,,,1,,,1,,,10896
,1,,,,1,1,,1,,,1,1,,1,,,10897
,,,,,,1,1,1,,,1,,,1,,,10898
,,,,,,1,,,,1,,1,,,,,10899
,,,1,,1,,,,,,1,1,,1,,,10900
,,1,,,1,1,,1,,,1,,,1,,,10901
,,,,,,,,,,,1,,,,,,10902
,,,,,,,1,1,,,1,,,1,,,10903
,,,,,,1,,,,,1,1,,1,,,10904
,,,,,1,,,,,,1,,,1,,,10905
,,,,,,,,,,,1,,,,,,10906
,,,,,1,,,1,,,1,,,,,,10907
,1,,,,1,,,,,1,1,,,1,,,10908
,,,,,,,,1,,,,,,1,,,10909
,,,,,,,1,,,,,,,1,,,10910
,,,,,,1,,,,,1,1,,1,,,10911
,1,,,,1,1,,1,,,1,1,,1,,,10912
,1,1,,,,,,,,,,1,,,,,10913
,,,,,1,1,1,,,,1,1,,1,,,10914
,,,,,,,,,,,,,,1,,,10915
,,,,,,1,1,1,,,1,1,,1,,,10916
,1,,,,1,,,,,,1,,,1,,,10917
,,,,,,1,1,1,,,1,,,,,,10918
,,,,,,,,,,,1,1,,1,,,10919
,,,,,,1,1,,,,,,,1,,,10920
,,,,,,1,1,1,,,1,,1,1,,,10921
,,,,,1,,,,,1,1,,,1,,,10922
,,,,,,1,1,1,,,1,1,,1,,,10923
,,,,,,,,1,,1,1,1,,1,,,10924
,,,,,1,,,,,,1,,,,,,10925
,,,,,,1,,1,,,1,,,,,,10926
,,,,,1,1,,,,,1,,,,,,10927
,,,,,1,,,1,,,1,,,,,,10928
,,,,,1,1,,1,,,1,,,1,,,10929
,,,,,,,,1,,,1,,,1,,,10930
,,,,,1,,,,,,,,,,,,10931
,1,,,,1,1,1,1,,,1,,1,,,,10932
,,,,,,,,,,,,,,1,,,10933
,1,,,,,,,,,,1,,,1,,,10934
,,,,,,,1,,,,1,,,,,,10935
,,1,,,1,1,,,,1,1,,,1,,,10936
,1,,,,,,1,,,,1,,,1,,,10937
,,,,,,1,,,,,1,,,1,,,10938
,,,,,,,1,,,,1,,,,,,10939
,,,,,1,1,,1,,,1,1,,1,,,10940
,,,,,1,,,,,,,,,,,,10941
,,,,,,,,1,,,,1,,,,,10942
,,,,,1,,,,,,1,,,1,,,10943
,,,,,,1,,1,,,1,,,,,,10944
,,,,,1,1,1,1,,,1,1,,,,,10945
,,,,,,1,1,1,,,1,,,1,,,10946
,,,,,1,,,,,,1,,,,,,10947
,,,,,,1,,1,,,1,1,,1,,,10948
,,1,,,,,,,,,,,,1,,,10949
,,,,,,,,,,1,1,1,,1,,,10950
,,,,,,1,1,,,,1,1,,1,,,10951
,,,,,1,,,1,,,1,1,,1,,,10952
,,,,,,1,,1,,,1,,,1,,,10953
,,,,,,1,,1,,,1,1,,1,,,10954
,,,,,1,1,,,,,1,,,,,,10955
,,,,,1,,1,,,,1,1,,1,,,10956
,,,,,1,1,1,1,,,1,1,,1,,,10957
,,,,,,1,1,,,1,1,,,,,,10958
,1,,,,1,,,1,,,1,,,,,,10959
,,,,,1,1,,1,,,1,,,1,,,10960
,,,,,,,,1,,1,,1,,,,,10961
,,,,,,,,,,,1,,,1,,,10962
,1,,,,1,,,,,,1,,,1,,,10963
,,,,,1,,,,,,,,,,,,10964
,,,,,1,,,,,,1,,,1,,,10965
,1,,,,1,,,,,1,1,,,1,,,10966
,,,,,,,,1,,,1,,,1,,,10967
,,,1,,1,,1,1,,1,1,1,,,,,10968
,,,,,,,,,,,1,,,,,,10969
,,,,,1,1,1,,,,1,,,,,,10970
,,,,,,1,1,1,,,,1,,,,,10971
,,,,,,,,1,,,1,,,1,,,10972
,,,,,,,,,,,1,,,1,,,10973
,1,,,,,1,,,,,1,1,,1,,,10974
,,,,,,,1,,,,1,,,,,,10975
,,1,,,1,,,1,,,,,,1,,,10976
,,,,,,1,,,,,,1,,1,,,10977
,,,,,,,,,,,1,,,,,,10978
,,,,,1,1,,,,,1,,,,,,10979
,,,,,,,,,,,1,,,,,,10980
,,,,,,,,,,,1,,,1,,,10981
,,,,,,,,1,,,,,,,,,10982
,,,,,1,,,,,,,,,,,,10983
,,,,,,,,,,1,,,,1,,,10984
,,,,,,,,,,,1,,,,,,10985
,,,,,1,,,,,,1,,,1,,,10986
,,,,,,,,,,,1,1,,1,,,10987
,,,,,,1,,1,,,1,,,1,,,10988
,,,,,,,,,,,1,,,1,,,10989
,,1,,,1,1,,,,,1,,,1,,,10990
,1,,,,,,,,,,1,,,1,,,10991
,,,,,,,,,,,,,,,,,10992
,1,,,,,,1,,,,1,,,1,,,10993
,,,,,1,1,,,,,1,,,,,,10994
,,,,,1,,,,,,1,,1,1,,,10995
,,,,,1,,,,,,,,,,,,10996
,,,,,1,1,,,,,1,1,,1,,,10997
,,,,,,,,,,,,,,,,,10998
,1,,,,1,1,1,,,,1,,1,1,,,10999
,,,,,1,,1,1,,,1,,,,,,11000
,,,,,,,,,,,1,,,,,,11001
,1,,,,,,1,,,,1,,,1,,,11002
,,1,,,1,,1,,,1,1,,,,,,11003
,,,,,1,1,1,1,,,,,,1,,,11004
,1,,,,,1,,,,,1,,,1,,,11005
,,,,,1,,,,,,1,,,,,,11006
,,,,,,,,,,,1,1,,,,,11007
,,,,,,,,,,,1,,,,,,11008
,1,,,,,,,,,,1,1,,1,,,11009
,,,,,,,,,,1,1,,,1,,,11010
,,,,,,,,1,,,1,,,,,,11011
,,,,,,,,,,,1,,,,,,11012
,,,,,,1,,1,,1,1,,,1,,,11013
,,,,,,1,1,1,,,,,,,,,11014
,,,,,1,1,,1,,,1,,1,1,,,11015
,,,,,,1,,,,,1,1,,1,,,11016
,,,,,,1,1,1,,,1,1,,1,,,11017
,,,,,1,,,1,,,1,,,,,,11018
,,,,,1,,,1,,,1,,,,,,11019
,,,,,1,1,,1,,,1,1,,1,,,11020
,,,,,,,,,,,1,,,1,,,11021
,,,,,,,,,,,1,,,,,,11022
,,,,,,,,,,,1,,,,,,11023
,,,,,,,,,,,,,,1,,,11024
,,,,,,,,,,,,,,1,,,11025
,1,,,,1,,,1,,,1,,1,1,,,11026
,1,,,,1,1,,,,1,1,,,1,,,11027
,,1,,,1,1,,1,,,1,,,1,,,11028
,,,,,1,,,,,,1,,,,,,11029
,1,1,,,,,,,,1,1,1,,1,,,11030
,,,,,,,,,,,,,,1,,,11031
,,,,,1,,,,,,1,,,1,,,11032
,,,,,1,,,,,,1,1,,,,,11033
,,,,,,,,,,,1,,,1,,,11034
,1,,,,1,,1,1,,,1,,,1,,,11035
,1,,,,1,1,,1,,,1,,,1,,,11036
,,,,,1,,,,,1,1,,,1,,,11037
,,1,,,,,,1,,,1,,,1,,,11038
,,,,,,,,,,,1,,,1,,,11039
,,,,,,1,,,,,1,,,1,,,11040
,,,1,,1,,1,1,,,1,,,1,,,11041
,,,,,1,,1,1,,,1,,,1,,,11042
,1,,,,1,,,,,,1,,,1,,,11043
,,,,,,,1,1,,,1,,,1,,,11044
,,,1,,1,,,,,,1,,,,,,11045
,,,,,,,,1,,,,,,1,,,11046
,,,,,,1,1,,,,1,1,,1,,,11047
,,,,,1,,,1,,,1,,,1,,,11048
,,,,,,1,,1,,,1,,,,,,11049
,,,,,,1,1,,,,,,,,,,11050
,,,,,1,,,,,,1,,,1,,,11051
,,,,,1,,,1,,,1,,,1,,,11052
,,,,,,,,,,1,1,,,1,,,11053
,,,,,,,,,,,,,,1,,,11054
1,,,,,,1,1,1,,,1,1,,1,,,11055
,,,,,1,,,1,,,1,,,1,,,11056
,,,,,1,,,1,,,1,,,1,,,11057
,,1,,,,,1,1,,1,,,,1,,,11058
,,,,,1,,1,,,,1,,,1,,,11059
,,,,,1,,,,,,1,,,1,,,11060
,,,,,1,,,1,,,1,,,1,,,11061
,,,,,1,,,,,,1,,,1,,,11062
,,,,,,,,1,,,1,,,,,,11063
,,,,,,,,,,,1,,,1,,,11064
,,,,,,1,1,1,,1,1,,,1,,,11065
,,,,,1,1,1,,,,1,,,,,,11066
,,,,,1,1,,,,,1,,,1,,,11067
,,,,,1,,,,,,,,,1,,,11068
,,,,,,,1,1,,,,,,1,,,11069
,,,,,,1,,1,,,1,1,,1,,,11070
,,,,,1,,,,,,1,1,,1,,,11071
,1,1,,,1,,,1,,1,1,,,1,,,11072
,,,,,,1,,1,,,1,1,,1,,,11073
,,,,,,,1,1,,,1,,,1,,,11074
,,,,,1,,1,,,,1,,,,,,11075
,,,,,,,1,1,,1,1,1,,1,,,11076
,,,,,,,,1,,,,,,1,,,11077
,1,,1,1,1,,,,,,,,,,,,11078
,,,,,1,1,,,,,1,,,,,,11079
,,,,,,1,,1,,,,,,,,,11080
,,,,,1,,,,,1,,,,,,,11081
,1,,,,,,,,,,1,,,,,,11082
,,,,,,1,1,,,,1,,,1,,,11083
,,,,,1,1,,1,,,1,,,1,,,11084
,,,,,,,1,,,,1,1,,1,,,11085
,,,,,,,1,1,,,1,1,,,,,11086
,,,,,1,,,,,,1,,,1,,,11087
,,,,,1,,,,,,1,,,1,,,11088
,,,,,,,,,,1,,,,1,,,11089
,,,,,,1,,,,,1,,,1,,,11090
,,,,,,,1,1,,,1,,,1,,,11091
,,,,,1,,1,1,,,1,,,1,,,11092
,,,,,1,1,1,1,,1,1,1,,1,,,11093
,,,,,,,,1,,,1,,,,,,11094
,,,,,,1,,1,,,1,,,,,,11095
,,,,,,,1,,,,1,,,,,,11096
,,,,,1,1,1,1,,,1,,,1,,,11097
,,1,,,,1,,1,,,1,1,,1,,,11098
,,,,,,,1,1,,,1,,,,,,11099
,,,,,,,,1,,,1,,,1,,,11100
,,,,,1,1,,1,,,,1,,,,,11101
,,,,,,1,,,,,1,,,,,,11102
,,,,,,1,,1,,,1,,,,,,11103
,,,,,,,,,,,,,,1,,,11104
,,,,,,,,1,,,,1,,,,,11105
,,,,,,,,,,,,,,,,,11106
,,,,,,,1,,,,1,,,1,,,11107
,,1,,,1,,1,1,,,1,1,,,,,11108
,1,,,,1,,,,,,,,,1,,,11109
,,,,,,1,,1,,,1,,,,,,11110
,,,,,,1,,,,1,,,,1,,,11111
,,,,,,1,,,,,,,,,,,11112
,1,,,,,,,,,,1,,,1,,,11113
,,,1,,,,,,,,1,1,,1,,,11114
,,,,,1,1,1,1,,,1,,,1,,,11115
,,,,,,,1,,,,1,,,1,,,11116
,,,,,1,,,,,,,,,,,,11117
,,,,,1,,1,1,,,1,1,,1,,,11118
,,,,,,,,,,,,,,,,,11119
,,,,,1,,,,,,1,,,1,,,11120
,,,,,1,,1,1,,,1,,,,,,11121
,1,,,,,1,,1,,,1,,,1,,,11122
,1,,,,1,,,,,,1,1,,1,,,11123
,,,,,,,,,,,1,,,,,,11124
,,,,,1,,,,,,1,,,,,,11125
,,,,,,,,,,,1,,,,,,11126
,,,,,,,,,,,1,,,,,,11127
,,,,,,,1,,,,1,,,1,,,11128
,1,,,,,1,,1,,,1,1,,1,,,11129
,,,,,1,,,,,,1,,,,,,11130
,,,,,1,1,,,,,1,,,,,,11131
,,,,,,,,,,,1,,,1,,,11132
,,,,,1,1,,1,,,1,,,,,,11133
,,,,,1,,1,,,,1,,,1,,,11134
,,,,,,,,,,,,,,1,,,11135
,,,,,,1,,,,1,1,,,,,,11136
,,,,,1,,,1,,,1,,,,,,11137
,,,,,,,,,,,1,1,,,,,11138
,,,,,1,1,,1,,,1,1,,,,,11139
,,,,,1,,1,,,,1,1,,,,,11140
,,,,,,,,,,,1,,,,,,11141
,,,,,1,,,,,,1,,,,,,11142
,1,,,,,1,,,,,1,1,,1,,,11143
,1,,,,,,,,,,1,,,,,,11144
,,,,,1,,1,1,,,1,,,1,,,11145
,1,1,,,,,,1,,,1,,,1,,,11146
,1,,,,,,,,,1,1,,,1,,,11147
,1,,,,,1,,,,,1,1,,1,,,11148
,1,1,1,,1,1,,,,,1,1,,1,,,11149
,1,,,,,,1,1,,,1,,,1,,,11150
,1,,,,1,1,,,,,1,1,,1,,,11151
,1,1,,,1,,,1,,,1,1,,1,,,11152
,1,,,,,,1,,,,1,1,,,,,11153
,1,,,,1,,1,,,,1,1,,1,,,11154
,1,,,,1,,,,,,1,1,,1,,,11155
,1,,,,1,1,1,,,,1,,,,,,11156
,1,,,,1,1,1,1,,,1,,,1,,,11157
,1,,,,,,,,,,1,,,1,,,11158
,,,,,,,,1,,,1,,,,,,11159
,,,,,,,,1,,,,,,,,,11160
,,,,,,,1,1,,,1,,,1,,,11161
,,,,,,1,,,,1,1,1,,1,,,11162
,,,,,1,1,1,1,,1,1,1,,1,,,11163
,,,,,1,1,,,,,1,1,,1,,,11164
,,,,,,,,,,,1,,,1,,,11165
,,,,,,1,,,,,1,1,,1,,,11166
,,,,,,,,,,,,,,,,,11167
,,1,,,1,1,,1,,,1,1,,1,,,11168
,1,,,,,,1,,,1,1,,,1,,,11169
,,,,,1,1,1,1,,,,1,1,1,,,11170
,1,,,,,,1,1,,,,1,,1,,,11171
,,,,,,,,,,1,1,,,1,,,11172
,,,,,,1,,1,,,1,1,,,,,11173
,,,,,,1,,1,,,1,,,,,,11174
,,,,,1,,,,,,1,,,1,,,11175
,,,,,,,,,,,1,1,,,,,11176
,1,,,,,1,,,,,1,,,1,,,11177
,,,,,1,,1,1,,,,,,1,,,11178
,,,,,1,,,,,,1,,,1,,,11179
,1,,,,1,,,,,,1,1,,1,,,11180
,1,,,,1,,1,1,,,1,,,1,,,11181
,,,,,1,,,1,,,1,,,,,,11182
,,,,,1,,,,,,1,,,,,,11183
,,,,,1,,,,,,1,,,,,,11184
,,,,,1,,1,1,,,1,,,,,,11185
,,,,,1,,,,,,1,,,,,,11186
,,,,,,,1,,,,,1,,,,,11187
,,,,,,,,1,,,1,1,,1,,,11188
,,,,,,,1,,,,1,,,,,,11189
,1,,,,,,1,,,,1,,,,,,11190
,,,,,,,,,,,1,,,,,,11191
,,,,,,,,1,,,1,,,,,,11192
,,,,,1,,1,,,,1,,,,,,11193
,1,,,,1,,1,,,,1,,,1,,,11194
,,,,,,,,1,,,1,,,1,,,11195
,,,,,,1,1,1,,,1,1,,1,,,11196
,1,,,,,1,1,1,,,1,,,1,,,11197
,,,1,,,,,,,,1,,,1,,,11198
,,,,,,1,1,1,,,1,,,1,,,11199
,,,,,,,,1,,,1,,,1,,,11200
,,1,,,1,,1,1,,,1,,,1,,,11201
,,,,,,,1,1,,,1,1,,1,,,11202
,,,,,,1,,1,,,,,,1,,,11203
,1,,,,,,,1,,,,,,1,,,11204
,,,,,,,1,,,,1,,,,,,11205
,,,,,,,1,1,,,1,,,,,,11206
,,,,,1,1,,1,,1,1,,,,,,11207
,,,,,,1,,,,,1,,,1,,,11208
,,,,,,1,1,1,,,1,1,,1,,,11209
,1,,,,1,,,,,,1,,,1,,,11210
,,,,,1,,,1,,,,1,,,,,11211
,1,,,,,,1,1,,,1,1,,1,,,11212
,,,,,,,,,,,,,,,,,11213
,,,,,1,1,,1,,,,,,,,,11214
,,,,,,1,,,,,1,,,,,,11215
,,,,,1,,,,,,1,1,,,,,11216
,,,,,1,,,,,,1,1,,1,,,11217
,,,,,1,,,,,,1,,,1,,,11218
,,,,,1,,1,,,,1,,,,,,11219
,,,,,1,,,,,,1,,,,,,11220
,,,,,1,,,,,,1,,,1,,,11221
,,,,,1,,,,,,,,,1,,,11222
,,,,,,1,1,1,,,1,,,1,,,11223
,,,,,,,1,,,,1,,,1,,,11224
,,,,,1,1,,1,,,1,1,,,,,11225
,,,,,1,,,,,,1,1,,1,,,11226
,,,,,,1,1,,,,1,1,,1,,,11227
,,,,,,,,,,1,,,,,,,11228
,,,,,,1,1,,,,1,,,1,,,11229
,,,,,1,,,,,1,1,,,1,,,11230
,,,,,,1,1,,,,1,1,,1,,,11231
,,,,,,,,,,,,,,,,,11232
,,,,,,,,1,,1,,,,1,,,11233
,,,,,1,,,1,,,1,,,1,,,11234
,,,,,1,1,1,1,,,1,,,1,,,11235
,,1,,,,,,1,,,1,,,1,,,11236
,,,,,,,1,1,,,1,1,,1,,,11237
,,,,,,,,,,,1,,,1,,,11238
,,,,,,1,1,,,,1,,,1,,,11239
,,,,,1,,1,,,1,1,,,1,,,11240
,,,,,1,1,1,1,,,1,1,1,1,,,11241
,,,,,1,1,,,,,1,1,,1,,,11242
,1,,,,1,1,1,1,,,1,,,1,,,11243
,1,,,,1,,,1,,,1,,,,,,11244
,,1,,,1,,,1,,,1,,,1,,,11245
,1,,1,,,,1,,,,1,,,1,,,11246
,,,,,,,1,,,1,1,,,1,,,11247
,,,,,,,,1,,,1,,,1,,,11248
,,,,,,,,,,,1,,,,,,11249
,1,1,,,,,,1,,,1,,,1,,,11250
,,,,,,,,1,,,1,,,,,,11251
,1,,,,,,,1,,,,,,1,,,11252
,,,1,,1,,,1,,,1,,,1,,,11253
,,,,,,,,,,,1,,,1,,,11254
,,,,,,,,1,,,1,1,,1,,,11255
,,,,,1,1,,1,,,1,1,,1,,,11256
,,,,,,,,,,,1,1,,1,,,11257
,1,,,,1,,,,,,1,,,,,,11258
,,,,,1,,1,1,,,1,1,,1,,,11259
,,,,,,1,1,1,,,1,1,,1,,,11260
,,,,,,,,,,,,1,,1,,,11261
,,,,,,,1,,,,1,1,,1,,,11262
,,,,,,,1,1,,1,,,,1,,,11263
,,,,,,,1,,,1,1,,,,,,11264
,,,,,1,,,1,,,1,,,1,,,11265
,,,,,,,1,,,,1,1,,1,,,11266
,,,,,,,,,,1,1,1,,1,,,11267
,,,,,,,1,1,,1,1,,,,,,11268
,,,,,,,,,,,1,,,,,,11269
,,,,,1,1,,,,,1,1,,1,,,11270
,,,,,,,,1,,,1,1,,1,,,11271
,,1,1,,1,1,,,,1,1,1,,,,,11272
,,,,,1,1,,1,,,1,,,1,,,11273
,,,,,,,,1,,,1,,,1,,,11274
,,,,,,,,1,,,,,,,,,11275
,,,,,1,,1,,,,1,,,,,,11276
,,,,,1,,,,,,1,,,,,,11277
,,,,,,,,,,,1,1,,1,,,11278
,,,,,,1,,,,,1,1,,,,,11279
,,,,,1,1,,,,,1,,,,,,11280
,,,,,1,1,1,1,,,1,,,1,,,11281
,,1,,,,,1,,,,1,,,1,,,11282
,,,,,1,,1,1,,,1,1,,1,,,11283
,,,,,,,,,,,1,1,,1,,,11284
,1,,,,,1,,,,,1,1,,1,,,11285
,,,,,,1,1,1,,,1,,,1,,,11286
,,,,,,,,1,,,1,1,,1,,,11287
,,,,,1,,,1,,,1,,,,,,11288
,,1,,,1,,1,1,,,1,,,1,,,11289
,1,,,,,1,,,,,1,,,1,,,11290
,,,,,,1,,,,,1,1,,1,,,11291
,,,,,1,1,,1,,,1,,,1,,,11292
,,,,,,1,,1,,,1,1,,1,,,11293
,1,,,,,,,,,,1,,,1,,,11294
,,,,,1,,,,,,1,,,,,,11295
,,,,,1,,,1,,,1,1,,1,,,11296
,,,,,1,,,,,,1,,,1,,,11297
,,,,,,,,,,,1,,,1,,,11298
,,,,,1,,1,,,,1,,,1,,,11299
,,,,,,,,1,,,1,,,,,,11300
,,,,,1,,1,1,,,1,,,1,,,11301
,1,,,,1,,,,,,1,,,,,,11302
,,,,,1,,,,,,1,,,1,,,11303
,,,,,1,,,1,,,1,,,1,,,11304
,,,,,1,,,,,,1,,,1,,,11305
,,,,,1,,,1,,,1,,,,,,11306
,,1,,,1,,,,,,1,,,,,,11307
,,,,,1,,,,,,1,,1,1,,,11308
,,,,,,,1,,,,1,,,1,,,11309
,,,,,,,1,1,,,1,,,,,,11310
,,,,,1,,,,,,1,1,,,,,11311
,,,,,1,,,,,,1,,,1,,,11312
,,,,,1,,,1,,,1,,,,,,11313
,,,,,1,,,1,,,1,,,,,,11314
,,,,,1,,,1,,,1,,,1,,,11315
,,,,,,,1,,,,1,1,,1,,,11316
,,,,,1,1,,,,1,1,1,,1,,,11317
,,,,,,,1,,,1,1,,,1,,,11318
,1,,,,1,,,,,,1,,,1,,,11319
,,,,,1,1,,,,,1,,,,,,11320
,,,,,,,1,,,,1,,,1,,,11321
,,,,,,1,,,,,1,,,1,,,11322
,,,,,1,,,,,,1,,,,,,11323
,,1,,,1,,1,,,,1,1,,1,,,11324
,,,,,1,,,,,1,1,,1,1,,,11325
,,,,,1,,,,,,1,,,,,,11326
,,,,,1,,,,,,1,,,,,,11327
,,,,,,1,,,,,1,,,1,,,11328
,,,,,,,,1,,,1,,,1,,,11329
,,,,,1,,,,,,1,,,1,,,11330
,,,,,1,,,,,,,1,,1,,,11331
,,,,,,,,1,,1,1,1,,1,,,11332
,,,,,,1,,1,,,1,,,,,,11333
,1,,,,1,1,,1,,1,1,1,,1,,,11334
,,,,,1,,1,1,,,,,,,,,11335
,,,,,1,,,1,,,1,,,1,,,11336
,,,,,,1,,1,,,1,1,,1,,,11337
,,,,,1,,1,1,,,,,,1,,,11338
,,,,,1,,,1,,,1,,,1,,,11339
,,,,,,,1,1,,,1,,,,,,11340
,,,,,,1,,1,,,1,1,,1,,,11341
,,,,,,,1,1,,,1,1,,1,,,11342
,,,,,,1,,1,,,1,,,1,,,11343
,,,,,1,1,1,1,,,1,,,1,,,11344
,,,1,,,,,1,,,1,,,,,,11345
,,,,,,,,1,,,1,,,,,,11346
,,,,,,,1,1,,,1,,,,,,11347
,,,,,,,1,1,,,1,,,1,,,11348
,,,1,,1,,,1,,,1,1,,1,,,11349
,,,1,,1,,,1,,1,,,,,,,11350
,,,,,,1,,1,,,1,,,1,,,11351
,,,,,1,1,,1,,,1,1,,1,,,11352
,1,,,,,1,1,1,,,1,,,1,,,11353
,,,,,,1,1,1,,,1,1,,,,,11354
,,,,,,,,1,,,1,,,,,,11355
,,,,,1,,,1,,1,1,,,,,,11356
,,,1,,1,,,1,,,1,,,1,,,11357
,,,1,,1,,,,,,,,,1,,,11358
,,,1,,,,,1,,,1,,,,,,11359
,,,1,,,,,,,,1,,,,,,11360
,,,,,1,,1,,,,1,,,1,,,11361
,,,,,,1,,,,,,,,,,,11362
,,,,,1,,,,,,1,,,1,,,11363
,,,,,1,1,1,1,,,1,,,1,,,11364
,,,,,,1,,1,,,1,,,,,,11365
,,,,,,,,1,,,,,,,,,11366
,,,,,,,,1,,,1,,,,,,11367
,,,,,1,,,1,,,1,1,,,,,11368
,1,1,,,1,1,1,,,,1,,1,1,,,11369
,1,,,,,,,,,,1,,,1,,,11370
,,,,,,,,,,,,,,,,,11371
,,,,,,,,,,1,1,,,,,,11372
,,,,,,,1,1,,1,1,1,,1,,,11373
,,,,,,1,,1,,,1,1,,1,,,11374
,,,,,1,1,1,1,,,1,1,,1,,,11375
,,,,,,,,1,,,1,,,1,,,11376
,,,,,1,,,,,,1,,,,,,11377
,,,,,,,1,,,,1,,,,,,11378
,,,,,,,,,,,1,,,1,,,11379
,,,,,,1,,1,,,1,1,,1,,,11380
,,,,,,,,,,1,,,,1,,,11381
,,,,,1,,,,,,1,,,,,,11382
,,1,,,,,,,,1,,,,,,,11383
,,,,,,1,1,1,,,1,1,,1,,,11384
,,,1,,,,1,1,,,1,,,,,,11385
,1,,,,,1,1,1,,,1,1,,1,,,11386
,1,,,,1,1,,,,1,1,1,1,1,,,11387
,,,,,1,,1,,,,1,,,1,,,11388
,,,,,1,,,1,,,1,,,1,,,11389
,,,,,,,,,,,1,,,1,,,11390
,,1,,,1,1,1,1,,,1,,,1,,,11391
,,,,,1,,1,,,,1,,,1,,,11392
,,,,,1,,,,,,1,,,,,,11393
,,,,,1,,,,,,1,,,,,,11394
,,1,,,,,,,,1,1,,,1,,,11395
,,,,,1,,,1,,,1,,,1,,,11396
,,,,,,,1,,,,1,1,,1,,,11397
,,,,,,,,,,,1,,,1,,,11398
,,,,,,,1,,,,1,1,,1,,,11399
,,,,,,,,,,,1,1,,1,,,11400
,,,,,1,1,,1,,,1,1,,1,,,11401
,,,,,1,1,,1,,,,1,,,,,11402
,,,1,,1,,,,,1,1,,,,,,11403
,,,,,,1,1,,,,1,,,1,,,11404
,,,,,,1,1,1,,,1,,,1,,,11405
,,,,,1,,,,,,1,,,1,,,11406
,,1,,,1,,1,,,,1,,,1,,,11407
,,,,,,,1,1,,,1,,,1,,,11408
,,,,,,,,,,,1,,,1,,,11409
,1,,,,1,,,1,,,1,,,,,,11410
,,,,,1,1,,1,,,1,1,,1,,,11411
,,,,,,,,,,,1,,,,,,11412
,,,,,1,,,,,,1,,,1,,,11413
,,,,,,,,,,,1,,,,,,11414
,,,,,1,,1,1,,,1,,,1,,,11415
,,,,,,,,1,,,1,,,1,,,11416
,,1,,,,,,,,,1,,,1,,,11417
,,,,,,,,,,,1,,,1,,,11418
,,,,,,,,,,,,,,,,,11419
,,,,,1,,,1,,,1,,,,,,11420
,,,,,,1,,,,,1,,,1,,,11421
,,,,,1,,,,,,1,1,,,,,11422
,,1,,,1,1,,,,1,1,1,,1,,,11423
,,,,,1,,,1,,,1,,,,,,11424
,,,,,,1,1,1,,,1,,,,,,11425
,,,,,,,,1,,,1,,,,,,11426
,,,,,,,,1,,,1,1,,1,,,11427
,,,,,,1,1,1,,1,1,,,1,,,11428
,,,,,,,,1,,,1,,,1,,,11429
,1,,,,1,1,1,,,,1,1,,1,,,11430
,,,,,1,1,1,,,,1,,,,,,11431
,,,,,,1,1,1,,,1,,,1,,,11432
,,,,,1,1,,,,,,,,,,,11433
,,,,,1,1,1,1,,,1,,,1,,,11434
,1,,,,1,1,,1,,,1,1,,1,,,11435
,,,,,1,,1,,,,1,1,,1,,,11436
,1,,,,1,1,1,1,,,1,,,1,,,11437
,1,,,,,1,1,1,,,1,,,1,,,11438
,,,,,,1,,,,,,,,,,,11439
,,,,,,1,,1,,,1,1,,1,,,11440
,,,,,,,1,,,,1,,,1,,,11441
,,,,,1,,,,,,,,,,,,11442
,,,,,,,1,,,,1,,,1,,,11443
,1,1,,,1,,,,,,1,1,,1,,,11444
,,,,,,1,,,,,1,1,,,,,11445
,,1,,,,,,,,1,1,1,,1,,,11446
,,1,,,1,,1,,,,1,,,1,,,11447
,,,,,1,,1,,,,1,1,,1,,,11448
,,,,,,1,,,,1,1,,,,,,11449
,,,,,,,1,,,,1,,,1,,,11450
,,,,,,1,,1,,,1,1,,1,,,11451
,,,,,1,,1,,,1,1,1,,1,,,11452
,,,,,,1,,1,,,,,,,,,11453
,,,,,1,,,,,,1,,,,,,11454
,,,,,,,1,,,,1,,,1,,,11455
,,1,,,1,,1,,,,1,,,1,,,11456
,,,,,1,,,1,,,1,,,,,,11457
,,,,,1,,,1,,,1,,,1,,,11458
,,,,,1,,,1,,1,1,1,,1,,,11459
,1,,,,,,1,,,1,1,,,,,,11460
,,,,,,,1,1,,1,1,,,1,,,11461
,,,,,1,,1,,,1,1,1,,1,,,11462
,,,,,,,1,,,,1,,,1,,,11463
,,,,,1,,,1,,,1,,,1,,,11464
,,,,,,,1,,,,1,,,1,,,11465
,,,,,,,1,1,,,1,1,,1,,,11466
,,,,,,,1,,,,1,,,1,,,11467
,,,,,,,1,1,,,1,,,1,,,11468
,,,,,,,,,,,1,,,,,,11469
,,,,,,,,1,,,1,,,,,,11470
,,,,,,,,,,,1,,,,,,11471
,1,,,,,,,1,,,1,,,1,,,11472
,,,,,,,,,,,1,,,1,,,11473
,,,,,1,,,1,,,1,,,1,,,11474
,,,,,,,1,,,,1,,,1,,,11475
,,,,,,,,,,1,1,,,1,,,11476
,,,,,,,1,1,,,1,,,1,,,11477
,,,,,,,,1,,,1,,,,,,11478
,,,,,,,1,1,,,1,,,1,,,11479
,,1,1,,,,,,,1,1,,,,,,11480
,,,,,1,,,1,,,1,,,1,,,11481
,,,,,,,,1,,,1,,,,,,11482
,,1,,,,1,1,,,,1,1,,1,,,11483
,,,,,1,1,1,1,,,1,,,1,,,11484
,1,,,,1,1,,,,,1,,,1,,,11485
,,1,,,1,1,1,1,,,1,,,,,,11486
,1,,,,1,1,,,,,1,,,1,,,11487
,,,,,,,1,,,1,1,,,1,,,11488
,,,,,,,1,,,,1,,,1,,,11489
,,,,,,,1,,,,1,1,,1,,,11490
,,,,,1,,1,,,1,1,1,,1,,,11491
,,,,,,1,,1,,,1,,,,,,11492
,,,,,,,,,,,1,,,1,,,11493
,1,,,,,,,,,,1,,,1,,,11494
,,,,,,,1,,,,1,,,1,,,11495
,,,,,,,,,,,1,,,,,,11496
,,,,,,1,,,,1,1,,,1,,,11497
,,,,,,1,,,,,1,1,,1,,,11498
,,,,,,,1,,,,1,,,1,,,11499
,1,1,,,,,,,,,1,,,1,,,11500
,,,,,,,,,,1,1,,,,,,11501
,,,,,,1,,1,,,1,1,,1,,,11502
,,,,,1,1,1,1,,,1,,,1,,,11503
,,,,,,,1,,,,1,,,,,,11504
,,,,,,,1,,,,1,,,1,,,11505
,,,,,,1,1,,,,1,,,1,,,11506
,,,,,,,1,1,,,1,,,1,,,11507
,,,,,,,1,1,,,1,,,1,,,11508
,,,,,1,,,,,1,1,1,,1,,,11509
,,,,,1,1,,,,,1,,,1,,,11510
,,,,,1,,,1,,,1,,,1,,,11511
,1,,,,1,,,,,,1,,,1,,,11512
,1,,,,,,,,,,1,,,1,,,11513
,1,,,,,,1,1,,1,1,,,1,,,11514
,,,,,1,1,,,,,1,1,,1,,,11515
,1,,,,,,,1,,,1,,,1,,,11516
,1,,,,,1,1,1,,,1,1,,1,,,11517
,1,,,,1,1,1,1,,,1,,,1,,,11518
,,,,,,,,1,,,1,,,,,,11519
,,,,,,,1,1,,,1,,,1,,,11520
,,,,,,,,1,,,1,,,1,,,11521
,,,,,1,,1,1,,,1,,,1,,,11522
,,,,,,,,1,,,1,,,,,,11523
,,,,,,,,1,,,1,1,,1,,,11524
,,,,,,,1,,,,1,,,1,,,11525
,,,,,,,,,,,1,,,,,,11526
,,,,,,,,,,,1,,,1,,,11527
,,,,,,,1,,,,1,1,,1,,,11528
,,,,,,,,1,,,1,,,1,,,11529
,,,,,,,1,,,,1,,,,,,11530
,,,,,,,,1,,,1,,,1,,,11531
,,,,,,1,,1,,,1,1,,1,,,11532
,,,,,,,1,,,,1,,,1,,,11533
,1,,,,1,,,,,,1,,,1,,,11534
,,1,,,1,,,1,,,1,,,1,,,11535
,,1,1,,,,,,,,1,,,,,,11536
,1,1,,,1,,1,,,1,1,,,1,,,11537
,,,,,,,,,,,1,,,1,,,11538
,,1,,,,,1,,,,1,,,1,,,11539
,,,,,1,,1,1,,,1,,,,,,11540
,,,,,,,1,1,,,1,,,1,,,11541
,,,,,,,,1,,,1,,,1,,,11542
,1,,,,,,,1,,,1,1,,1,,,11543
,,,,,,,,,,,1,,,,,,11544
,,,,,1,1,1,,,,1,1,,1,,,11545
,,,,,,1,1,1,,,1,,,1,,,11546
,,,,,,,1,1,,,1,,,,,,11547
,,,,,,,1,,,,1,1,,1,,,11548
,,,1,,,,1,1,,1,1,,,1,,,11549
,,1,,,1,,,1,,1,1,1,,1,,,11550
,,,,,1,,1,,,,1,,,1,,,11551
,1,,,,1,,,,,,1,,,1,,,11552
,,,,,1,,1,,,,1,,,1,,,11553
,,,,,,1,,,,,1,,,1,,,11554
,,,1,,,1,,1,,,1,,,1,,,11555
,1,,1,,,1,,1,,,1,,,1,,,11556
,,,,,,1,1,,,,1,1,,1,,,11557
,,,,,,1,1,,,,1,,,1,,,11558
,1,,,,1,,,,,,1,,,,,,11559
,,,,,,,1,,,1,1,,,1,,,11560
,,,,,,1,1,1,,,1,1,,1,,,11561
,,,,,,,1,,,,1,,,1,,,11562
,1,,,,,1,,1,,,1,,,,,,11563
,,,,,1,,1,,,,1,1,,1,,,11564
,,,,,,,1,1,,1,1,,,1,,,11565
,,,1,,,,,,,,1,,,,,,11566
,,,1,,1,,,,,,1,,,,,,11567
,,,,,,1,1,,,,1,,,,,,11568
,,,,,,1,1,1,,,1,,,1,,,11569
,,,,,,,1,,,,1,,,1,,,11570
,,,,,,,,1,,,1,,,,,,11571
,,,,,1,,,1,,,1,1,,1,,,11572
,,,,,,,1,,,,1,1,,1,,,11573
,,,,,1,,1,,,1,1,,,1,,,11574
,,,,,1,,1,,,,1,,,1,,,11575
,,,,,,1,1,,,1,1,,,,,,11576
,,,,,,,1,1,,,1,1,,1,,,11577
,,1,,,,,,,,,1,,,,1,,11578
,,,,,,,1,,,,1,,,1,,,11579
,,,,,,,,1,,,1,,,,,,11580
,1,,,,1,,1,,,1,1,,,,,,11581
,,,,,1,,,1,,,1,,,1,,,11582
,1,,,,1,,,1,,,1,,,1,,,11583
,,1,,,1,,1,,,1,1,,,1,,,11584
,,,,,1,1,1,,,,1,1,,1,,,11585
,,,,,,,,,,,1,,,1,,,11586
,,,,,,,1,,,,1,,,1,,,11587
,,,,,1,,,,,,1,,,1,,,11588
,,,,,1,,1,,,1,1,,,1,,,11589
,,,,,,,,1,,,1,,,1,,,11590
,,,,,,1,,1,,,1,1,,1,,,11591
,,,,,1,,,,,1,1,,,,,,11592
,,,,,,,1,1,,1,1,1,,1,,,11593
,,,,,,,1,,,,1,,,1,,,11594
,,,,,,,1,1,,1,1,,,1,,,11595
,,,,,,,,,,,1,,,1,,,11596
,,,,,,,,1,,,1,,,,,,11597
,,,,,,,1,,,,1,,,1,,,11598
,,,,,1,,,,,,1,1,,1,,,11599
,,,,,1,1,,1,,,1,1,,1,,,11600
,,,,,,,1,,,1,1,,,1,,,11601
,,,,,1,,1,1,,,1,1,,1,,,11602
,,,,,,1,1,1,,,1,,,1,,,11603
,,,,,1,1,1,,,,1,,,1,,,11604
,,,1,,1,1,1,,,1,1,1,,1,,,11605
,,,1,,,,1,,,,1,,,1,,,11606
,,,,,,,,,,,1,,,1,,,11607
,,,1,,,,1,,,,1,,,1,,,11608
,,,,,,,1,,,1,1,,,,,,11609
,,,,,,1,1,,,1,1,,,1,,,11610
,1,,,,1,,,,,,1,1,,1,,,11611
,,,,,,,1,,,,1,,,,,,11612
,,,,,1,,,,,,1,,,,,,11613
,,,,,,,1,,,,1,,,1,,,11614
,,1,,,1,,1,,,,1,,,,,,11615
,,,,,1,,1,1,,,1,,,,,,11616
,,,,,,,1,,,,1,,,1,,,11617
,,,,,,,1,1,,,1,,,1,,,11618
,,,,,1,,,1,,,1,,,1,,,11619
,,,,,,,,1,,,1,,,,,,11620
,,,,,,,1,1,,,1,,,1,,,11621
,,,,,,,1,1,,,1,,,1,,,11622
,,,,,1,,1,,,,1,,,1,,,11623
,,,,,,1,,,,,1,1,,,,,11624
,,,,,1,1,,1,,,1,,,,,,11625
,,,,,,,1,,,,1,,,1,,,11626
,,,,,,1,1,1,,,1,,,1,,,11627
,,,,,,,,1,,,1,,,1,,,11628
,,,,,1,,1,,,1,1,,,,,,11629
,1,,,,,,,,,,1,,,1,,,11630
,,,,,1,1,,1,,,1,,,1,,,11631
,,,,,,1,1,1,,,1,,,1,,,11632
,,,,,1,1,,,,,1,,,1,,,11633
,1,,,,,1,1,,,,1,,,1,,,11634
,1,,,,,,1,1,,,1,,,1,,,11635
,1,,,,1,1,,1,,,1,,,1,,,11636
,1,,,,1,,,1,,,1,,,1,,,11637
,1,,,,,,1,1,,,1,,,1,,,11638
,1,,,,1,1,1,,,,1,,,1,,,11639
,1,,,,,,,,,,1,,,1,,,11640
,1,,,,,,,1,,,1,1,,1,,,11641
,,1,,,,1,,,,,1,,,1,,,11642
,,,,,,,,1,,,1,,,1,,,11643
,,,,,,,,,,,1,,,1,,,11644
,,,,,,,1,,,,1,,,1,,,11645
,,,,,1,,,,,,1,,,,,,11646
,,,1,,,,,1,,1,1,,,,,,11647
,1,,,,,,,1,,,1,,,,,,11648
,,,,,,1,1,1,,1,1,1,,1,,,11649
,,,,,,,,,,1,1,,,,,,11650
,,,,,1,,,,,1,1,,,,,,11651
,,,1,,,,,,,,1,,,1,,,11652
,,,,,,,,1,,,1,,,,,,11653
,,1,,,,,1,,,,1,,,1,,,11654
,,1,,,,,,,,,1,,,,,,11655
,,,,,,,,,,1,1,,,,,,11656
,,,,,,,,,,,1,,,,,,11657
,,,,,,1,,,,,1,,,,,,11658
,,,,,,1,1,1,,,1,1,,1,,,11659
,,,,,,,,1,,,1,,,,,,11660
,,,1,,,,,1,,,1,,,1,,,11661
,,,,,,,,1,,,1,,,1,,,11662
,,,1,,1,,,,,1,1,,,1,,,11663
,,1,,,,1,,1,,,1,,,1,,,11664
,1,1,,1,1,1,1,1,,,1,,,1,,,11665
,1,,,,,,1,1,,,1,,,1,,,11666
,1,1,,,,,1,,,,1,,,1,,,11667
,1,,,,1,1,1,1,,,1,,,1,,,11668
,,,1,,,,,,,,1,,,1,,,11669
,,1,,,,1,1,,,,1,1,,1,,,11670
,,,1,,,,,1,,,1,,,1,,,11671
,,,,,,,,,,,1,,,1,,,11672
,,,,,,,,,,,1,,,,,,11673
,,1,,,1,1,,,,,1,,,1,,,11674
,1,,,,1,,1,,,,1,,,1,,,11675
,,,,,,,1,1,,,1,,,1,,,11676
,,,,,1,,,,,1,1,,,,,,11677
,,,,,,,,,,,1,,,,,,11678
,,,,,1,,,1,,,1,1,,1,,,11679
,,,,,,1,,,,,1,,,,,,11680
,,,,,,,1,,,,1,,,1,,,11681
,,,,,,,,,,,1,,,1,,,11682
,,,,,,,,1,,,1,,,,,,11683
,,1,,,,,1,,,,1,,,1,,,11684
,,1,,,,1,,,,,1,,,1,,,11685
,,,,,1,,,1,,,1,,,1,,,11686
,,,,,1,1,1,,,,1,1,,1,,,11687
,,,,,,,1,1,,,1,,,,,,11688
,,,,,1,,1,,,1,1,,,1,,,11689
,,,,,,,,,,,1,,,,,,11690
,,,,,,,1,1,,,1,,,1,,,11691
,,,,,1,1,1,,,,1,1,,1,,,11692
,,,,,,,,1,,,1,,,,,,11693
,,,1,,,,,1,,,1,,,1,,,11694
,,,,,,1,1,1,,,1,,,1,,,11695
,1,,,,1,,,,,,1,,,,,,11696
,1,,,,,1,,1,,,1,1,,1,,,11697
,,,,,,,1,,,,1,,,1,,,11698
,,,1,,,,,,,,1,,,,,,11699
,,,1,,,,,,,,1,,,,,,11700
,,,1,,,,1,,,,1,,,1,,,11701
,,,,,,,,1,,,1,,,,,,11702
,,,,,1,,1,,,,1,,,1,,,11703
,,,,,,,,,,,1,1,,1,,,11704
,,,,,1,,,,,,1,,,1,,,11705
,,,,,,,,1,,,1,,,1,,,11706
,,,,,,,1,1,,,1,1,,,,,11707
,,,,,,,1,1,,,1,,,1,,,11708
,,,,,,,,1,,,1,,,,,,11709
,,,1,,,,,,,1,1,,,1,,,11710
,,,,,,,1,,,,1,,,1,,,11711
,,,,,1,,,,,,1,1,,1,,,11712
,1,,,,,,1,,,,1,,,1,,,11713
,,1,1,,,,1,1,,,1,1,,,,,11714
,1,,,,,,1,,,,1,1,,,,,11715
,,,,,1,1,1,,,,1,,,1,,,11716
,,,,,,,,,,,1,,,,,,11717
,,,,,,,,,,,1,,,,,,11718
,,,,,1,1,1,1,,,1,,,1,,,11719
,,,,,1,1,,,,,1,,,1,,,11720
,,,,,,,,1,,,1,,,1,,,11721
,,,,,,,1,1,,1,1,,,1,,,11722
,1,,,,1,,,,,,1,,,1,,,11723
,,,1,,,,1,,,,1,,,1,,,11724
,,,,,,,,1,,,1,,,1,,,11725
,,,,,,,,1,,,1,,,1,,,11726
,1,,,,,,1,,,,1,1,,1,,,11727
,,,,,,,1,,,,1,,,1,,,11728
,,,,,1,,1,1,,,1,,,1,,,11729
,1,,,,,,,,,,1,,,1,,,11730
,,,,,1,,1,1,,1,1,,,1,,,11731
,,,1,,,,,,,,1,,,,,,11732
,,,1,,,1,1,1,,,1,,,1,,,11733
,,,,,1,,,1,,,1,,,,,,11734
,,,,,1,,1,,,,1,,,1,,,11735
,,1,,,,,,,,1,1,,,1,,,11736
,,,,,,1,1,1,,,1,,,1,,,11737
,,,,,1,1,,,,,1,1,,1,,,11738
,,,,,,,1,,,,1,,,1,,,11739
,,,,,,,,1,,,1,,,1,,,11740
,,,,,1,,,,,,,,,,,,11741
,1,1,,,,,,,,,1,,,1,,,11742
,,1,,,,,,,,,,,,1,,,11743
,1,1,,,1,,,,,,1,,,1,,,11744
,,,,,1,,,1,,,1,,,1,,,11745
,,,,,1,,,,,,,,,1,,,11746
,,,,,,,,,,,,,,,,,11747
,,,,,1,,1,,,,1,,,1,,,11748
,,,,,1,,,,,1,1,,,,,,11749
,,,,,,1,,,,,1,,,,,,11750
,,,,,,1,,,,,,,,,,,11751
,,,,,,,,,,,,1,,1,,,11752
,,,,,,,1,1,,,1,,,1,,,11753
,,,,,,,,,,,1,,,1,,,11754
,,,,,,,,,,,1,,,1,,,11755
,,1,,,,,,1,,,1,1,,1,,,11756
,,,,,,1,,1,,,1,,,,,,11757
,,,,,1,,1,,,,1,,,1,,,11758
,,,,,1,,,1,,,1,1,,,,,11759
,,,,,,,1,1,,1,1,,,,,,11760
,,,,,,1,,,,,1,,,1,,,11761
,,,,,,,1,1,,,1,,,1,,,11762
,,,,,1,,,1,,,1,,,,,,11763
,,,,,,,1,,,,1,,,1,,,11764
,,,,,,,,,,1,1,,,,,,11765
,,,,,,,,,,,1,,,,,,11766
,,,,,1,,1,,,,1,,,1,,,11767
,,,,,,,,,,,1,1,,1,,,11768
,,1,,,,,1,1,,,1,,,1,,,11769
,,,,,,,,,,,1,,,,,,11770
,,,,,1,,1,1,,,1,,,,,,11771
,,,,,,,,1,,,1,,,1,,,11772
,1,,,,,,,1,,,1,,,,,,11773
,,,,,,,,,,,1,1,,1,,,11774
,,,,,,,1,,,,1,,,1,,,11775
,,,,,,,1,1,,,1,,,1,,,11776
,,,,,,,,1,,,1,,,,,,11777
,,,,,,,,,,,1,1,,1,,,11778
,,,,,,,1,1,,,1,,,1,,,11779
,,,,,,,,1,,,1,,,1,,,11780
,,,,,,,,1,,,1,,,,,,11781
,,,,,,,1,1,,,1,,,1,,,11782
,,,,,,,,1,,,,,,1,,,11783
,,,,,,,,,,,1,,,1,,,11784
,,,,,,,1,1,,,1,,,,,,11785
,,,,,,,,1,,,1,,,1,,,11786
,,,,,1,1,,,,,1,,,1,,,11787
,,,,,1,,,,,,1,,,,,,11788
,,,,,1,,1,,,,1,1,,1,,,11789
,,,,,1,,,,,,1,,,,,,11790
,,,,,,,,,,,1,1,,1,,,11791
,,,,,1,,,1,,,1,,,1,,,11792
,,,,,1,,,,,,1,,,1,,,11793
,,,,,,,,,,,1,,,1,,,11794
,,,,,1,,,1,,,1,,,,,,11795
,,,,,1,,,1,,,1,,,1,,,11796
,,,,,1,,1,1,,,1,,,1,,,11797
,,,,,,,1,1,,,1,1,,1,,,11798
,,,,,,,,1,,,1,1,,,,,11799
,,,,,,,,,,,1,1,1,1,,,11800
,,,,,1,,,,,,1,1,,1,,,11801
,,,,,1,,,,,,,1,,,,,11802
,,,,,1,,,1,,,1,1,,,,,11803
,1,,,,1,,,,,,1,,,1,,,11804
,,,,,1,,,,,,1,1,,1,,,11805
,,,,,,1,,1,,,1,,,1,,,11806
,,,,,1,,,,,,1,,,1,,,11807
,,,,,,,,,,,1,,,,,,11808
,1,,,,1,1,,,,,1,,,1,,,11809
,1,,,,1,1,,,,,1,1,,,,,11810
,,,,,1,,,,,,1,,,,,,11811
,,,,,1,1,,,,,1,,,1,,,11812
,,,,,1,,,,,,1,,,,,,11813
,,,,,1,,1,,,,1,,,1,,,11814
,,,,,,,,1,,,1,,,1,,,11815
,,1,,,1,1,1,,,1,1,,,1,,,11816
,,1,,,1,,,,,,1,1,,,,,11817
,,,,,1,,1,1,,,1,1,,1,,,11818
,,,,,,,,,,1,1,1,,1,,,11819
,,,,,1,,,,,,,,,,,,11820
,,,,,1,,,,,,1,,,1,,,11821
,,,,,1,,,1,,,1,1,,1,,,11822
,,,,,1,,,,,,,,,,,,11823
,,,,,1,,,,,,1,,,,,,11824
,,,,,1,1,,,,,,,,,,,11825
,,,,,1,,1,,,,1,,,1,,,11826
,,,,,1,,,1,,,1,,,1,,,11827
,,,,,1,,1,1,,,1,,,,,,11828
,,,,,1,1,,,,,1,,,1,,,11829
,,,,,1,,1,1,,,1,,1,1,,,11830
,,,,,1,,,1,,1,1,1,,1,,,11831
,1,,,,1,,1,1,,,1,1,,1,,,11832
,,,,,1,1,,,,,1,,,,,,11833
,,,,,1,1,,1,,,1,,,1,,,11834
,,,,,1,1,1,,,,1,,,,,,11835
,,,,,,1,,,,,1,,,1,,,11836
,,,,,1,,,1,,,1,,,,,,11837
,,,,,,,,,,,1,,,,,,11838
,1,,,,1,,,1,,,,,,1,,,11839
,1,,,,,,,1,,,1,,,,,,11840
,,,,,,,,,,,1,,,,,,11841
,,,,,1,1,,1,,,1,1,,1,,,11842
,,,,,1,,,1,,,1,,,,,,11843
,,,,,1,,,,,,1,,,1,,,11844
,,,,,1,,,,,,1,,,,,,11845
,,,,,1,,1,1,,,1,1,,1,,,11846
,,,,,1,,,1,,,1,,,,,,11847
,,,,,1,,,,,,,,,,,,11848
,,,,,,,,1,,,1,,,,,,11849
,1,,,,,,,,,,1,,,,,,11850
,,,,,,1,1,1,,,1,1,,1,,,11851
,,,,,,1,,,,,1,1,,1,,,11852
,,,,,,,1,,,1,1,1,,,,,11853
,,,,,,1,,1,,1,1,,,1,,,11854
,,,,,1,1,1,1,,,1,1,,1,,,11855
,,,,,1,,,1,,1,,,,,,,11856
,,,,,,,,,,,1,,,1,,,11857
,1,,,,1,,1,,,,1,,,1,,,11858
,,,,,1,,,,,,1,,,,,,11859
,1,,,,1,,,,,,1,1,,1,,,11860
,,,,,,1,,1,,,1,1,,1,,,11861
,,1,,,,,1,1,,,1,1,,1,,,11862
,,,,,1,,1,,,,1,,,1,,,11863
,,,,,1,,1,,,,1,1,,1,,,11864
,,,,,1,,,1,,1,,,,1,,,11865
,,1,,,,,,1,,,1,,,,,,11866
,,,,,1,1,,1,,,1,1,,1,,,11867
,,,,,1,1,1,,,,1,,,1,,,11868
,,,,,1,,1,1,,,1,1,,1,,,11869
,,,,,1,,,1,,,,,,,,,11870
,,,,,,1,,1,,,,1,,1,,,11871
,,,,,1,1,1,1,,,1,,,1,,,11872
,,,,,1,,,1,,,,,,1,,,11873
,,,,,,1,1,,,,1,,,1,,,11874
,,,,,1,,,1,,,1,,,1,,,11875
,,,,,,1,,,,,,,,,,,11876
,,,,,,,1,,,,1,,,1,,,11877
,,,,,1,1,1,1,,,,,,,,,11878
,,,,,,,1,,,,1,1,,1,,,11879
,,,,,1,,,,,,,,,,,,11880
,,,,,,,1,,,1,,,,,,,11881
,,,,,,,,,,,1,,,,,,11882
,,,,,,1,,1,,,1,1,,,,,11883
,,,,,1,,,,,,,,,,,,11884
,1,,,,1,,,,,,1,,,1,,,11885
,,,,,,,,1,,,1,,,,,,11886
,,,1,,,,1,,,,,,,,,,11887
,,1,,,1,,,,,,,,,,,,11888
,,,,,,,,,,1,1,,,1,,,11889
,,,,,,1,,,1,1,1,,,1,,,11890
,,,,,,,1,,,,1,,,,,,11891
,,,,,1,1,,1,,,1,1,,1,,,11892
,,,,,,,,,,,1,,,1,,,11893
,,1,,,,,,1,,1,1,1,,1,,,11894
,,,,,,,1,,,,1,,,1,,,11895
,,,,,1,,,1,,,,1,,1,,,11896
,,,,,1,,,,,,1,,,,,,11897
,,,,,1,,,,,,,,,,,,11898
,,,,,1,,,,,,1,,,1,,,11899
,,,,,,1,,1,,1,,1,,1,,,11900
,,,,,1,,,1,,,1,1,,1,,,11901
,,1,,,,,,1,,,1,,,,,,11902
,,,,,1,,,1,,,1,,,1,,,11903
,,,1,,1,,,1,,,1,,,1,,,11904
,1,,,,,1,,,,,1,1,,1,,,11905
,1,,,,1,,,,,,,,,1,,,11906
,,,,,1,,1,1,,,1,,,1,,,11907
,,,,,1,,1,,,,1,,,,,,11908
,1,,,,1,,,,,,,,,1,,,11909
,,,,,,1,,1,,,1,,,1,,,11910
,,,,,,,1,,,,1,1,,1,,,11911
,,,,,,1,1,1,,,1,,,1,,,11912
,1,1,,,1,,,1,,,1,1,,1,,,11913
,,,,,,1,1,1,,,1,,,1,,,11914
,1,,,,,1,,1,,,1,1,,1,,,11915
,,,,,,1,,1,,,1,,,1,,,11916
,,,,,,,,,,,1,,,1,,,11917
,,,,,1,,,1,,,1,,,1,,,11918
,,,,,,,,,,1,1,1,,1,,,11919
,,,,,,,,,,,1,,,1,,,11920
,,,,,1,,,,,,1,1,,,,,11921
,,,,,1,1,,1,,,1,,,1,,,11922
,,,,,,1,,1,,,1,1,,1,,,11923
,,,,,1,,,1,,,1,,,,,,11924
,,,,,,,,,,1,1,,,1,,,11925
,1,,,,1,,,,,,1,,,1,,,11926
,1,,,,,,1,1,,,1,,,1,,,11927
,1,,,,1,,1,1,,,1,,,1,,,11928
,,,,,1,1,,1,,,1,1,,1,,,11929
,1,,,,,1,1,1,,,1,1,,1,,,11930
,,,,,1,,,1,,,1,,,,,,11931
,,,,,,1,,,,,1,,,1,,,11932
,,,,,,,,1,,,1,,,1,,,11933
,,,,,,,,,,1,1,,,1,,,11934
,1,,,,1,,,1,,,1,1,,1,,,11935
,,,,,,1,,1,,1,1,1,,1,,,11936
,,,,,1,1,1,1,,1,1,1,,1,,,11937
,1,,,,1,,1,,,,1,,,,,,11938
,,1,,,,,1,1,,,,,,1,,,11939
,,,,,1,,,,,1,1,,,1,,,11940
,,,,,1,,,1,,1,1,,,1,,,11941
,,,,,1,,,,,1,1,1,,1,,,11942
,,,,,1,,,,,1,1,,,,,,11943
,,,,,1,,,,,,1,,,,,,11944
,,,,,,,,,,,1,1,,1,,,11945
,,,,,,1,1,1,,,,,,,,,11946
,,,,,,,,1,,,,,,,,,11947
,,,,,,1,1,1,,,1,1,,1,,,11948
,,,,,1,,,,,,1,,,1,,,11949
,,,,,1,,,,,,1,,,,,,11950
,,,,,,,,,,,1,,,1,,,11951
,,,,,,1,1,1,,,1,,,,,,11952
,1,,,,1,,,,,,1,,,1,,,11953
1,,,,,1,,,1,,,1,,,1,,,11954
,,,,,,,1,1,,,1,,,1,,,11955
,,,,,1,,1,1,,1,1,1,,1,,,11956
,,,,,1,,1,,,,1,1,,1,,,11957
,,,,,,,,1,,,1,,,1,,,11958
,,,,,,,,1,,,1,,1,1,,,11959
,,,,,1,,1,,,,1,,,1,,,11960
,,,,,1,,1,1,,,1,,,1,,,11961
,,,,,1,,,,,,,,,,,,11962
,,,,,1,,,,,,,,,,,,11963
,,,,,1,1,,1,,,1,,,1,,,11964
,,,,,1,,1,1,,,1,1,,1,,,11965
,,,,,1,,,,,,,,,,,,11966
,,,,,1,,,,,,1,,,1,,,11967
,,,,,1,,,,,,1,1,,1,,,11968
,,,,,1,,,,,,1,,,1,,,11969
,,,,,,1,1,1,,,1,1,,1,,,11970
,,,,,1,1,1,1,,,1,1,,1,,,11971
,,,,,1,1,1,1,,,1,1,,1,,,11972
,,,,,1,1,1,1,,,1,1,,1,,,11973
,,,,,,1,1,,,,1,1,,1,,,11974
,,,,,,,,1,,,1,,,,,,11975
,,,,,,,,1,,,,,,1,,,11976
,,,,,1,,1,1,,,1,,,1,,,11977
,,,,,,1,,,,,1,1,,1,,,11978
,,,,,,1,,1,,,1,1,,1,,,11979
,,,,,1,,,,,,1,,,1,,,11980
,,,,,1,1,,,,,1,1,,1,,,11981
,,,,,,1,,1,,,1,1,,1,,,11982
,,,,,1,1,,1,,,1,1,,1,,,11983
,,,,,,1,1,,,,1,1,,1,,,11984
,,,,,,,,,,,1,1,,,,,11985
,,,,,1,,,1,,,1,,,1,,,11986
,,,,,1,,,,,,1,,,1,,,11987
,,,,,,,,1,,,1,,,1,,,11988
,,1,,,,,,1,,,,,,,,,11989
,,1,,,,,,,,,,,,,,,11990
,,,,,,,,,,,,1,,,,,11991
,,,,,,1,,,,,1,1,,,,,11992
,,,,,,,1,,,,,1,,,,,11993
,,,,,,,,,,,1,1,1,1,,,11994
,,,,,1,,,,,,1,,,1,,,11995
,1,,,,1,,,,,,,,,,,,11996
,,,,,1,,,,,,,,,,,,11997
,,,,,1,,,,,,1,,,,,,11998
,1,,,,1,,1,,,1,1,,,1,,,11999
,,,,,1,,1,,,,,,,,,,21500
,,,,,,,,,,,1,,,1,,,21501
,,,,,,,,1,,,1,,,,,,21502
,,,,,1,,,,,,1,,,,,,21503
,,,,,1,,,1,,,1,1,,1,,,21504
,,,,,,1,1,1,,,1,,,1,,,21505
,,,,,1,1,,1,,,1,,,,,,21506
,,,,,1,1,,,,,1,,,1,,,21507
,,,,,,1,,,,,1,,,1,,,21508
,,,,,,1,,,,,1,,,,,,21509
,,,,,,1,,1,,,1,,,1,,,21510
,,,,,1,1,,,,,1,,,1,,,21511
,1,,,,,1,,1,,,1,,,1,,,21512
,,,,,1,1,,,,,1,,,,,,21513
,,,,,1,1,1,,,,1,1,,1,,,21514
,,,,,1,1,1,1,,,1,,,1,,,21515
,,,,,1,1,,,,,1,,,1,,,21516
,,,,,1,1,,1,,,1,1,,1,,,21517
,,,,,,1,,,,,1,1,,1,,,21518
,1,,,,1,1,,,,,1,,,1,,,21519
,,,,,,1,,1,,,1,,,,,,21520
,,,,,1,1,,,,,1,,,1,,,21521
,,,,,1,1,,,,,1,,,1,,,21522
,,,,,,1,,1,,,1,,,,,,21523
,,,,,1,1,,1,,,1,1,,1,,,21524
,1,,,,,,,1,,,1,,,1,,,21525
,,,,,,1,,1,,,1,,,1,,,21526
,,,,,1,,,,,,1,,,1,,,21527
,,,,,1,,,1,,,1,,,,,,21528
,,,,,1,,1,1,,,1,,,,,,21529
,,,,,1,,,,,,1,,,1,,,21530
,,,,,,1,1,1,,,1,1,,1,,,21531
,,,,,1,,1,1,,,1,,,,,,21532
,,,,,,,1,1,,,,,,1,,,21533
,,,,,1,1,,1,,,1,,,,,,21534
,,,,,,1,,1,,,1,,,,,,21535
,,,,,1,,,,,,1,,,1,,,21536
,,,,,1,1,,1,,,1,,,,,,21537
,,,,,1,1,,1,,,1,1,,1,,,21538
,,,,,1,1,,,,,1,,,,,,21539
,,,,,1,1,1,1,,,1,,,1,,,21540
,,,,,,1,,,,,1,,,1,,,21541
,,1,,,,,,1,,,1,,,1,,,21542
,,,,,1,,,,,,1,,,1,,,21543
,,,,,,,,,,,1,,,,,,21544
,,,,,1,,,,,,1,,,1,,,21545
,,,,,1,,,1,,,,,,,,,21546
,,,,,1,,,,,,,,,,,,21547
,,,,,,,,,,,,,,,,,21548
,,,,,,,,1,,,1,,,,,,21549
,,,,,,,,,,,1,,,,,,21550
,,,,,1,,,,,,,,,1,,,21551
,,,1,,1,,,,,1,1,,,,,,21552
,,,,,1,,1,,,1,,,,1,,,21553
,,,,,1,,,,,1,,,,1,,,21554
,,,,,1,,,,,,1,1,,1,,,21555
,,,,,1,,1,,,1,1,,,1,,,21556
,,,,,1,1,1,,,,,,,,,,21557
,,,,,1,,,,,,1,,,1,,,21558
,,,,,1,1,1,1,,,1,,,1,,,21559
,,,,,1,1,,,,,1,,,1,,,21560
,,,,,1,1,1,,,,1,,,,,,21561
,,,,,,,,,,,1,1,,1,,,21562
,,,,,,,1,,,,1,,,,,,21563
,,,,,,,,1,,,1,,,1,,,21564
,1,,,,,,1,,,,1,,,1,,,21565
,,,,,1,,1,1,,,,,,,,,21566
,,,,,1,1,,,,,1,,,,,,21567
,,,,,,1,,,,,,1,,,,,21568
,,,,,,,1,1,,,1,1,,1,,,21569
,,,,,,1,,,,,1,1,,1,,,21570
,,,,,1,,,,,,1,1,,1,,,21571
,,,,,,,,,,,1,1,,1,,,21572
,,,,,,1,,,,,1,,,1,,,21573
,,,,,1,,,,,,,,,,,,21574
,,,,,,1,,1,,,1,,,1,,,21575
,,,,,,1,1,1,,,1,,,,,,21576
,,,,,1,1,1,1,,,1,1,,1,,,21577
,,,,,,1,,,,,1,,,1,,,21578
,1,1,,,1,1,,1,,,1,1,,1,,,21579
,,,,,,,,,,,1,,,,,,21580
,1,1,,,1,1,,,,,1,1,,1,,,21581
,,1,,,,,1,1,,,1,,1,1,,,21582
,,,,,1,,,,,,1,,,1,,,21583
,,,,,,1,,,,,1,1,,1,,,21584
,,,,,1,,1,1,,,1,,,1,,,21585
,,,,,,,,,,,1,1,,1,,,21586
,,,,,1,,,1,,,1,,,1,,,21587
,,,,,1,,,,,,1,,,1,,,21588
,,,,,,,,,,1,,,,1,,,21589
,,,,,1,1,,,,,1,,,1,,,21590
,,,,,1,,,,,,1,,,,,,21591
,,,,,,,,1,,,1,,,,,,21592
,,,,,,1,,,,,1,,,1,,,21593
,,,,,,,,,,,,,,1,,,21594
,,,,,,,,,,,1,,,1,,,21595
,,,,1,,,,,,,1,,,1,,,21596
,,,,,,,,,,,1,,,1,,,21597
,,,,,,1,,1,,,1,,,1,,,21598
,,,,,,,1,,,,1,,,,,,21599
,,,,,,,,,,,1,,,,,,21600
,,,,,1,,,1,,,1,,,,,,21601
,,1,,,1,1,,,,1,1,,,1,,,21602
,,,,,,1,1,,,,1,,,1,,,21603
,,1,,,1,1,1,,,1,1,1,,,,,21604
,,,,,,,,,,1,1,,,1,,,21605
,,,,,,1,,1,,,1,1,,1,,,21606
,,1,,,,,,1,,,1,1,,1,,,21607
,,1,,,,,,,,1,1,1,,1,,,21608
,,,,,1,1,1,,,1,1,1,,1,,,21609
,,1,,,1,,,,,,1,1,,,,,21610
,,1,,,,,,,,1,1,1,,1,,,21611
,,1,,,,,1,,,1,1,1,,1,,,21612
,,1,,,,,,,,,1,1,,1,,,21613
,,,,,,,,,,,1,,,1,,,21614
,,,,,,,,,,,1,,,1,,,21615
,,,,,1,,,,,,1,,,,,,21616
,,,,,1,,1,,,,1,,,,,,21617
,,,,,,1,1,1,,,1,1,,1,,,21618
,,,,,1,1,,1,,,1,1,,,,,21619
,,,,,1,1,,,,,1,,,1,,,21620
,,,,,1,,,1,,,1,1,,,,,21621
,,,,,,,1,1,,1,1,,,1,,,21622
,,,,,,,,1,,1,1,1,,1,,,21623
,,,,,,1,1,1,,,1,1,,1,,,21624
,,,,,,,,1,,,1,1,,1,,,21625
,,,,,,,1,,,,1,,,1,,,21626
,,,,,,,,,,,1,,,1,,,21627
,,,,,1,,1,1,,1,1,,,1,,,21628
,,,,,1,,1,,,,1,,,,,,21629
,,,,,,,,,,,1,1,,1,,,21630
,,,,,1,,1,1,,,1,1,,,,,21631
,,,,,1,1,,1,,,1,,,,,,21632
,,,,,1,,,,,,1,,,,,,21633
,,,,,,1,,,,,1,,,,,,21634
,,,,,1,,,,,,1,,,1,,,21635
,,,,,,,,,,1,1,,,,,,21636
,1,,,,,,,1,,,1,,,1,,,21637
,1,1,,,1,1,,1,,1,1,1,,1,,,21638
,,,,,1,,,,,,1,,,,,,21639
,,,,,1,,,1,,,1,,,,,,21640
,,,,,,,,1,,,1,1,,1,,,21641
,1,,,,1,,,,,,1,,,,,,21642
,1,,,,1,,1,,,,1,,,1,,,21643
,,,,,,,,,,,1,,,1,,,21644
,,,,,1,1,,1,,,1,,,,,,21645
,,,,,1,,1,1,,,1,,,1,,,21646
,,,,,,,,,,,1,,,,,,21647
,,,,,,,,1,,,1,,,,,,21648
,,,,,,,1,,,1,1,,,,,,21649
,,,,,,1,,,,,1,,,1,,,21650
,1,,,,1,,,,,,1,,,1,,,21651
,,,,,1,,,1,,,,,,,,,21652
,1,,,,1,,,,,,1,,,1,,,21653
,,,,,,,,1,,,1,,,1,,,21654
,,1,,,,,1,,,1,1,1,,,,,21655
,,,,,,,,1,,,1,1,,1,,,21656
,,,,,,,,,,,1,,,1,,,21657
,1,,,,1,,,,,,1,,,,,,21658
,,,,,1,,,,,,,,,,,,21659
,,,,,,1,,,,,1,,,1,,,21660
,,,,,,,,1,,,,,,1,,,21661
,,,,,1,,,1,,,1,,,1,,,21662
,,,,,1,1,,,,,1,,,1,,,21663
,,,,,1,,,,,,1,,,1,,,21664
,,,,,1,,,1,,,1,,,,,,21665
,,,,,1,,,,,,1,,,,,,21666
,,,,,1,,,,,1,,,,,,,21667
,,,,,1,,,,,,,,,,,,21668
,,,,,1,,,1,,,1,,,,,,21669
,1,,,,1,1,1,1,,,1,,,1,,,21670
,,,,,1,,,,,,,,,1,,,21671
,,,,,1,,,,,,1,,,,,,21672
,,,,,1,,,,,,1,1,,1,,,21673
,,,,,1,,,,,,1,,,,,,21674
,,,,,1,,,1,,,,,,,,,21675
,,,,,1,,,1,,,1,,,1,,,21676
,,,,,1,,,,,,1,,,1,,,21677
,1,,,,1,,,,,,1,1,,1,,,21678
,,,,,1,1,,,,,1,,,,,,21679
,1,,,,,,1,1,,,1,,,1,,,21680
,1,,,,1,,,1,,,1,,,1,,,21681
,1,,,,,,1,,,,1,,,1,,,21682
,1,,,,1,,,,,1,1,1,,1,,,21683
,,,,,,,1,,,,1,,,1,,,21684
,,,,,1,,,1,,,1,,,,,,21685
,,,,,1,1,,1,,,,,,,,,21686
,,,,,,,,,,,1,,,,,,21687
,,,,,1,,,,,,,,,1,,,21688
,,,,,,1,,,,,1,1,,1,,,21689
,,,,,1,,,,,,1,,,1,,,21690
,,,,,1,,,,,,1,,,,,,21691
,,,,,1,,,,,,,,,,,,21692
,,,,,1,,,,,,,,,,,,21693
,,,,,,,,,,,1,,,,,,21694
,,,,,1,,,,,,,,,,,,21695
,,,,,1,,,,,1,1,,,1,,,21696
,,,,,1,,1,,,1,1,1,,1,,,21697
,,,,,,1,,1,,,1,,,1,,,21698
,,,,,,,,1,,,1,,,1,,,21699
,,,,,,,,,,,1,,,1,,,21700
,,,1,,,,,,,,1,,,1,,,21701
,,1,1,,1,,1,,,1,1,,,,,,21702
,,,,,,,,,,,,,,,,,21703
,,,,,,,,,,,1,,,,,,21704
,,,,,,,,,,,1,,,1,,,21705
,,,,,1,,1,,,,1,,,,,,21706
,1,,,,,1,1,1,,,1,,,1,,,21707
,,,,,,,,,,,1,1,,1,,,21708
,1,,,,1,1,,,,,1,1,,1,,,21709
,1,,,,1,,1,,,,1,,,1,,,21710
,1,,,,,,,,,,1,,,1,,,21711
,1,1,1,,1,,1,,,,1,,,1,,,21712
,1,,,,1,,,,,,1,,,1,,,21713
,1,,,,1,,,1,,,1,1,,,,,21714
,1,,,,1,,1,1,,,1,,,1,,,21715
,1,,1,,,1,,,,,1,,,1,,,21716
,1,,,,1,,1,1,,,,,,1,,,21717
,1,,,,,,1,,,,1,,,1,,,21718
,1,,,,,,,1,,,1,1,,1,,,21719
,1,,,,,,1,1,,,1,,,1,,,21720
,,,,,1,,,,,,1,,,,,,21721
,,,,,,,1,,,,1,,,1,,,21722
,1,,,,1,,,1,,,1,1,,1,,,21723
,,,,,,,,,,,1,1,,1,,,21724
,,,,,1,1,,,,,1,,,1,,,21725
,,1,1,,1,,1,,,1,1,,,1,,,21726
,,,,,1,,,,,,1,,,,,,21727
,,,1,,1,,,,,,1,,,,,,21728
,,,,,1,1,,1,,,1,,,,,,21729
,,,,,1,,,1,,,1,,,1,,,21730
,,,,,1,,,,,1,1,,,1,,,21731
,,,,,1,,1,,,,1,,,,,,21732
,,,,,1,,,,,,1,1,,,,,21733
,,,,,,1,,1,,,1,,,1,,,21734
,,,,,,1,1,,,,1,1,,1,,,21735
,,,,,,1,,,,,1,1,,1,,,21736
,,,,,,1,1,1,,1,1,1,,1,,,21737
,,,,,,,1,,,1,1,1,,1,,,21738
,,,,,,,1,1,,,1,,,1,,,21739
,,,,,,,,,,,1,,,1,,,21740
,,1,,,1,,1,,,,1,,,1,,,21741
,,,,,1,1,1,1,,,1,1,,1,,,21742
,,,,,,,,1,,,1,,,1,,,21743
,1,,,,,,,1,,,1,,,,,,21744
,1,,,,,1,1,1,,,1,,,1,,,21745
,,,,,1,1,,1,,,1,,,1,,,21746
,,,,,1,,,,,,1,,,,,,21747
,,,,,1,,1,,,,1,,,1,,,21748
,,,,,,1,,1,,1,1,1,,1,,,21749
,,,,,,1,,1,,,,1,,,,,21750
,,,,,,,,1,,,1,,,1,,,21751
,,,,,,,1,1,,1,1,,,1,,,21752
,,,,,,,1,1,,,1,1,,1,,,21753
,,,,,1,,,1,,,1,,,,,,21754
,1,,,,,,1,1,,1,1,,,1,,,21755
,,,,,,,,,,,1,1,,1,,,21756
,,,,,1,1,1,1,,,,1,,1,,,21757
,,,,,,,1,,,1,1,1,,1,,,21758
,,,,,,,1,1,,,1,,,,,,21759
,,,,,,,1,,,,,,,1,,,21760
,,,,,,1,1,,,,1,,,1,,,21761
,,,,,1,,,1,,,,,,,,,21762
,,,,,1,,,,,,1,,,,,,21763
,,,,,,1,,,,,1,,,1,,,21764
,,,,,1,,,1,,,1,,,1,,,21765
,,,,,,,1,,,,1,,,,,,21766
,,,,,,1,,,,,1,,,1,,,21767
,,1,,,1,,,,,1,,,,,,,21768
,,1,,,,,,1,,,1,1,,1,,,21769
,,1,,,1,,,,,,1,1,,1,,,21770
,,,,,,,,,,1,1,,,,,,21771
,,,,,,,,1,,1,1,1,,,,,21772
,,,,,1,,,,,1,1,1,,1,,,21773
,,,,,,,,1,,,1,,,,,,21774
,,,,,1,,1,1,,,1,,,1,,,21775
,1,,,,1,,1,,,,,,,,,,21776
,,,,,,,,,,,1,,,1,,,21777
,,,,,1,,,1,,,1,,,1,,,21778
,,,,,1,1,,,,,1,,,1,,,21779
,,,,,,1,,1,,,1,,,,,,21780
,,,,,1,,,,,,,,,,,,21781
,,,,,,,1,1,,,1,,,1,,,21782
,,,,,,,,,,,1,,,1,,,21783
,,,,,,,1,,,,,,,1,,,21784
,,,,,,,,,,,1,1,,1,,,21785
,,,,,1,,,1,,,1,,,1,,,21786
,,,,,,,1,,,,1,,,1,,,21787
,,,,,1,,,1,,,,,,1,,,21788
,,1,,,1,,,1,,,1,,,1,,,21789
,,,,,1,,1,,,,1,,,1,,,21790
,1,1,,,1,,1,,,,1,,,1,,,21791
,,,,,,1,,,,,1,,,1,,,21792
,,,,,1,,1,,,,1,,,1,,,21793
,,,,,1,,,1,,,1,,,1,,,21794
,,,,,,,1,1,,,1,,,1,,,21795
,,,,,,,1,,,,1,,,1,,,21796
,,,,,,,1,,,1,1,,,1,,,21797
,,,,,,,1,,,,1,,,1,,,21798
,,,,,,1,,1,,,1,1,,,,,21799
,,,,,,,,,,,1,,,,,,21800
,,,,,,,,,,,1,,,,,,21801
,,1,,,,1,,,,1,1,1,,1,,,21802
,,1,,,1,,,1,,,,,,,,,21803
,,1,,,,,,1,,,1,,,1,,,21804
,,,,,,,1,,,,1,1,,,,,21805
,1,,,,1,,,,,,1,,,1,,,21806
,,,,,,,,1,,,1,,,1,,,21807
,,,,,1,1,1,1,,1,1,,,1,,,21808
,,,,,1,,,1,,,,1,,1,,,21809
,,,,,1,,,,,,1,,,,,,21810
,,1,,,1,,1,,,1,,,,1,,,21811
,,,,,1,,1,1,,,1,,,,,,21812
,1,,,,1,,1,,,,1,,,1,,,21813
,,,,,,,,1,,,,1,1,1,,,21814
,,1,,,,,,,,1,1,,,1,,,21815
,,,,,1,,,,,,1,,,,,,21816
,,,,,,1,,,,,1,,,1,,,21817
,,,,,1,,,,,,1,,,1,,,21818
,,,,,,1,1,,,1,1,,,,,,21819
,1,,,,1,1,,1,,,1,,,,,,21820
,,,,,1,,,,,,1,,,1,,,21821
,,,,,,1,,,,,,,,,,,21822
,,,,,,,,,,1,1,,,1,,,21823
,,,1,,,,,1,,,1,,,,,,21824
,,,,,1,,,,,,1,,,,,,21825
,,,,,1,,,,,,1,,,,,,21826
,,,,,,,1,1,,,1,,,1,,,21827
,,,,,,1,,1,,,1,,,,,,21828
,,,,,1,,,1,,,1,,,,,,21829
,,,,,,,1,1,,,1,,,1,,,21830
,,,,,1,,,,,,1,,,,,,21831
,,,,,1,,,1,,,,,,,,,21832
,1,,,,,,,,,,1,,,,,,21833
,,,,,1,,,1,,,,1,,,,,21834
,,,,,1,,,1,,,,1,,,,,21835
,1,,,,,,,,,,,,,1,,,21836
,,,,,,,,,,,1,,,,,,21837
,,,,,,1,,1,,,1,,,1,,,21838
,,,,,,1,,1,,,1,1,,1,,,21839
,,,,,,,1,1,,,1,1,,,,,21840
,,,,,,,,,,,1,1,,1,,,21841
,,,,,,,,1,,,,,,,,,21842
,,,,,,,,,,,1,,,1,,,21843
,,,,,1,,,,,1,,1,,,,,21844
,,,,,1,,,,,,1,1,,1,,,21845
,,,,,1,1,,,,1,1,,,1,,,21846
,,,,,,1,,,1,,,,,1,1,,21847
,1,,,,,1,,,,,1,1,,1,,,21848
,,,,,,,1,,,,1,1,,1,,,21849
,,1,,,1,1,,1,,,1,1,,1,,,21850
,,,,,,,,,,,1,,,1,,,21851
,,,,,1,1,1,,,,1,,,1,,,21852
,,,,,,,,1,,,1,,,1,,,21853
,1,,,,1,,,,,,1,1,,1,,,21854
,,,,,,,,,,,1,,,,,,21855
,,,,,,,,1,,,1,1,,1,,,21856
,,,1,,,,1,,,,1,,,1,,,21857
,,,,,,,,1,,,1,1,,,,,21858
,,,,,,1,1,1,,,1,,,1,,,21859
,,,,,1,1,,1,,,1,,,1,,,21860
,,,,,1,,,,,,1,,,1,,,21861
,,,,,1,,1,,,1,1,,,1,,,21862
,1,,,,,,1,,,,1,1,,1,,,21863
,,,,,1,,,,,1,1,,,1,,,21864
,,,,,,1,1,1,,,1,1,,1,,,21865
,,,,,,1,,1,,,1,1,,1,,,21866
,,,,,,,1,1,,,1,,,,,,21867
,,,,,,,,,,,,,,,,,21868
,,,,,1,1,,1,,,1,,,,,,21869
,,,,,,,,,,1,,,,,,,21870
,,,,,,,1,,,,1,,,1,,,21871
,,,,,,,1,,,,1,,,1,,,21872
,,,,,1,,,,,,1,,,,,,21873
,,,,,,,,,,,1,,,,,,21874
,1,1,1,,1,,,,,1,1,,,1,,,21875
,,,,,,1,1,,,,1,1,,1,,,21876
,,,,,,,1,,,1,1,1,,1,,,21877
,,,,,1,1,,,,,1,,,1,,,21878
,,,,,,,,,,1,1,,,1,,,21879
,,,,,,1,,1,,,1,,,1,,,21880
,,,,,,,1,,,1,1,,,1,,,21881
,,,,,,1,,1,,,,,,1,,,21882
,,,,,,,1,,,,1,1,,1,,,21883
,,,,,,,,,,,1,,,1,,,21884
,,,,,1,,,1,,,1,,,,,,21885
,,,,,1,1,,1,,,1,1,,1,,,21886
,,,,,1,1,1,1,,,1,,,1,,,21887
,,,,,1,,,1,,,1,,1,1,,,21888
,,,,,1,,,,,,1,,,,,,21889
,,,,,,,,,,,1,,,,,,21890
,1,,,,1,,,,,,1,,,,,,21891
,,,,,1,,,,,,1,,,1,,,21892
,,,,,1,,,,,,,,,1,,,21893
,,1,,,1,,,,,,1,,,1,,,21894
,,,,,1,1,,1,,1,1,1,,1,,,21895
,1,,,,,,1,,,,1,,,1,,,21896
,1,1,,,1,,1,1,,,1,,,1,,,21897
,,,1,,1,,,1,,,1,,,1,,,21898
,,,,,,,1,1,,,1,1,,1,,,21899
,1,,,,1,,1,,,1,1,,,1,,,21900
,1,1,,,,,1,,,,1,,,1,,,21901
,,,,,1,,,,,,1,,,1,,,21902
,,,,,1,,,,,,,,,,,,21903
,1,,,,1,,,1,,,1,,,1,,,21904
,,,,,,,1,1,,,1,,,1,,,21905
,,,,,,,,,,,1,1,,1,,,21906
,,,,,1,,1,,,,,,,1,,,21907
,,,,,,1,,,,,1,,,1,,,21908
,,,,,,1,,,,,1,,,1,,,21909
,,,,,,1,1,1,,,1,1,,1,,,21910
,,,,,1,,1,,,,1,1,,1,,,21911
,1,1,,,,,,,,,1,,,1,,,21912
,,,,,1,1,,1,,,1,1,,1,,,21913
,1,,,,1,,,,,,1,,,1,,,21914
,,,,,1,,1,1,,,1,1,,1,,,21915
,1,,,,,1,,,,,1,1,,1,,,21916
,,,,,,1,,,,,1,1,,1,,,21917
,1,1,1,,,,,,,,1,,,1,,,21918
,,1,,,1,,,1,,,1,,,1,,,21919
,,,,,,1,1,,,1,1,1,,1,,,21920
,,,,,,,1,,,,1,,,1,,,21921
,,,,,1,,,,,1,1,1,,1,,,21922
,1,,,,1,,,,,,,,,1,,,21923
,1,,,,,1,,1,,,1,,,1,,,21924
,,,,,1,,,,,,,,,,,,21925
,,,,,1,,,,,,1,,,1,,,21926
,,,,,1,1,,1,,,1,,,,,,21927
,,,,,1,1,,,,,,,,,,,21928
,,,,,1,,,,,,,,,1,,,21929
,,,,,1,,,1,,,1,,,,,,21930
,,1,,,,,,1,,,,,,1,,,21931
,,,,,,,,1,,,1,,,,,,21932
,,1,,,,,,1,,,1,1,,1,,,21933
,,,,,,,,1,,,1,,,1,,,21934
,,,,,,,,,,,1,,,,,,21935
,,,,,1,,1,1,,,,,,1,,,21936
,1,,1,,,1,1,,,,1,,,1,,,21937
,,,,,,,1,,,,1,,,1,,,21938
,1,1,,,,,,,,,1,,,1,,,21939
,,,,,1,,,,,1,,,,1,,,21940
,,,,,,1,1,,,,1,,,1,,,21941
,,1,,,,,,,,,1,,,,,,21942
,,,,,,,1,1,,,1,1,,1,,,21943
,,,,,1,,1,,,1,1,,,1,,,21944
,1,,,,,,,,,1,,,,1,,,21945
,,,,,,,,,,,1,1,,1,,,21946
,1,,,,1,,,,,,1,,,,,,21947
,,1,,,,1,1,1,,,1,,,1,,,21948
,,1,,,,,,,,,1,,,1,,,21949
,,,,,1,,,,,,1,,,,,,21950
,,,,,,,,,,,1,1,,1,,,21951
,,,,,,,,1,,,1,1,,1,,,21952
,,,,,,,1,,,,1,,,1,,,21953
,,,,,1,,1,,,,1,1,,1,,,21954
,,,,,,,,,,,1,,,1,,,21955
,,,,,,,,,,,1,,,,,,21956
,,,,,,,1,1,,,,,,1,,,21957
,,,,,,,,1,,,1,,,1,,,21958
,,,,,1,,,,,,1,,,1,,,21959
,,,1,,1,,,1,,,,1,,1,,,21960
,,,,,,,,,,,1,,,1,,,21961
,,,,,,,1,,,,1,,,1,,,21962
,,,,,1,,1,1,,,1,1,,1,,,21963
,,,,,,1,,1,,,1,,,1,,,21964
,,,,,,,,1,,1,1,,,1,,,21965
,,,,,,1,,1,,,1,1,,1,,,21966
,,,,,,,1,,,,1,,,1,,,21967
,1,,,,,1,1,1,,,1,1,,1,,,21968
,,,,,,,,,,,1,,,1,,,21969
,1,1,,,1,,1,,,,1,,,1,,,21970
,,,,,,,,,,,1,1,,1,,,21971
,,,,,1,,,1,,,1,,,,,,21972
,,,,,1,1,,1,,1,1,1,,1,,,21973
,,,,,,1,,,,,1,,,1,,,21974
,,,,,,1,,1,,1,1,,,1,,,21975
,,,,,1,1,,,,,1,1,,,,,21976
,,,,,1,,,,,,1,,,1,,,21977
,,,,,1,,1,,,1,1,,1,1,,,21978
,,,,,1,1,1,1,,1,,,,1,,,21979
,,,,,1,,1,1,,,,,,1,,,21980
,,,,,1,,1,1,,,1,,,1,,,21981
,1,,,,1,,,,,,,,,,,,21982
,,,,,1,,1,,,,1,,,1,,,21983
,,,,,,,1,1,,,1,1,,1,,,21984
,,,,,,,,1,,,1,,,,,,21985
,,,,,,,,,,,1,,,1,,,21986
,,,,,1,,,,,,1,,,1,,,21987
,,,,,,,,1,,1,1,1,,,,,21988
,1,,,,1,,1,1,,,1,,,1,,,21989
,1,,,,1,,,,,,1,,,1,,,21990
,1,,,,1,,,,,,1,,,1,,,21991
,,,,,,,,,,,,,,,,,21992
,,,,,,,,1,,,1,,,1,,,21993
,,,,,1,,1,1,,,1,,,1,,,21994
,1,,,,,,,,,,1,,1,,,,21995
,,,,,,,,,,,1,1,,1,,,21996
,,,,,,,1,,,,1,,,,,,21997
,,,,,,,,,,,1,,,,,,21998
,,,,,,,,,,,1,,,1,,,21999
,1,,,,,,,,,,,,,,,,22000
,,,,,1,1,1,1,,1,1,,,1,,,22001
,,,,,,1,,,,,1,1,,1,,,22002
,,,,,1,,1,,,,1,,,,,,22003
,,,,,1,,,,,,1,,,1,,,22004
,,,,,1,,,1,,,1,,,1,,,22005
,,,,,,1,,,,,1,1,,1,,,22006
,,,,,,1,,,,1,1,,,1,,,22007
,,,,,1,,,,,,1,,,1,,,22008
,,,,,,1,1,,,,1,1,,1,,,22009
,,,,,,,,,,,1,,,,,,22010
,,,,,,1,1,,,,1,,,1,,,22011
,,,,,,1,1,,,,1,,,,,,22012
,,,,,,,1,,,,1,,,1,,,22013
,,,,,1,1,,1,,,1,,,,,,22014
,,,,,1,,1,1,,,1,,,1,,,22015
,,,,,,,,,,,1,,,1,,,22016
,,,1,,,1,,1,,,1,,,1,,,22017
,,,,,1,,,1,,,1,1,,,,,22018
,,,,,,,,1,,,1,,,,,,22019
,,,,,,,1,1,,,1,1,,1,,,22020
,,,,,1,1,,,,,1,,,,,,22021
,1,,,,1,,,,,,1,,,1,,,22022
,1,,,,1,,1,1,,,1,,,1,,,22023
,,,,,,1,,,,,1,,,1,,,22024
,,,,,1,1,,1,,,1,,,,,,22025
,,,,,1,1,1,1,,,1,1,,1,,,22026
,,,,,,,1,,,1,1,1,,1,,,22027
,1,,,,1,,,,,,,,,1,,,22028
,1,,,,1,,,,,,1,1,,1,,,22029
,,1,,,,,,,,1,1,,,1,,,22030
,1,,,,,,1,,,,1,,,1,,,22031
,1,,,,1,1,1,,,,1,1,,1,,,22032
,,,,,1,,,,,,,,,,,,22033
,,,,,,,1,,,,1,1,,1,,,22034
,,,,,1,1,,1,,,1,,,1,,,22035
,,,,,,,,1,,,,,,1,,,22036
,,,,,,1,,,,,1,1,,1,,,22037
,,,,,,,,,,,1,,,1,,,22038
,,,,,1,,1,1,,,1,,,1,,,22039
,,,,,,,,,,1,1,,,1,,,22040
,,,,,,,,,,1,1,,,,,,22041
,,,,,1,,1,,,,1,,,1,,,22042
,,,,,,,1,1,,,1,,,1,,,22043
,,1,,,,,1,1,,,1,,,1,,,22044
,,,,,,,,,,,,,,,,,22045
,,,,,,,,1,,1,1,,,1,,,22046
,,,,,,,,,,,1,,,1,,,22047
,,,,,,1,,,,,1,1,,1,,,22048
,,1,,,,,,,,,1,1,,1,,,22049
,,,,,1,1,,,,,1,,,1,,,22050
,,,,,,1,1,1,,,1,,,,,,22051
,,,,,1,,,1,,,1,,,1,,,22052
,,,,,,,,,,,1,,,,,,22053
,,,,,,,1,,,,1,,,1,,,22054
,,,,,1,,1,,,,1,,,,,,22055
,1,,,,1,1,,1,,,1,,,1,,,22056
,,,,,1,,,1,,,1,,,1,,,22057
,,,,,1,,,,,,1,,,1,,,22058
,,,,,1,,,,,,1,,,1,,,22059
,1,,,,1,,,,,,1,,,1,,,22060
,,1,1,,,1,,1,,,1,,,1,,,22061
,,,,,,,,,,,1,,,1,,,22062
,,,,,1,1,,,,,1,,,1,,,22063
,,,,,,,,1,,,1,,,1,,,22064
,,,,,1,,,,,,1,,,,,,22065
,,,,,,,,,,,,,,1,,,22066
,,,,,,1,1,,,,1,,,1,,,22067
,,,,,1,1,,1,,,1,1,,1,,,22068
,,,,,,,,,,,1,1,,1,,,22069
,1,,,,,1,,1,,,1,,,1,,,22070
,,,,,,,,,,,1,,,1,,,22071
,,,,,,1,1,1,,1,1,1,,1,,,22072
,,,,,,,,,,,1,,,1,,,22073
,,,,,,,1,,,,1,,,1,,,22074
,,,,,1,,,,,,1,,,1,,,22075
,,,,,1,,1,,,1,1,,,1,,,22076
,,,,,,,1,,,1,,,,1,,,22077
,,,,,1,,,,,,1,,,1,,,22078
,,,,,1,,,,,,1,,,1,,,22079
,,,,,,,1,,,,1,1,,1,,,22080
,,,,,,1,,,,,1,1,,1,,,22081
,,,,,,,,,,,1,,,1,,,22082
,,,,,,1,,,,,1,,,1,,,22083
,,,,,,,1,,,,1,,,1,,,22084
,,,,,1,1,1,1,,,1,,,1,,,22085
,,,,,1,,,1,,,1,1,,1,,,22086
,,,,,,,,1,,,1,,,1,,,22087
,,,,,1,,,1,,,1,1,,1,,,22088
,,,,,,,,1,,,1,,,1,,,22089
,,,,,,1,1,1,,,1,,,1,,,22090
,,,,,1,1,1,1,,1,1,1,,1,,,22091
,,,,,1,,,,,,1,,,1,,,22092
,,,,,1,,1,1,,,1,,,1,,,22093
,,,,,,,,,,,1,,,1,,,22094
,,,,,1,,1,,,1,1,,,1,,,22095
,,,,,1,,,,,,1,1,,1,,,22096
,1,1,,,,1,,,,,1,,,1,,,22097
,,,,,,,,1,,,1,,,1,,,22098
,,,,,1,,1,,,,1,,,1,,,22099
,,,1,,,,1,,,,1,,,1,,,22100
,1,,,,1,1,,,,,1,,,1,,,22101
,,,,,,,1,,,,1,1,,1,,,22102
,,,,,,,1,1,,,1,1,,1,,,22103
,,,,,,,,,,,1,,,1,,,22104
,,1,,,1,,1,1,,,1,,,1,,,22105
,,,,,,,,1,,1,1,1,,1,,,22106
,,,1,,1,1,1,1,,,1,,,1,,,22107
,,,,,1,,1,,,,1,1,,1,,,22108
,,,,,,,1,,,1,,1,,1,,,22109
,1,,,,1,1,,1,,,1,1,,1,,,22110
,,,,,,,,,,,1,,,1,,,22111
,,,,,,,,,,,1,,,1,,,22112
,1,,,,1,1,,,,,1,,,1,,,22113
,1,,,,,,,,,,1,,,1,,,22114
,,,,,,,,,,,1,,,1,,,22115
,,,,,,,,,,,1,,,1,,,22116
,,,,,1,,1,1,,,1,,,1,,,22117
,,,,,,1,1,1,,,1,1,,1,,,22118
,,,,,,,,1,,1,1,,,1,,,22119
,1,,,,1,1,,,,,1,1,,1,,,22120
,,,,,,1,1,1,,,1,1,,1,,,22121
,,,,,,1,1,,,,1,,,1,,,22122
,,1,1,,,,,1,,,,,,1,,,22123
,,,,,1,,1,1,,,1,1,,1,,,22124
,,1,,,,,,,,,1,1,,1,,,22125
,1,,,,1,,,1,,,1,,,1,,,22126
,,,,,1,,,1,,,1,,,1,,,22127
,,,,,1,1,,,,,1,,1,1,,,22128
,,,,,1,,,,,,1,,,1,,,22129
,,,,,1,,1,1,,,1,,,1,,,22130
,,1,1,,1,,1,,,,1,,,1,,,22131
,1,,,,1,1,,,,,1,,,1,,,22132
,,,,,1,1,,,,,1,,,1,,,22133
,,1,,,1,1,,,,1,1,1,,1,,,22134
,,,,,,,,1,,,1,,,1,,,22135
,,,,,1,,,,,1,,,,1,,,22136
,,,,,,,,1,,1,,,,1,,,22137
,,,,,,,1,1,,,1,1,,1,,,22138
,,,,,,,,,,,1,,,1,,,22139
,,,1,,,1,1,,,,1,,,1,,,22140
,,,,,,,,,,,1,,,1,,,22141
,1,1,,,,,,,,,1,,,1,,,22142
,,,,,,,1,,,,1,,,1,,,22143
,,,,,,1,1,,,,1,,,1,,,22144
,,,,,,,,,,,1,,,1,,,22145
,,,,,,,1,,,,,,,1,,,22146
,,,,,,,1,,,,1,,,1,,,22147
,,,,,,,,1,,,1,,,1,,,22148
,,,,,,,,,,,1,,,1,,,22149
,,,,,,,,1,,,1,,,1,,,22150
,,,,,,,,1,,1,1,,,1,,,22151
,,1,,,,,,1,,,1,,,1,,,22152
,,,,,1,,1,,,,1,1,,1,,,22153
,,,,,,,1,,,,1,,,1,,,22154
,,,,,1,,,,,,1,,,1,,,22155
,,,,,,,,,,,1,,,1,,,22156
,,,,,,,,,,,1,,,1,,,22157
,,,,,1,,1,,,,1,1,1,1,,,22158
,1,,,,1,1,1,1,,1,1,,,1,,,22159
,,,,,1,1,,,,,1,,,1,,,22160
,,,,,,,,,,,1,,,1,,,22161
,,,,,,1,,1,,,1,,,1,,,22162
,,,,,1,1,,1,,,1,,,1,,,22163
,,,,,,,1,1,,,1,,,1,,,22164
,,,,,,,1,1,,,,,,1,,,22165
,,,,,,,,1,,,1,,,1,,,22166
,,,,,,1,1,1,,,1,,,1,,,22167
,,,,,,,,1,,1,1,,,1,,,22168
,1,,,,1,1,,1,,,1,,,1,,,22169
,,,,,,1,,,,,1,1,,1,,,22170
,,,,,1,1,1,,,,1,,,1,,,22171
,,,,,,,,,,,,,,1,,,22172
,,,,,1,1,,1,,,1,1,,1,,,22173
,,,,,,1,,1,,,1,,,1,,,22174
,,,,,,1,,,,,,,,1,,,22175
,,,,,,,1,,,,,,,1,,,22176
,,,,,,,1,1,,,1,,,1,,,22177
,,,,,,,,,,,1,,,1,,,22178
,,,,,1,,,1,,,1,,,1,,,22179
,,1,,,,1,1,,,,1,1,,1,,,22180
,1,,,,1,1,1,,,,1,,,1,,,22181
,,1,,,1,,1,,,1,,1,,1,,,22182
,,,,,,1,,1,,,1,,,1,,,22183
,,1,,,1,,,,,,1,,,1,,,22184
,,,,,1,1,,,,,1,1,,1,,,22185
,,,,,,,,,,,,,,1,,,22186
,,,,,,1,1,1,,,1,1,,1,,,22187
,,,,,1,1,,,,,1,,,1,,,22188
,,,1,1,,,,,,,1,,,1,,,22189
,,,,,,,,,,,1,,,1,,,22190
,,,1,,1,,1,,,,1,,,1,,,22191
,,,1,,1,,1,,,,1,,,1,,,22192
,,,,,,,,,,,1,,,1,,,22193
,,,,,1,1,1,1,,,1,,,1,,,22194
,,,,,,,1,,,,1,,,1,,,22195
,,,,,,,1,,,,1,,,1,,,22196
,,1,,,,,,,,,1,,,1,,,22197
,1,,,,1,,1,1,,,1,,,1,,,22198
,,,,,,,1,,,,1,1,,1,,,22199
,,,,,1,,,,,,1,1,,1,,,22200
,,,,,,,,1,,1,1,,,1,,,22201
,1,1,,,1,,,1,,,1,,,1,,,22202
,,,,,,,,,,,1,,,1,,,22203
,,,,,,1,,,,,1,1,,1,,,22204
,,,,,,,1,,,,1,1,,1,,,22205
,,,,,1,,,1,,,1,,,1,,,22206
,,,,,,,1,1,,,1,,,1,,,22207
,,,,,,,,,,,1,,,1,,,22208
,1,,,,,1,,1,,,1,,,1,,,22209
,,,,,1,1,,,,,1,1,,1,,,22210
,,,,,,1,1,,,,,,,1,,,22211
,,,,,,,,,,,1,,,1,,,22212
,,,,,,,,,,,1,1,,1,,,22213
,1,,,,1,,,,,,,,,1,,,22214
,,,,,,1,1,1,,,1,,,1,,,22215
,,,,,1,,1,,,,1,,,1,,,22216
,,,,,1,1,,,,,1,,,1,,,22217
,1,,,,,1,,,,,1,1,,1,,,22218
,,,,,,,,1,,,1,,,1,,,22219
,,,,,1,1,,1,,,1,1,,1,,,22220
,,,,,,1,,,,,1,,,1,,,22221
,,,,,1,,1,,,,1,,,1,,,22222
,,,,,,,1,1,,,1,,,1,,,22223
,,,,,,,,,,,,,,1,,,22224
,,,,,,,,,,,1,,,1,,,22225
,,,,,,,,1,,,1,,,1,,,22226
,,,,,1,,,,,,1,,,1,,,22227
,,,,,,1,1,1,,1,1,,,1,,,22228
,,,,,,,1,,,,1,,,,,,22229
,,,,,,,,1,,,1,,,1,,,22230
,,,,,,,,1,,,1,,,1,,,22231
,,,1,,,,,1,,,1,,,1,,,22232
,,,,,,,,1,,,1,1,,1,,,22233
,,,,,1,1,1,1,,1,1,,,1,1,,22234
,,,,,,1,1,,,,1,,,1,,,22235
,,,,,,,,,,,,1,,1,,,22236
,,,,,,,1,,,1,1,,,1,,,22237
,,,,,,,,,,,1,1,,1,,,22238
,,,,,1,,1,1,,,1,1,,1,,,22239
,,,,,,,,,,,1,,,1,,,22240
,,,,,1,,1,1,,,1,,,1,,,22241
,1,,,,,,,,,,1,,1,,,,22242
,,,,,,,1,,,,,,1,1,,,22243
,,,,,,,,,,,1,1,,1,,,22244
,1,,,,1,,,1,,,1,,,1,,,22245
,,,,,,,1,,,,1,,,,,,22246
,1,,,,1,1,1,,,1,1,1,,1,,,22247
,1,,,,1,1,1,,,,1,1,,1,,,22248
,,,,,,,1,,,,1,,,1,,,22249
,,,,,,,1,,,,1,1,,1,,,22250
,,,1,,,1,1,,,,1,,,,,,22251
,1,,,,1,,,1,,,1,,,,,,22252
,1,,,,,,1,,,,1,1,,1,,,22253
,1,,,,1,,1,,,,1,,,1,,,22254
,,,,,1,,,,,,1,,,,,,22255
,,,,,1,,,,,,1,,,1,,,22256
,,,,,,,1,,,,1,,,1,,,22257
,,,,,,,1,,,,1,1,,1,,,22258
,,,,,1,,1,,,,,,,1,,,22259
,,1,,,1,,,,,,1,1,,,,,22260
,,,,,1,,,,,,1,,,,,,22261
,,,,,1,1,,1,,,1,,,1,,,22262
,,,,,,1,1,1,,,1,1,,1,,,22263
,,,,,,,,,,,1,,,,,,22264
,,,,,,,,1,,,1,,,,,,22265
,,,,,1,,,1,,,,,,,,,22266
,,,,,,,,1,,,1,1,,1,,,22267
,,,,,1,,,,,,1,,,,,,22268
,1,,,,,,,1,,,1,1,,1,,,22269
,,,,,1,,,,,,1,,,,,,22270
,,,,,1,,,,,,1,,,,,,22271
,,,1,,,,,,,,1,1,,,,,22272
,,,,,1,1,1,,,,1,,,1,,,22273
,,,,,1,,1,1,,,1,,,1,,,22274
,,,,,,,,,,,1,,,,,,22275
,,,,,1,,,,,,1,,,1,,,22276
,,,,,,,,1,,,1,,,,,,22277
,,,,,1,,,,,,1,,,1,,,22278
,,1,,,1,1,,,,,1,,,1,,,22279
,1,,,,1,1,,1,,,1,,,1,,,22280
,,,,,1,,,1,,,1,,,1,,,22281
,,,,,1,1,,,,,1,,,1,,,22282
,,,,,1,,,,,,1,,,,,,22283
,1,,,,1,,,,,,1,,,,,,22284
,,,,,,1,,1,,,1,,,,,,22285
,,,,,1,1,,1,,,1,,,,,,22286
,,,1,,,1,,,,,,,,,,,22287
,,,,,,1,,,,,1,1,,,,,22288
,,,,,,1,1,1,,,1,1,,1,,,22289
,,,,,,1,1,1,,,1,,,1,,,22290
,,,,,1,1,1,1,,,1,1,,1,,,22291
,,,,,,1,1,1,,,1,,,,,,22292
,,,,,,1,,1,,,1,,,1,,,22293
,,,,,,1,,,,,1,1,,,,,22294
,,,,,,1,1,,,,1,,,1,,,22295
,,,,,,1,1,1,,,1,,,,,,22296
,,,,,,1,,,,,1,,,,,,22297
,,,,,,1,1,,,,1,,,,,,22298
,,,,,,1,1,,,,1,1,,1,,,22299
,,,,,1,1,,,,,1,,,1,,,22300
,1,,,,1,1,1,,,1,1,,,1,,,22301
,1,,,,1,1,1,,,,1,1,,1,,,22302
,1,,,,1,1,1,,,,1,,,1,,,22303
,1,,,,1,1,1,1,,,1,1,,1,,,22304
,1,,,,1,1,,1,,,1,1,,1,,,22305
,1,,,,,1,,,,,1,1,,1,,,22306
,,,,,1,1,,,,,1,1,,1,,,22307
,,1,,,,1,,1,,,1,1,,1,,,22308
,,,,,,1,,1,,1,1,1,,1,,,22309
,,,,,,1,1,,,,1,1,,1,,,22310
,,,,,,1,,,,,1,1,,1,,,22311
,,,,,,1,,1,,,,,,1,,,22312
,,,1,,,1,1,1,,,1,,,1,,,22313
,,,,,,1,1,1,,1,1,,,1,,,22314
,,,,,1,1,,1,,,1,1,1,1,,,22315
,,,,,,1,,1,,,1,1,,1,,,22316
,,,,,,1,,1,,,1,1,,1,,,22317
,,,,,,1,1,,1,,1,,,,,,22318
,,,,,1,1,1,1,,,1,1,,1,,,22319
,,1,,,1,1,1,1,,,1,1,,1,,,22320
,,,,,,1,,,,,1,1,,1,,,22321
,1,,,,1,1,,1,,,1,,,1,,,22322
,,,,,,,,,,,,,,,,,22323
,,,,,,1,,1,,,1,,,1,,,22324
,,,,,1,1,,1,,,1,1,,1,,,22325
,,,,,,1,,,,,,,,,,,22326
,,,,,1,1,,,,,1,1,,1,,,22327
,,,,,1,1,1,,,,1,,,1,,,22328
,,,,,,1,,1,,,1,1,,1,,,22329
,,,,,,1,,,,,,1,,1,,,22330
,,,,,,,,,,,1,,,,,,22331
,,,,,,1,1,,,,1,1,,,,,22332
,,,,,,,,1,,,1,1,,1,,,22333
,,,,,,1,,,,,1,,,1,,,22334
,,,,,1,1,,,,1,1,,,1,,,22335
,,,,,,1,,,,,,,,,,,22336
,,,,,,1,,1,,,,,,,,,22337
,,,,,,1,,1,,,1,1,,1,,,22338
,,,,,,1,1,1,,,1,1,,1,,,22339
,,,,,,1,1,1,,,1,1,,1,,,22340
,,,,,,1,1,1,,,1,1,,1,,,22341
,,1,,,1,1,,1,,,1,1,,1,,,22342
,,,,,,1,,,,,1,,,,,,22343
,,,,,,1,,1,,1,1,1,,1,,,22344
,,1,,,,1,,1,,,1,,,1,,,22345
,,,,,,1,,1,,,1,,,,,,22346
,,,,,,1,,,,,,,,,,,22347
,,,,,,1,,,,,1,,,1,,,22348
,,,,,,1,,,,,,,,,,,22349
,,,,,,1,,,,,,,,,,,22350
,,,,,,1,,,,,,,,,,,22351
,,,,,,1,,,,,,1,,,,,22352
,,,,,1,1,,1,,,1,,,,,,22353
,1,,,,,1,1,1,,,1,1,,1,,,22354
,,,,,,1,1,1,,,1,,,,,,22355
,,,,,,1,,,,,,,,,,,22356
,,,,,,1,1,1,,,1,,,1,,,22357
,,,,,,1,,,,,,,,1,,,22358
,,,,,,1,1,1,,,1,1,,1,,,22359
,,,,,1,1,1,1,,,1,1,,1,,,22360
,,,,,,1,1,1,,,,,,,,,22361
,,,,,1,1,,1,,,1,,,1,,,22362
,,,,,,1,,,,,,,,1,,,22363
,,,,,,1,1,,,,1,,,,,,22364
,,,,,1,1,1,,1,1,1,,,,,,22365
,,,1,,,1,1,1,,,1,1,,1,,,22366
,,,1,,,1,1,1,,,1,1,,1,,,22367
,,,,,,1,1,,,1,1,,,,,,22368
,,,,,,1,,,,,1,,,1,,,22369
,,,,,,1,1,1,,,1,,,1,,,22370
,,,,,,1,,1,,,1,,,1,,,22371
,,,1,,1,1,1,,,,1,1,,,,,22372
,,,,,,1,,,,,1,,,1,,,22373
,,,,,,1,,1,,,1,,,,,,22374
,,,,,,1,1,1,,,1,,,,,,22375
,,,,,,1,,,,,1,1,,1,,,22376
,,,,,,1,1,,,,1,1,,1,,,22377
,,,,,,1,,,,,1,,,1,,,22378
,,,,,1,1,,1,,,1,1,,1,,,22379
,1,,,,,1,1,1,,,1,,,1,,,22380
,,,,,,1,1,,,,1,,,1,,,22381
,,,,,1,1,,,,,,,,1,,,22382
,,,,,,1,1,,,,,,,1,,,22383
,,,,,,1,,,,,1,,,1,,,22384
,1,,,,,1,1,1,,,1,,,1,,,22385
,,,,,,1,,1,,,1,1,,1,,,22386
,1,1,,,1,1,1,1,,,1,1,,1,,,22387
,,,,,,1,,,,,1,,,1,,,22388
,,,,,,1,,,,,,,,,,,22389
,,,,,,1,,,,,,,,,,,22390
,,,,,,1,1,1,,1,,,,,,,22391
,,,,,,1,1,,,,1,,,,,,22392
,,,,,,1,1,1,,,1,1,,,,,22393
,,,,,,1,1,,,,,,,1,,,22394
,,,,,,1,,,,,,,,,,,22395
,,,,,,1,1,1,,,,,,,,,22396
,,,,,1,1,,,,,,,,,,,22397
,,,,,,1,1,1,,1,1,,,1,,,22398
,,,,,,1,,,,,,,,,,,22399
,,,,,1,1,1,,,,1,,,,,,22400
,,,,,,1,,,,,1,,,,,,22401
,,,,,,1,,,,,1,1,,1,,,22402
,,,,,,1,,,,,1,,,,,,22403
,,,,,,1,1,,,,1,,,1,,,22404
,,,,,,1,1,,,,1,,,,,,22405
,,,,,,1,1,1,,,1,,,,,,22406
,,,,,,1,1,1,,,1,,,1,,,22407
,,,,,,1,,1,,,1,,,,,,22408
,,,,,,1,1,,,,1,1,,1,,,22409
,,,,,1,1,,,,,1,,,,,,22410
,,,,,,1,1,,,,1,1,,1,,,22411
,,,,,1,1,,,,1,,1,,,,,22412
,,,,,,1,,,,,,1,,,,,22413
,,,,,1,1,1,,,,1,1,,1,,,22414
,,,,,,1,,1,,1,1,1,,1,,,22415
,,,,,,1,1,,,,1,,,1,,,22416
,,,,,,1,1,,,,1,1,,1,,,22417
,,,1,,,1,1,1,,,,,,,,,22418
,1,1,,,1,1,,1,,,1,,,1,,,22419
,,,,,,1,,,,,1,,,1,,,22420
,,,,,1,1,1,,,,1,,,1,,,22421
,,,,,,1,,1,,,1,,,,,,22422
,,,,,1,1,,,,,1,,,1,,,22423
,1,,,,,1,,,,,1,1,,1,,,22424
,,,,,,1,,,,,1,1,,,,,22425
,,,,,1,1,,,,,1,,,1,,,22426
,,,,,1,1,1,1,,,1,1,,1,,,22427
,,,,,,1,,,,,1,,,1,,,22428
,,1,,,1,1,1,,,,1,1,,1,,,22429
,,,,,,1,1,,,,1,1,,1,,,22430
,,,,,,1,,1,,,1,,,1,,,22431
,,,,,,1,1,1,,,1,,,1,,,22432
,,,,,1,1,,,,1,1,,,1,,,22433
,,,,,1,1,,,,,,,,,,,22434
,,,,,,1,,1,,,,,,,,,22435
,,,1,1,,1,,1,,,1,,,,,,22436
,,,,,,1,,,,,1,1,,1,,,22437
,,,,,,1,1,,,1,1,1,,1,,,22438
,,,,,,1,1,,,,1,1,,1,,,22439
,,,,,,1,1,,,1,1,,,,,,22440
,,,,,,1,,1,,,1,,,,,,22441
,,,,,,1,,,,,1,,,,,,22442
,,,,,,,,,,,,,,,,,22443
,,,,,,1,,1,,,1,1,,,,,22444
,,,,,,1,,1,,1,1,1,,1,,,22445
,,,,,,1,,1,,1,,1,,1,,,22446
,,,,,,1,,,,,1,,,1,,,22447
,1,,,,1,1,1,,,,1,,,1,,,22448
,,,,,1,1,1,,,,1,,,,,,22449
,,,,,1,1,1,,,,1,,,,,,22450
,,,,,1,1,,1,,,1,,,1,,,22451
,,,,,1,1,,,,,1,1,,1,,,22452
,,,,,1,1,,,,,,,,1,,,22453
,,,,,,1,1,1,,,1,1,,1,,,22454
,,,,,,1,,1,,1,1,1,,1,,,22455
,,,,,1,1,,1,,,1,,,1,,,22456
,,,,,,1,1,1,,,1,1,,1,,,22457
,,,,,1,1,,1,,,1,1,,1,,,22458
,,,,,1,1,,1,,,1,1,,1,,,22459
,1,,,,1,,,,,,1,,,1,,,22460
,,,,,1,1,,1,,,1,,,1,,,22461
,,,,,1,,1,1,,,1,,,1,,,22462
,,,,,1,,1,,,,1,,,1,,,22463
,,,,,,,1,1,,,1,,,1,,,22464
,,,,,,,1,,,,1,,,1,,,22465
,,,,,,,,,,,,,,,,,22466
,,,,,1,,,1,,,1,,,,,,22467
,,,,,1,,1,1,,,1,,,1,,,22468
,,,,,1,,,1,,,1,,,1,,,22469
,,,,,,,,1,,,1,,,1,,,22470
,,,,,1,1,1,1,,,1,,,,,,22471
,1,1,,,1,,1,1,,,1,,,1,,,22472
,,1,,,1,,,1,,,1,,,1,,,22473
,,,,,1,,,,,,1,,,,,,22474
,,,,,1,,1,1,,,1,,,,,,22475
,,,,,,,1,,,1,1,,,1,,,22476
,,,1,,,,,,,1,1,1,,1,,,22477
,,,,,,,,,,,1,,,1,,,22478
,,,,,,,1,,,,1,,,,,,22479
,1,,1,,1,,1,1,,,1,,,,,,22480
,1,,,,,1,1,,,,1,,,1,,,22481
,,1,,,,,,,,,1,,,,,,22482
,,,,,1,,,,,,1,,,,,,22483
,,,,,1,,,,,,1,,,1,,,22484
,,,,,,,,1,,,,,,1,,,22485
,,1,,,1,,,,,,1,,,1,,,22486
,,,,,,,,,,,1,,,,,,22487
,,,,,,,1,,,,1,,,1,,,22488
,,,,,1,,,,,,1,1,,1,,,22489
,,,,,1,,,,,,1,,,1,,,22490
,,,,,,,,,,,1,,,1,,,22491
,,,1,,1,,,,,1,1,1,,1,,,22492
,,,,,1,1,1,1,,,1,1,,1,,,22493
,,1,,,1,1,,,,,1,,,1,,,22494
,,,,,,1,,1,,,1,1,,1,,,22495
,,,,,,,1,,,,1,1,,1,,,22496
,,1,,,,,,,,,1,1,1,1,,,22497
,,,,,,1,1,,,1,1,1,,1,,,22498
,,,,,,1,1,,,,1,1,,1,,,22499
,,1,,,1,,,1,,,1,,,1,,,22500
,,1,,,,,,1,,,1,1,,1,,,22501
,,,,,,1,1,1,,,1,1,,1,,,22502
,,1,,,,,1,1,,1,1,1,,1,,,22503
,,,,,1,,,,,1,1,1,,1,,,22504
,,1,,,,,,,,1,1,,,1,,,22505
,,,,,,,,,,1,1,1,,1,,,22506
,,,,,,,,,,1,1,1,,1,,,22507
,,,,,,,,1,,,1,1,,1,,,22508
,,,,,,,,,,,1,1,,1,,,22509
,,,,,,,,,,,1,1,,1,,,22510
,,,,,,1,,1,,,1,1,,1,,,22511
,,,,,1,,,,,,1,,,1,,,22512
,,,,,,,1,,,,1,1,,1,,,22513
,,,,,,,1,,,,1,1,,1,,,22514
,,,,,,,,,,,1,1,,1,,,22515
,,,,,,,,,,,1,,,1,,,22516
,,,,,,1,1,1,,,1,,,1,,,22517
,,,,,,,1,1,,,1,,,1,,,22518
,,,,,,,,1,,,1,,,1,,,22519
,,,,,,1,1,,,1,1,,,1,,,22520
,,,,,,,1,,,1,1,,,1,,,22521
,,,,,1,1,1,1,,,1,,,1,,,22522
,,,,,,1,1,1,,,1,,,1,,,22523
,,,,,1,,,1,,,1,,,1,,,22524
,,1,,,1,,,,,,1,,,1,,,22525
,,,,,1,1,,1,,,1,1,,1,,,22526
,,,,,,,1,1,,,1,,,1,,,22527
,,,,,,,1,,,,1,1,,1,,,22528
,1,,,,,,1,,,,1,,,,,,22529
,,,,,,1,1,,,,1,1,,1,,,22530
,,,,,1,1,1,,,,1,,,1,,,22531
,,1,,,,,,,,,1,,,1,,,22532
,,1,,,1,,,1,,,1,,,1,,,22533
,1,,,,1,,,1,,,1,1,,1,,,22534
,,,,,1,,,,,,1,,1,1,,,22535
,,,,,,1,1,,,,1,1,,1,,,22536
,,,,,,,,,,,1,1,,1,,,22537
,,,,,1,,,,,,1,1,,1,,,22538
,,,,,,1,1,,,,1,1,,1,,,22539
,,,,,1,1,,1,,,1,1,,1,,,22540
,,,,,,,,1,,,1,,,1,,,22541
,,,,,,,,,,,1,,,,,,22542
,1,,,,1,,1,,,1,,,1,1,,,22543
,,,,,1,,,,,,1,,,,,,22544
,,,,,1,,1,,,,1,,,1,,,22545
,,,,,,,,1,,,,,,1,,,22546
,,1,,,,1,,,,,,,,,,,22547
,,,,,1,1,1,1,,,1,,,1,,,22548
,,,,,1,1,,,,,1,1,,1,,,22549
,,1,,,1,,,,,,1,,,,,,22550
,,,,,,,,,,,1,,,,,,22551
,,,,,1,,1,,,,1,1,,1,,,22552
,,,,,1,,,,,,1,,,,,,22553
,,,,,,,,,,,1,,,,,,22554
,,,,,,,,,,,,,,1,,,22555
,,,,,1,,,1,,,1,,,,,,22556
,,,,,1,1,,1,,,1,,,,,,22557
,,,,,1,,,,,,1,,,,,,22558
,1,,,,1,,,,,,1,,,1,,,22559
,,,,,1,1,1,,,,1,,,1,,,22560
,,,,,1,,,,,,1,,,,,,22561
,,,,,,,1,,,1,1,,,1,,,22562
,1,,,,1,,1,,,1,1,1,,1,,,22563
,,,,,,,,,,,1,,,1,,,22564
,,1,,,,,,1,,1,1,,,1,,,22565
,,,,,1,,1,1,,,1,,,1,,,22566
,,,,,,,,,,,1,,,,,,22567
,,,,,,1,1,1,,1,1,,,1,,,22568
,,,,,1,,,1,,,1,,,,,,22569
,,,,,,,,,,,,,,1,,,22570
,,,,,,,,,,,,,,1,,,22571
,,,,,,,,,,,1,,,1,,,22572
,,,,,1,1,,1,,,1,,,1,,,22573
,,,,,1,,,,,,1,,,1,,,22574
,,1,,,,,,1,,,1,,,,,,22575
,,,,,1,,,,,,1,,,,,,22576
,,,,,1,,,,,,,,,,,,22577
,,,,,,1,,1,,,1,1,,,,,22578
,,,,,1,1,,1,,,,,,,,,22579
,,,,,1,,,1,,,1,,,,,,22580
,,,,,1,,,1,,,1,,,1,,,22581
,,,,,1,,,,,,1,,,1,,,22582
,,,,,1,,,,,,1,,,,,,22583
,,,,,1,1,,1,,,1,,,,,,22584
,,,,,1,1,1,1,,,1,,,,,,22585
,,,,,1,1,,,,,1,,,,,,22586
,,,,,1,1,,,,,1,,,,,,22587
,,,,,1,,1,1,,,1,,,1,,,22588
,,,,,1,,,1,,,,,,,,,22589
,,,,,,1,,1,,,,1,,1,,,22590
,,,,,1,,,,,1,1,,,1,,,22591
,,,,,1,,,,,,1,,,,,,22592
,,,,,1,,,1,,,,,,,,,22593
,,,,,1,,,,,,1,1,,1,,,22594
,,,,,1,,,1,,,1,,,1,,,22595
,,,,,,1,1,,,,1,,,,,,22596
,,,,,,,1,,,,1,,,,,,22597
,,1,1,,,1,,,,1,,1,,,,,22598
,,,,,,1,1,1,,,1,1,,1,,,22599
,,,,,,,,1,,,1,1,,1,,,22600
,,1,,,1,1,,1,,1,1,1,,1,,,22601
,,,,,,,,1,,,1,,,1,,,22602
,,,,,,1,1,1,,,1,1,,1,,,22603
,,,,,,1,,,,,1,1,,1,,,22604
,,,,,,1,1,,,,1,,,1,,,22605
,,,,,,1,,,,,1,,,1,,,22606
,,,,,1,1,1,1,,1,1,,,1,,,22607
,1,,,,1,1,,1,,,1,1,,1,,,22608
,,,,,,1,1,1,,,1,,,1,,,22609
,,,,,,1,,1,,,,,,1,,,22610
,,,,,,,,,,,1,,,,,,22611
,,,,,,1,1,1,,1,1,1,,,,,22612
,,,,,,1,1,1,,,,,,,,,22613
,1,,,,1,1,,1,,1,1,,1,1,,,22614
,,,,,,1,1,1,,,1,,,,,,22615
,,,,,1,1,,,,,1,1,,1,,,22616
,,,,,,1,,,,,1,,,,,,22617
,,,,,1,1,,1,,,1,,,1,,,22618
,,,,,,1,1,1,,,1,1,,1,,,22619
,,,,,1,1,,1,,,,,,1,,,22620
,,,,,,1,,,,,1,1,,1,,,22621
,,,,,,1,,,,,1,,,1,,,22622
,,,,,,1,1,1,,,1,1,,1,,,22623
,,,,,,1,,,,1,1,1,,1,,,22624
,,,,,,1,,,,,1,,,1,,,22625
,,,,,,1,1,,,,1,,,,,,22626
,,,,,1,,,1,,,,,,,,,22627
,,,,,,1,1,1,,,,1,,1,,,22628
,,,,,,1,,1,,,,,,,,,22629
,,,,,,1,,1,,,1,,,1,,,22630
,,,,,,,,1,,,1,,,,,,22631
,,,,,,1,1,1,,,1,,,1,,,22632
,,,,,,,,1,,1,,,,,,,22633
,,,,,,,,,,,1,,,,,,22634
,,,,,,,,1,,,1,,,1,,,22635
,,,,,1,,,,,,,,,,,,22636
,,1,,,,,,1,,,1,1,,1,,,22637
,,,,,1,1,,,,,1,,,1,,,22638
,1,,,,,1,,1,,,1,1,,1,,,22639
,,,,,,1,1,1,,,1,,,1,,,22640
,,,,,,,,,,,1,,,,,,22641
,,,,,,1,,1,,,1,,,1,,,22642
,,,,,,1,,1,,,1,,,1,,,22643
,,1,,,,,1,1,,,1,,,1,,,22644
,,,,,,,,1,,,,,,,,,22645
,,,,,,1,,1,,1,1,1,,,,,22646
,,,,,,,1,,,,1,,,1,,,22647
,,,,,,,1,1,,,1,,,,,,22648
,,,,,,1,,1,,,1,,,1,,,22649
,,,,,1,1,1,1,,,1,,,1,,,22650
,,,,,,,1,,,,1,,,,,,22651
,,,,,,1,1,,,,,,,,,,22652
,,,,,,1,,1,,,1,1,,1,,,22653
,,,,,,1,1,1,,,1,1,,1,,,22654
,,,,,,,,1,,,1,,,1,,,22655
,,,,,,1,1,,,,1,,,,,,22656
,,,,,,1,,,,,1,,,1,,,22657
,,,,,,1,,,,1,1,1,,1,,,22658
,,,,,,1,1,,,,1,1,,1,,,22659
,,,,,1,1,,,,,1,,,1,,,22660
,,,,,,1,,1,,,1,,,1,,,22661
,,,,,,1,1,1,,,1,,,1,,,22662
,,,,,,1,,1,,1,1,,,1,,,22663
,,,,,,,,,,,1,1,,,,,22664
,,,,,,,,1,,,,,,1,,,22665
,,,,,,,,,,,1,,,,,,22666
,,,,,,1,1,1,,,1,,,1,,,22667
,,,,,,,1,,,,1,,,,,,22668
,,,,,1,1,,,,,1,1,,1,,,22669
,,,,,1,,1,,,,1,1,,1,,,22670
,1,,,,1,,,,,,1,,,1,,,22671
,,,,,,1,,,,,1,1,,1,,,22672
,,,,,,,1,,,,1,1,,1,,,22673
,,,,,,,,1,,1,1,,,1,,,22674
,,,,,,1,1,1,,1,1,,,1,,,22675
,,,,,,1,,1,,,1,,,1,,,22676
,,,,,1,,,,,,1,,,1,,,22677
,,,,,,,1,1,,,1,,,1,,,22678
,,,,,1,,,1,,,1,,,1,,,22679
,,,,,1,1,1,,,,1,,,1,,,22680
,,,,,,,,,,,1,,,1,,,22681
,,,,,1,,,,,,1,,,1,,,22682
,,,,,1,1,,1,,1,1,1,1,1,,,22683
,,,,,,,,,,,,,,,,,22684
,,,,,1,,,,,,1,,,,,,22685
,,,,,1,,1,,,1,1,,,,,,22686
,1,,,,1,1,1,1,,,1,,,1,,,22687
,1,1,,,,,,1,,,1,,,1,,,22688
,,,,,,,1,,,,1,,,1,,,22689
,,,,,,,1,1,,,1,1,,,,,22690
,,,,,1,,,1,,,1,,,,,,22691
,1,,,,1,,1,1,,,1,,,1,,,22692
,1,,,,1,,,,,1,1,,,,,,22693
,,,,,1,,1,1,,,1,,,,,,22694
,,,,,1,,,1,,,1,,,,,,22695
,,,,,1,,1,,,,,,,1,,,22696
,,,,,1,1,,,,,1,,,,,,22697
,,,,,1,1,,1,,,,,,,,,22698
,,,,,,,,,,,1,,,,,,22699
,,,,,1,,,,,1,1,,,1,,,22700
,,,,,1,,,1,,,1,,,,,,22701
,,,,,1,,1,,,,1,,,1,,,22702
,,,,,,,1,1,,,1,1,,,,,22703
,,,,,,1,,,,,1,,,,,,22704
,1,,,,1,1,,1,,,1,1,,1,,,22705
,1,,,,1,,,1,,,1,,,,,,22706
,1,,,,1,,,,,,1,,,1,,,22707
,,,,,1,,1,,,,1,,,,,,22708
,,,,,,1,1,1,,,1,1,,1,,,22709
,,,,,1,1,,,,,1,1,,1,,,22710
,,,,,1,,1,1,,,1,,,,,,22711
,,1,,,1,,,1,,,1,,,1,,,22712
,,,,,1,,,1,,,,,,,,,22713
,,,,,1,,,,,,1,,,1,,,22714
,1,,,,1,,,,,,1,,,1,,,22715
,1,,,,1,,1,,,,1,,,,,,22716
,1,,,,,1,1,,,,1,1,,1,,,22717
,,,,,,,,,,,1,,,,,,22718
,,,,,1,1,,,,,1,,,1,,,22719
,,,,,,,,1,,,1,,,,,,22720
,,,,,1,,,1,,,1,,,1,,,22721
,,,,,1,,,,,,1,,,,,,22722
,,,,,1,,,,,,1,,,1,,,22723
,,,,,,,,1,,,,,,,,,22724
,,,,,,,1,,,,1,1,,1,,,22725
,,,,,,,,1,,,1,,,1,,,22726
,,,,,1,1,,1,,,1,1,,1,,,22727
,,,,,1,,1,,,,1,,,1,,,22728
,,,,,1,1,,,,,1,,,,,,22729
,,,,,,,,,,,1,,,,,,22730
,,,,,1,,1,,,,1,,,,,,22731
,,,,,1,,,,,,1,,,,,,22732
,,,,,1,,,,,,1,,,,,,22733
,,,,,1,,,,,,1,,,1,,,22734
,,,,,1,,,1,,,,,,,,,22735
,,,,,,,,1,,,1,,,,,,22736
,,,,,,,1,,,,1,,,1,,,22737
,,,,,1,,1,1,,,1,,,,,,22738
,,,,,,,,,,,1,1,,1,,,22739
,,,,,1,1,,,,,1,,,,,,22740
,,,,,,1,1,,,,1,1,,1,,,22741
,,,,,,,,,,,1,1,,,,,22742
,,,,,1,,,,,,1,1,,1,,,22743
,,1,1,,,1,,,,,1,1,,1,,,22744
,,,,,,,,,,,1,1,,,,,22745
,,,,,1,,,,,,1,,,,,,22746
,,1,,,,,1,,,1,1,,,1,,,22747
,,,,,,,1,1,,,1,,,,,,22748
,,,,,,,,,,,1,1,,1,,,22749
,,,,,,1,,1,,1,1,,,1,,,22750
,1,,,,1,,,,,,1,,,1,,,22751
,,,,,1,1,,,,,1,,,,,,22752
,,,,,1,,,1,,,1,,,,,,22753
,,,,,1,,,1,,,,,,,,,22754
,,1,,,1,,,,,,1,,,1,,,22755
,1,,,,1,,,,,,1,,,1,,,22756
,,,,,1,,,,,,1,,,1,,,22757
,,,,,1,1,,1,,,1,1,,1,,,22758
,,,,,,,1,,,,1,,,1,,,22759
,,,,,1,1,1,,,,1,,,1,,,22760
,,,,,1,,,1,,,1,,,1,,,22761
,,,,,,1,1,1,,,1,1,,1,,,22762
,1,,,,1,1,,,,,1,,,1,,,22763
,,,,,,,,1,,,1,1,,1,,,22764
,,1,,,1,1,,1,,,1,,,1,,,22765
,1,,,,1,,,,1,,1,,,1,,,22766
,1,,,,,,1,,,,1,,,1,,,22767
,,1,,,,,1,,,,1,,,1,,,22768
,,,,,,1,1,,,,1,,,1,,,22769
,,,1,,,,,1,,,1,,,,,,22770
,,1,,,1,,,,,,1,,,1,,,22771
,,,,,,1,1,,,,1,,,,,,22772
,,,,,,1,,1,,1,1,,,1,,,22773
,,,,,,,,1,,,,,,1,,,22774
,,,,,,1,,1,,1,1,1,,1,,,22775
,,,,,1,1,,,,,1,,,,,,22776
,,,1,,,1,1,1,,,1,1,,1,,,22777
,,,1,,,1,,,,,1,,,1,,,22778
,,,1,,,,,,,,1,1,,1,,,22779
,,,1,,,,,,,,1,,,1,,,22780
,,,1,1,1,,1,1,,,1,,,1,,,22781
,1,,1,,,,,,,,1,,,,,,22782
,,,1,,,,1,,,,1,1,,1,,,22783
,,,1,,,,,,,,1,,,1,,,22784
,,,1,,,1,,,,,1,,,1,,,22785
,,,1,,,,,,,,1,,,,,,22786
,,1,1,,,,1,1,,,1,,,1,,,22787
,,,1,,,,1,,,,1,,,1,,,22788
,,,1,,,,1,,,,1,,,1,,,22789
,,,1,,,,,1,,,1,,,,,,22790
,,,1,,,,,,,,1,,,1,,,22791
,1,,,,,,1,1,,,1,,,,,,22792
,1,,,,1,,,,,,1,,,1,,,22793
,,,,,,1,,1,,,1,,,,,,22794
,,,,,,,,1,,,,,,,,,22795
,1,,,,1,,,,,,1,,,1,,,22796
,,,,,,,1,,,,1,,,1,,,22797
,,,,,,,,,,,1,,,1,,,22798
,,,,,1,,,,,1,1,1,,1,,,22799
,,,,,1,1,,1,,,1,1,,1,,,22800
,1,,,,1,,1,,,,1,1,,1,,,22801
,1,,,,,1,1,1,,,1,,,1,,,22802
,1,,,,1,,1,,,,1,,,1,,,22803
,1,,,,1,,,,,1,1,,,1,,,22804
,,,,,,,1,,,1,,,,1,,,22805
,,,,,1,,,1,,,1,,,1,,,22806
,,,,,,,,,,1,1,,,1,,,22807
,,,,,1,,1,,,,1,1,,1,,,22808
,1,,,,1,,,,,,1,1,,1,,,22809
,,1,,,1,,1,1,,,1,,,1,,,22810
,1,,,,1,,,,,,1,1,,1,,,22811
,,1,,,1,,,,,,1,,,1,,,22812
,,1,,,,1,1,1,,,1,1,,1,,,22813
,,,,,,,1,,,,1,,,1,,,22814
,1,,,,1,,1,,,,1,,,,,,22815
,,,,,,1,1,1,,,1,,,1,,,22816
,,,,,,1,1,,,,1,,,1,,,22817
,1,,,,,1,1,,,1,1,1,,1,,,22818
,,,,,,1,1,,,,1,,,,,,22819
,,,,,,1,1,1,,1,1,,,1,,,22820
,,,,,,1,1,1,,1,1,,,,,,22821
,,,,,,,1,,,,1,,,,,,22822
,,,,,1,1,1,1,,,1,,,1,,,22823
,1,,,,,,1,,,1,1,1,,1,,,22824
,,,,,1,,1,1,,1,1,,,,,,22825
,,,,,,1,1,1,,,1,,,1,,,22826
,,,,,,,1,,,1,1,,,1,,,22827
,,,,,,1,1,,,,1,1,,1,,,22828
,,,,,,1,1,,,,1,1,,1,,,22829
,,,,,1,,1,,,,1,1,,1,,,22830
,,,,,1,,1,,,,1,,,1,,,22831
,,,,,1,,1,1,,1,1,,,,,,22832
,,,,,,,1,,,,1,1,,1,,,22833
,,1,,,,,1,,,,1,1,,1,,,22834
,,,,,,1,1,1,,,1,,,1,,,22835
,,,,,,1,1,1,,,1,1,,1,,,22836
,,,,,,1,1,1,,,1,,,1,,,22837
,,,,,,1,1,1,,,1,,,1,,,22838
,,,,,,1,1,,,1,1,1,,1,,,22839
,,,,,,,,,,,1,,,,,,22840
,,,,,,,,,,,1,1,,1,,,22841
,,,,,,,,,,,1,,,1,,,22842
,,,,,1,,1,1,,1,1,1,,1,,,22843
,,,,,1,,1,1,,,,,,1,,,22844
,,,,,1,,,,,,1,,,1,,,22845
,,,,,,,,,,,1,,,1,,,22846
,,,,,,1,1,,,,1,,,1,,,22847
,,,,,,,1,1,,,1,1,,1,,,22848
,,,,,,,,1,,1,,,,1,,,22849
,,,,,1,,,,,,1,1,,1,,,22850
,1,,,,1,1,,,,1,1,,,1,,,22851
,1,,,,1,,,,,,1,,,1,,,22852
,,,,,1,,,,,,1,,,1,,,22853
,,,,,,1,,,,1,1,1,,1,,,22854
,,,,,,,,1,,,,,,1,,,22855
,,,,,,,,,,1,1,,,1,,,22856
,,,,,1,1,,1,,,1,,,1,,,22857
,,,,,,,1,1,,,,,,1,,,22858
,,,,,,,,,,,1,,,1,,,22859
,1,,,,1,1,1,1,,,1,1,,1,,,22860
,,,,,1,,,,,,,,,1,,,22861
,,,,,1,,,,,1,1,1,,1,,,22862
,,,,,,,,,,,,,,1,,,22863
,,,,,1,,1,,,1,1,,,1,,,22864
1,,,,,1,,1,,,,,,,1,,,22865
,,,,,,,,,,,1,,,1,,,22866
,,,,,,,,1,,,1,1,,1,,,22867
,,,,,,,1,1,,,1,,,1,,,22868
,,,,,,,,1,,,,,,1,,,22869
,,,,,,,1,1,,1,1,,,1,,,22870
,,,,,,,1,1,,,1,,,1,,,22871
,,,,,,,,1,,,1,,,1,,,22872
,,,,,,,1,1,,,1,,,1,,,22873
,,,,,,,1,1,,,1,,,1,,,22874
,,,,,1,,1,1,,,,,,1,,,22875
,,,,,1,,1,,,,1,,,1,,,22876
,,,,,,,1,1,,1,1,,,1,,,22877
,,,,,,,,,,,1,,,1,,,22878
,,,,,,1,,,,,1,,,1,,,22879
,,,,,,,,1,,,1,,,1,,,22880
,,,,,,1,,1,,,1,,,1,,,22881
,,,,,1,,1,,,,1,,,,,,22882
,,,,,1,1,,,,,1,1,,1,,,22883
,,,,,1,,,,,,,,,,,,22884
,,1,,,1,,,,,,1,,,1,,,22885
,,,,,1,,1,1,,,1,,,1,,,22886
,1,,,,1,,,,,,,,,,,,22887
,,,,,1,,1,1,,,1,,,,,,22888
,,,,,1,1,1,,,1,1,,,1,,,22889
,,,,,1,,,1,,,1,1,,1,,,22890
,,,,,,,,1,,,1,,,1,,,22891
,,,,,,1,,,,,1,,,1,,,22892
,1,,,,,1,1,1,,,1,1,,1,,,22893
,,,,,1,,1,1,,1,1,,,1,,,22894
,,,,,1,,1,1,,,1,,,1,,,22895
,1,,,,1,,,,,,1,,,1,,,22896
,,,,,1,,1,1,,,1,,,1,,,22897
,,,,,1,1,1,1,,,1,,,1,,,22898
,,,,,,,1,1,,,1,,,1,,,22899
,,,,,1,,1,,,,1,1,,1,,,22900
,,,,,,,,1,,,1,,,1,,,22901
,,,,,,1,,,,,1,,,1,,,22902
,,,,,,,,,,,1,,,1,,,22903
,,1,,,,,,1,,,1,,,1,,,22904
,,,,,,,,1,,,1,,,1,,,22905
,,,,,,,1,,,,1,,,1,,,22906
,,,,,,1,1,,,,,,,1,,,22907
,,,,,,,,,,1,1,,,1,,,22908
,,,,,1,1,1,,,,1,,,1,,,22909
,,,,,1,,1,,,1,,,,1,,,22910
,,,,,1,1,,,,,1,,,1,,,22911
,,,,,1,,1,,,,1,,,1,,,22912
,,1,,,,,,,,,1,1,,1,,,22913
,,,,,1,,,,,1,1,,,1,,,22914
,,,,,1,,,,,,,,,,,,22915
,,,,,1,,,,,,1,,,1,,,22916
,,,,,,,1,1,,1,1,,,,,,22917
,,1,,,,,,,,,1,,,1,,,22918
,,,,,,,,,,,1,,,,,,22919
,,,,,1,,,1,,,1,,,1,,,22920
,,,,,,1,,1,,,1,,,1,,,22921
,,,,,1,,,,,,1,,,1,,,22922
,,,,,,,,,,,1,,,,,,22923
,,,,,,1,,,,,,,,,,,22924
,,,,,1,,,1,,,1,,,1,,,22925
,,,,,,1,,1,,,1,,,,,,22926
,1,,,,,,,1,,,1,,,,,,22927
,,,,,,,,1,,,1,,,1,,,22928
,,,,,1,1,1,1,,1,,1,,1,,,22929
,,,,,1,,,,,,,,,,,,22930
,,,,,1,,,,,,1,,1,,,,22931
,,,,,1,,,,,,,,,1,,,22932
,,,,,1,,1,,,,,,,1,,,22933
,,,,,,,,,,,1,,,,,,22934
,,,,,1,,,,,,1,,,1,,,22935
,,,,,1,,,,,,1,,,1,,,22936
,,,,,1,1,,,,,1,,,,,,22937
,,,,,1,,,,,,1,,,1,,,22938
,,,,,1,1,,,,,1,,,1,,,22939
,,,,,,,,,,,,1,,,,,22940
,,,,,1,,1,1,,,1,,,,,,22941
,,,,,1,,,,,,1,,,,,,22942
,,,,,,,,,,,,,,,,,22943
,,,,,1,,,,,,1,,,1,,,22944
,,1,,,1,,,,,,1,,,1,,,22945
,,,,,1,,,1,,,1,,,,,,22946
,,,,,1,,,1,,,,,,1,,,22947
,,,,,,,,,,,1,,,,,,22948
,,1,,,,,,,,,1,,,1,,,22949
,,1,,,1,,,1,,,1,,,1,,,22950
,,,,,1,1,,,,,1,,,,,,22951
,,,,,,,1,1,,,1,,,,,,22952
,,1,,,1,,,,,,,1,,1,,,22953
,,,,,,1,,,,,1,,,,,,22954
,,,,,,,,,,,1,,,,,,22955
,,,,,,,1,1,,,1,1,,1,,,22956
,,,,,1,,1,1,,,1,,,1,,,22957
,,,,,1,,,1,,,1,,,1,,,22958
,,1,,,,,,,,1,1,1,,,,,22959
,,,,,1,1,,,,,,,,1,,,22960
,,,,,,,,1,,,1,,,1,,,22961
,,,,,1,1,,1,,1,1,1,,1,,,22962
,,,,,1,,,,,,1,,,1,,,22963
,,,,,,,,,,,1,,,1,,,22964
,,,,,,1,,,,,,,,,,,22965
,,,,,,,,,,,1,1,,1,,,22966
,,,,,1,,1,1,,,1,,,1,,,22967
,,,,,,,1,,,,,,,1,,,22968
,,,,,,,,,,,1,1,,1,,,22969
,,1,1,,1,,1,,,,1,,,1,,,22970
,,,,,1,,1,,,,1,1,,1,,,22971
,,,,,1,,1,1,,1,1,1,,1,,,22972
,,,,,,,,1,,,1,,,1,,,22973
,,,,,1,1,1,,,1,1,1,,1,,,22974
,,,,,1,1,,1,,,1,,,,,,22975
,,,,,1,1,,1,,1,1,1,,1,,,22976
,,,,,,,,,,,1,,,,,,22977
,,,,,1,1,,,,,1,,,1,,,22978
,,,,,,1,,,,,1,,,,,,22979
,,1,,,,,1,,,,1,1,,1,,,22980
,,,,,,1,,,,,,,,,,,22981
,,,,,,1,1,,,1,1,1,,,,,22982
,,,,,,1,,1,,,1,,,,,,22983
,,1,,,1,,,,,,1,,,1,,,22984
,,,,,,,,1,,,1,1,,1,,,22985
,,,,,,,,,,,,,,,,,22986
,,,,,,,,1,,,1,,,,,,22987
,,1,,,1,,,1,,,1,,,1,,,22988
,,,,,,,1,,,,1,1,,1,,,22989
,,,,,1,,,1,,,1,,,1,,,22990
,,,,,1,1,,1,,,,1,,1,,,22991
,,,,,1,,,1,,,1,,,,,,22992
,,,1,,,,1,,,,1,,,1,,,22993
,,,,,1,,,,,,1,,,1,,,22994
,,,,,,,,1,,,1,,,,,,22995
,,,,,,,,,,,,,,1,,,22996
,,,,,1,,,,,,,,,,,,22997
,,,,,,,,,,,1,,,,,,22998
,,,,,1,,,,,,1,,,1,,,22999
